timestamp,demand_mw
2025-01-01 00:00:00,3.177318047921203
2025-01-01 01:00:00,3.0633805502985676
2025-01-01 02:00:00,3.142394371227821
2025-01-01 03:00:00,3.453073120498604
2025-01-01 04:00:00,4.058247915602145
2025-01-01 05:00:00,4.958849950237738
2025-01-01 06:00:00,6.393321328489028
2025-01-01 07:00:00,7.498034976149764
2025-01-01 08:00:00,7.97140635531015
2025-01-01 09:00:00,7.456748564692709
2025-01-01 10:00:00,6.532346751072698
2025-01-01 11:00:00,4.986405594277886
2025-01-01 12:00:00,3.974273190785651
2025-01-01 13:00:00,3.9526154360334473
2025-01-01 14:00:00,4.0387855136789
2025-01-01 15:00:00,4.834614342260561
2025-01-01 16:00:00,6.119565522084082
2025-01-01 17:00:00,7.013507886829736
2025-01-01 18:00:00,8.072259215998539
2025-01-01 19:00:00,8.400633695344379
2025-01-01 20:00:00,8.147867473977096
2025-01-01 21:00:00,7.308292291117961
2025-01-01 22:00:00,6.019430322346605
2025-01-01 23:00:00,4.820555141224919
2025-01-02 00:00:00,2.979769648050919
2025-01-02 01:00:00,2.947237963054174
2025-01-02 02:00:00,3.178224223275597
2025-01-02 03:00:00,3.385209135688055
2025-01-02 04:00:00,4.002102214629556
2025-01-02 05:00:00,4.995593192810962
2025-01-02 06:00:00,6.20560034707587
2025-01-02 07:00:00,7.436556433622776
2025-01-02 08:00:00,7.825657950533012
2025-01-02 09:00:00,7.4061665022495
2025-01-02 10:00:00,6.114970485055809
2025-01-02 11:00:00,4.957480652055317
2025-01-02 12:00:00,4.13023552639524
2025-01-02 13:00:00,3.8680214584230552
2025-01-02 14:00:00,4.018479320055682
2025-01-02 15:00:00,4.843728836624097
2025-01-02 16:00:00,5.894240036062259
2025-01-02 17:00:00,7.1830467048858235
2025-01-02 18:00:00,8.363764525903424
2025-01-02 19:00:00,8.280047293668229
2025-01-02 20:00:00,8.013793712968017
2025-01-02 21:00:00,6.985473230660715
2025-01-02 22:00:00,5.643114983578974
2025-01-02 23:00:00,4.699189536417763
2025-01-03 00:00:00,3.1292736715997944
2025-01-03 01:00:00,3.0890796585038163
2025-01-03 02:00:00,3.2046389231490573
2025-01-03 03:00:00,3.510862566321503
2025-01-03 04:00:00,4.093075280203349
2025-01-03 05:00:00,4.9463320188967685
2025-01-03 06:00:00,6.390536343844958
2025-01-03 07:00:00,7.378539812091254
2025-01-03 08:00:00,7.701072100220422
2025-01-03 09:00:00,7.280674592787002
2025-01-03 10:00:00,6.0514079928576185
2025-01-03 11:00:00,4.91351383240879
2025-01-03 12:00:00,4.1067658866039745
2025-01-03 13:00:00,3.8877281275695372
2025-01-03 14:00:00,4.21252093486781
2025-01-03 15:00:00,4.686555269034984
2025-01-03 16:00:00,6.004731266323384
2025-01-03 17:00:00,7.0884170134586295
2025-01-03 18:00:00,8.350478209671044
2025-01-03 19:00:00,8.647897433213954
2025-01-03 20:00:00,7.968893968306885
2025-01-03 21:00:00,7.372343887587426
2025-01-03 22:00:00,5.879515041060254
2025-01-03 23:00:00,4.738535185301828
2025-01-04 00:00:00,2.640230634522773
2025-01-04 01:00:00,2.6831331249932693
2025-01-04 02:00:00,2.8171982783637195
2025-01-04 03:00:00,2.9954344286056713
2025-01-04 04:00:00,3.512089211409271
2025-01-04 05:00:00,4.365847923147147
2025-01-04 06:00:00,5.588701189388698
2025-01-04 07:00:00,6.400817017923737
2025-01-04 08:00:00,6.6514657004982425
2025-01-04 09:00:00,6.585515730528613
2025-01-04 10:00:00,5.420928772401322
2025-01-04 11:00:00,4.475100131100501
2025-01-04 12:00:00,3.6474571982476256
2025-01-04 13:00:00,3.3395126830729045
2025-01-04 14:00:00,3.5885426852333966
2025-01-04 15:00:00,4.382323163921403
2025-01-04 16:00:00,5.43028662303181
2025-01-04 17:00:00,6.343617772030721
2025-01-04 18:00:00,7.261877395399619
2025-01-04 19:00:00,7.75089143686887
2025-01-04 20:00:00,7.116124495664741
2025-01-04 21:00:00,6.376053657902476
2025-01-04 22:00:00,5.205421902759387
2025-01-04 23:00:00,4.217708903049235
2025-01-05 00:00:00,2.620859150922753
2025-01-05 01:00:00,2.600402048465764
2025-01-05 02:00:00,2.6450615717008548
2025-01-05 03:00:00,2.904022002360431
2025-01-05 04:00:00,3.415281822258464
2025-01-05 05:00:00,4.25687565823094
2025-01-05 06:00:00,5.587354324100921
2025-01-05 07:00:00,6.507792166274969
2025-01-05 08:00:00,6.640628101595118
2025-01-05 09:00:00,6.414104633885769
2025-01-05 10:00:00,5.347133482774886
2025-01-05 11:00:00,4.299912646918604
2025-01-05 12:00:00,3.5891239245483972
2025-01-05 13:00:00,3.3487092499874342
2025-01-05 14:00:00,3.4966420607304434
2025-01-05 15:00:00,4.255324947894713
2025-01-05 16:00:00,5.032942504721645
2025-01-05 17:00:00,6.258908779865479
2025-01-05 18:00:00,7.52254939538621
2025-01-05 19:00:00,7.529130963420075
2025-01-05 20:00:00,7.355871305701095
2025-01-05 21:00:00,6.268614003789804
2025-01-05 22:00:00,5.204810297420867
2025-01-05 23:00:00,4.135936267092883
2025-01-06 00:00:00,3.033350107684117
2025-01-06 01:00:00,3.0193237830071187
2025-01-06 02:00:00,3.1784027582074863
2025-01-06 03:00:00,3.3343975475436367
2025-01-06 04:00:00,3.9887238465546138
2025-01-06 05:00:00,4.996120430462077
2025-01-06 06:00:00,6.1877311821570675
2025-01-06 07:00:00,7.229368298075895
2025-01-06 08:00:00,7.802512944947707
2025-01-06 09:00:00,7.229344165438689
2025-01-06 10:00:00,6.27168562103935
2025-01-06 11:00:00,4.757650942257411
2025-01-06 12:00:00,4.056194862125123
2025-01-06 13:00:00,3.62700995686807
2025-01-06 14:00:00,3.9001913641535397
2025-01-06 15:00:00,4.888085660093639
2025-01-06 16:00:00,5.987208836020821
2025-01-06 17:00:00,7.043861615971131
2025-01-06 18:00:00,7.920996235394202
2025-01-06 19:00:00,8.052467566431698
2025-01-06 20:00:00,8.077479175683594
2025-01-06 21:00:00,7.491516602640277
2025-01-06 22:00:00,5.92669272203382
2025-01-06 23:00:00,4.6756448979413925
2025-01-07 00:00:00,3.081781864728029
2025-01-07 01:00:00,2.980813308606507
2025-01-07 02:00:00,3.1424824856518954
2025-01-07 03:00:00,3.40970147832134
2025-01-07 04:00:00,3.9420136876095766
2025-01-07 05:00:00,4.983080343012745
2025-01-07 06:00:00,6.204665918063485
2025-01-07 07:00:00,7.391559793695026
2025-01-07 08:00:00,7.650049627386673
2025-01-07 09:00:00,7.428363914976317
2025-01-07 10:00:00,6.377231913978806
2025-01-07 11:00:00,4.858082641839956
2025-01-07 12:00:00,4.023830855192131
2025-01-07 13:00:00,3.8906334098041504
2025-01-07 14:00:00,4.0177276913290125
2025-01-07 15:00:00,4.907409105723678
2025-01-07 16:00:00,5.848338603455456
2025-01-07 17:00:00,7.378009763725398
2025-01-07 18:00:00,8.21385034165336
2025-01-07 19:00:00,8.631502242824062
2025-01-07 20:00:00,8.448523166738937
2025-01-07 21:00:00,7.116415504112584
2025-01-07 22:00:00,5.783286614795757
2025-01-07 23:00:00,4.701010995958156
2025-01-08 00:00:00,3.081140533362255
2025-01-08 01:00:00,2.980650467075179
2025-01-08 02:00:00,3.2017278475652136
2025-01-08 03:00:00,3.3664128855415396
2025-01-08 04:00:00,4.039643248273602
2025-01-08 05:00:00,4.670801591848466
2025-01-08 06:00:00,6.065520964157645
2025-01-08 07:00:00,7.048352945346636
2025-01-08 08:00:00,7.629002246422694
2025-01-08 09:00:00,7.3338030094415565
2025-01-08 10:00:00,6.154160395281
2025-01-08 11:00:00,4.929322665643995
2025-01-08 12:00:00,4.083700277274851
2025-01-08 13:00:00,3.8049806903150696
2025-01-08 14:00:00,3.9519861188136827
2025-01-08 15:00:00,4.841086090917182
2025-01-08 16:00:00,5.979030795341305
2025-01-08 17:00:00,7.2249054265888715
2025-01-08 18:00:00,8.283861228032102
2025-01-08 19:00:00,8.63844521586756
2025-01-08 20:00:00,8.525966876834252
2025-01-08 21:00:00,7.156112953863636
2025-01-08 22:00:00,5.858290622263284
2025-01-08 23:00:00,4.672286540860291
2025-01-09 00:00:00,2.9960569785688347
2025-01-09 01:00:00,3.0060223453438293
2025-01-09 02:00:00,3.1110197088891685
2025-01-09 03:00:00,3.404614260437445
2025-01-09 04:00:00,3.982811243715192
2025-01-09 05:00:00,4.919895513883205
2025-01-09 06:00:00,6.0794381238791475
2025-01-09 07:00:00,7.439572827789411
2025-01-09 08:00:00,7.886593459991251
2025-01-09 09:00:00,7.287930657621501
2025-01-09 10:00:00,6.107023982527591
2025-01-09 11:00:00,5.018120516455093
2025-01-09 12:00:00,4.119819320116695
2025-01-09 13:00:00,3.686677942048986
2025-01-09 14:00:00,4.035375127580985
2025-01-09 15:00:00,4.807574667018828
2025-01-09 16:00:00,5.805461222620037
2025-01-09 17:00:00,7.210347622222687
2025-01-09 18:00:00,7.9691390891040275
2025-01-09 19:00:00,8.833481693298578
2025-01-09 20:00:00,8.412668072516398
2025-01-09 21:00:00,7.145707384960932
2025-01-09 22:00:00,5.9484212949925945
2025-01-09 23:00:00,4.523561979861503
2025-01-10 00:00:00,2.978092703554946
2025-01-10 01:00:00,3.0540007223717844
2025-01-10 02:00:00,3.0886487747056957
2025-01-10 03:00:00,3.4461452399795514
2025-01-10 04:00:00,4.10011980634003
2025-01-10 05:00:00,4.782553384999847
2025-01-10 06:00:00,6.049487090693938
2025-01-10 07:00:00,7.316931258506151
2025-01-10 08:00:00,7.994242522928217
2025-01-10 09:00:00,7.107777755032984
2025-01-10 10:00:00,6.197063086704614
2025-01-10 11:00:00,5.126627672631287
2025-01-10 12:00:00,3.9550250242142684
2025-01-10 13:00:00,3.6865235492725463
2025-01-10 14:00:00,3.9927283020072215
2025-01-10 15:00:00,4.7162904034607465
2025-01-10 16:00:00,5.987065577237972
2025-01-10 17:00:00,7.192740466854437
2025-01-10 18:00:00,7.889108716817906
2025-01-10 19:00:00,8.662081148513895
2025-01-10 20:00:00,8.084844557320844
2025-01-10 21:00:00,7.339477699364654
2025-01-10 22:00:00,5.811130224853558
2025-01-10 23:00:00,4.675834256376658
2025-01-11 00:00:00,2.701164121305982
2025-01-11 01:00:00,2.7338895775502015
2025-01-11 02:00:00,2.791470103533351
2025-01-11 03:00:00,2.8777619098231018
2025-01-11 04:00:00,3.493092286485985
2025-01-11 05:00:00,4.204358720319616
2025-01-11 06:00:00,5.41837420434669
2025-01-11 07:00:00,6.201814127761971
2025-01-11 08:00:00,6.849194619603239
2025-01-11 09:00:00,6.283418154970718
2025-01-11 10:00:00,5.266449269259377
2025-01-11 11:00:00,4.397701414826304
2025-01-11 12:00:00,3.602536046140484
2025-01-11 13:00:00,3.2756632612651604
2025-01-11 14:00:00,3.632169342859926
2025-01-11 15:00:00,4.140735814227239
2025-01-11 16:00:00,5.167343291112834
2025-01-11 17:00:00,6.30820560907134
2025-01-11 18:00:00,7.080848727970365
2025-01-11 19:00:00,7.586079235253033
2025-01-11 20:00:00,7.093079657586374
2025-01-11 21:00:00,6.221854605395446
2025-01-11 22:00:00,5.299068694669774
2025-01-11 23:00:00,4.065053992229401
2025-01-12 00:00:00,2.5577980703337886
2025-01-12 01:00:00,2.795412963250579
2025-01-12 02:00:00,2.924322402874617
2025-01-12 03:00:00,2.970870319123071
2025-01-12 04:00:00,3.3409806799698756
2025-01-12 05:00:00,4.290842237970185
2025-01-12 06:00:00,5.392707621871741
2025-01-12 07:00:00,6.395606578723773
2025-01-12 08:00:00,6.675285587536031
2025-01-12 09:00:00,6.497317397280459
2025-01-12 10:00:00,5.49295589945556
2025-01-12 11:00:00,4.230202493860799
2025-01-12 12:00:00,3.6560782313018194
2025-01-12 13:00:00,3.472228064008807
2025-01-12 14:00:00,3.5620641940565254
2025-01-12 15:00:00,4.173034374536183
2025-01-12 16:00:00,5.178729825014768
2025-01-12 17:00:00,6.387893977706441
2025-01-12 18:00:00,6.961013273652991
2025-01-12 19:00:00,7.582977139346034
2025-01-12 20:00:00,7.154154490277235
2025-01-12 21:00:00,6.542452130037735
2025-01-12 22:00:00,5.1698342597807105
2025-01-12 23:00:00,4.314403174862112
2025-01-13 00:00:00,3.0223766736182163
2025-01-13 01:00:00,3.1509565173933054
2025-01-13 02:00:00,3.220257278588298
2025-01-13 03:00:00,3.3845456291559177
2025-01-13 04:00:00,4.01113034748513
2025-01-13 05:00:00,5.085702437283399
2025-01-13 06:00:00,6.196915623803302
2025-01-13 07:00:00,7.133143440834214
2025-01-13 08:00:00,7.848639265446719
2025-01-13 09:00:00,7.252973892034783
2025-01-13 10:00:00,6.208508728901362
2025-01-13 11:00:00,5.006418129630626
2025-01-13 12:00:00,4.005048097017626
2025-01-13 13:00:00,3.7116496201027482
2025-01-13 14:00:00,4.121685289672957
2025-01-13 15:00:00,4.781065704694277
2025-01-13 16:00:00,5.666132210437725
2025-01-13 17:00:00,7.370677464917917
2025-01-13 18:00:00,8.337341533689022
2025-01-13 19:00:00,8.567732723051114
2025-01-13 20:00:00,8.073633400908934
2025-01-13 21:00:00,7.376948812703574
2025-01-13 22:00:00,6.007765947128402
2025-01-13 23:00:00,5.0301868720997085
2025-01-14 00:00:00,3.137462172346768
2025-01-14 01:00:00,3.1595621435532566
2025-01-14 02:00:00,3.2105087263012937
2025-01-14 03:00:00,3.5241417946459337
2025-01-14 04:00:00,4.074041994608805
2025-01-14 05:00:00,5.123708056663106
2025-01-14 06:00:00,6.2136430660330015
2025-01-14 07:00:00,7.367738165876071
2025-01-14 08:00:00,7.828283057276009
2025-01-14 09:00:00,7.553395107630602
2025-01-14 10:00:00,6.481800406696278
2025-01-14 11:00:00,5.001883839737069
2025-01-14 12:00:00,4.138826443273391
2025-01-14 13:00:00,3.8855520161310295
2025-01-14 14:00:00,4.089487300294266
2025-01-14 15:00:00,4.956574712763965
2025-01-14 16:00:00,5.741742986158348
2025-01-14 17:00:00,7.184617861093498
2025-01-14 18:00:00,8.217119492283562
2025-01-14 19:00:00,8.344019638259882
2025-01-14 20:00:00,8.18671168351816
2025-01-14 21:00:00,7.170600607422245
2025-01-14 22:00:00,5.981910623615934
2025-01-14 23:00:00,4.941163348570244
2025-01-15 00:00:00,3.101129502551784
2025-01-15 01:00:00,3.0756357195261783
2025-01-15 02:00:00,3.2228558728354346
2025-01-15 03:00:00,3.546048342584895
2025-01-15 04:00:00,3.9516503617448335
2025-01-15 05:00:00,4.915565687307908
2025-01-15 06:00:00,6.359639425279575
2025-01-15 07:00:00,7.411631235536261
2025-01-15 08:00:00,8.019468211973498
2025-01-15 09:00:00,7.445918137330048
2025-01-15 10:00:00,6.391959461044224
2025-01-15 11:00:00,4.95178944503676
2025-01-15 12:00:00,4.180105133078625
2025-01-15 13:00:00,3.8513145628428203
2025-01-15 14:00:00,4.01630630720363
2025-01-15 15:00:00,4.71957165430849
2025-01-15 16:00:00,6.104949496879854
2025-01-15 17:00:00,7.265992659098591
2025-01-15 18:00:00,8.190445877117092
2025-01-15 19:00:00,8.747536892574148
2025-01-15 20:00:00,8.549877474363413
2025-01-15 21:00:00,6.982509068705452
2025-01-15 22:00:00,5.835817690600757
2025-01-15 23:00:00,4.752113559061309
2025-01-16 00:00:00,3.186264115624438
2025-01-16 01:00:00,3.1372415800922995
2025-01-16 02:00:00,3.254381158912999
2025-01-16 03:00:00,3.371524409760872
2025-01-16 04:00:00,3.914020214827079
2025-01-16 05:00:00,5.018180145756225
2025-01-16 06:00:00,6.255069019186389
2025-01-16 07:00:00,7.476545438811116
2025-01-16 08:00:00,7.835069921987834
2025-01-16 09:00:00,7.439853414733084
2025-01-16 10:00:00,6.281616005743144
2025-01-16 11:00:00,5.101161176824782
2025-01-16 12:00:00,4.220502306726869
2025-01-16 13:00:00,3.7175621484131187
2025-01-16 14:00:00,3.9053953748272154
2025-01-16 15:00:00,4.936657664221152
2025-01-16 16:00:00,6.124637312029994
2025-01-16 17:00:00,7.120584251218459
2025-01-16 18:00:00,7.997143596682281
2025-01-16 19:00:00,8.723679103809948
2025-01-16 20:00:00,8.460579105774308
2025-01-16 21:00:00,7.529146027492739
2025-01-16 22:00:00,6.037814037208064
2025-01-16 23:00:00,4.77370295216285
2025-01-17 00:00:00,3.045208619060329
2025-01-17 01:00:00,3.125162229659828
2025-01-17 02:00:00,3.1909483692690195
2025-01-17 03:00:00,3.385396545807946
2025-01-17 04:00:00,4.174176944147876
2025-01-17 05:00:00,5.159196287081366
2025-01-17 06:00:00,6.399649063001798
2025-01-17 07:00:00,7.270435769921453
2025-01-17 08:00:00,8.011477414758687
2025-01-17 09:00:00,7.5049602643241125
2025-01-17 10:00:00,6.327030065379287
2025-01-17 11:00:00,5.156550051774915
2025-01-17 12:00:00,4.212765423385068
2025-01-17 13:00:00,3.9049418374646514
2025-01-17 14:00:00,4.147694052811005
2025-01-17 15:00:00,4.880235414146715
2025-01-17 16:00:00,5.778059216867901
2025-01-17 17:00:00,7.292406245222679
2025-01-17 18:00:00,8.22644115598496
2025-01-17 19:00:00,8.49672926878682
2025-01-17 20:00:00,8.598640613415219
2025-01-17 21:00:00,7.530831542346292
2025-01-17 22:00:00,6.14807851096481
2025-01-17 23:00:00,4.841500939339547
2025-01-18 00:00:00,2.7516408205618577
2025-01-18 01:00:00,2.7005299623166654
2025-01-18 02:00:00,2.785198075107139
2025-01-18 03:00:00,2.920687425002422
2025-01-18 04:00:00,3.4924992399790256
2025-01-18 05:00:00,4.309650568177162
2025-01-18 06:00:00,5.266298948033016
2025-01-18 07:00:00,6.393809662669242
2025-01-18 08:00:00,6.795586188718528
2025-01-18 09:00:00,6.633434155848227
2025-01-18 10:00:00,5.516231896365752
2025-01-18 11:00:00,4.3481930520382095
2025-01-18 12:00:00,3.6125184294463857
2025-01-18 13:00:00,3.3280439271692406
2025-01-18 14:00:00,3.524639355883071
2025-01-18 15:00:00,4.097857385520373
2025-01-18 16:00:00,5.16195854513816
2025-01-18 17:00:00,6.1970782427868665
2025-01-18 18:00:00,7.008790835531815
2025-01-18 19:00:00,7.612059311738726
2025-01-18 20:00:00,7.244668058002797
2025-01-18 21:00:00,6.065224578415031
2025-01-18 22:00:00,5.159353159592008
2025-01-18 23:00:00,4.245253950312017
2025-01-19 00:00:00,2.7499188740369234
2025-01-19 01:00:00,2.7692624513135318
2025-01-19 02:00:00,2.7902023732833694
2025-01-19 03:00:00,2.950429272211845
2025-01-19 04:00:00,3.4071008266064235
2025-01-19 05:00:00,4.35612634218827
2025-01-19 06:00:00,5.475853506076382
2025-01-19 07:00:00,6.598487292382879
2025-01-19 08:00:00,6.991500419173038
2025-01-19 09:00:00,6.41872449711253
2025-01-19 10:00:00,5.311289928898559
2025-01-19 11:00:00,4.341386718388742
2025-01-19 12:00:00,3.628581775791985
2025-01-19 13:00:00,3.328480611888342
2025-01-19 14:00:00,3.5158607706300287
2025-01-19 15:00:00,4.231093309197897
2025-01-19 16:00:00,5.151440083957826
2025-01-19 17:00:00,6.243471650303026
2025-01-19 18:00:00,7.270056971829317
2025-01-19 19:00:00,7.512391009315991
2025-01-19 20:00:00,7.260190361207637
2025-01-19 21:00:00,6.356474741962416
2025-01-19 22:00:00,5.07984417085851
2025-01-19 23:00:00,4.1432345709023055
2025-01-20 00:00:00,3.179648409531673
2025-01-20 01:00:00,3.0421623011172163
2025-01-20 02:00:00,3.0645277418668257
2025-01-20 03:00:00,3.3163364439511764
2025-01-20 04:00:00,3.9994971151087095
2025-01-20 05:00:00,4.968636568749391
2025-01-20 06:00:00,6.222979152806564
2025-01-20 07:00:00,7.562681792052128
2025-01-20 08:00:00,7.432097386408644
2025-01-20 09:00:00,7.445185263306986
2025-01-20 10:00:00,6.446886625760218
2025-01-20 11:00:00,4.901763709959467
2025-01-20 12:00:00,4.115227419650323
2025-01-20 13:00:00,3.778042378136136
2025-01-20 14:00:00,4.00952712941123
2025-01-20 15:00:00,4.800314404096171
2025-01-20 16:00:00,6.143342144728082
2025-01-20 17:00:00,7.523853656379474
2025-01-20 18:00:00,8.236911846164496
2025-01-20 19:00:00,9.023497241584522
2025-01-20 20:00:00,8.298374727173671
2025-01-20 21:00:00,7.510560093971227
2025-01-20 22:00:00,5.955276815832533
2025-01-20 23:00:00,4.814241531971366
2025-01-21 00:00:00,3.1063601287015588
2025-01-21 01:00:00,3.305111781170957
2025-01-21 02:00:00,3.2471546398194637
2025-01-21 03:00:00,3.3882389265984436
2025-01-21 04:00:00,4.06546915221199
2025-01-21 05:00:00,4.918542970084395
2025-01-21 06:00:00,6.162659627651284
2025-01-21 07:00:00,7.500645673103035
2025-01-21 08:00:00,7.839038311362421
2025-01-21 09:00:00,7.411138746410963
2025-01-21 10:00:00,6.239336888196555
2025-01-21 11:00:00,5.037279025039542
2025-01-21 12:00:00,4.172563592915409
2025-01-21 13:00:00,3.678910566240067
2025-01-21 14:00:00,4.127671709982854
2025-01-21 15:00:00,4.726288414344295
2025-01-21 16:00:00,5.7874798795728655
2025-01-21 17:00:00,7.232385367699134
2025-01-21 18:00:00,8.28787128286153
2025-01-21 19:00:00,8.552464414885398
2025-01-21 20:00:00,8.411336825399168
2025-01-21 21:00:00,7.045399938717924
2025-01-21 22:00:00,5.904538041830868
2025-01-21 23:00:00,4.734813489216991
2025-01-22 00:00:00,3.0651928365240115
2025-01-22 01:00:00,3.1088975052210053
2025-01-22 02:00:00,3.112439492279963
2025-01-22 03:00:00,3.468812188579603
2025-01-22 04:00:00,3.9727865444193027
2025-01-22 05:00:00,4.7425539716605645
2025-01-22 06:00:00,5.949254678416772
2025-01-22 07:00:00,7.327304437083128
2025-01-22 08:00:00,7.759666889445725
2025-01-22 09:00:00,7.317226835682037
2025-01-22 10:00:00,6.202226503097055
2025-01-22 11:00:00,5.000470006827051
2025-01-22 12:00:00,4.194259230637937
2025-01-22 13:00:00,3.7229914864047418
2025-01-22 14:00:00,3.9575514935386504
2025-01-22 15:00:00,4.691445948467853
2025-01-22 16:00:00,5.963173197345145
2025-01-22 17:00:00,7.38318959142883
2025-01-22 18:00:00,8.16065660595686
2025-01-22 19:00:00,8.196698993072218
2025-01-22 20:00:00,7.950987852676345
2025-01-22 21:00:00,7.082720611145461
2025-01-22 22:00:00,5.856487598847793
2025-01-22 23:00:00,4.727428344578696
2025-01-23 00:00:00,3.0914020236374085
2025-01-23 01:00:00,3.093374783386641
2025-01-23 02:00:00,3.2652977557980107
2025-01-23 03:00:00,3.3961031403912925
2025-01-23 04:00:00,3.9260051761956296
2025-01-23 05:00:00,5.010280365584995
2025-01-23 06:00:00,6.042646024714136
2025-01-23 07:00:00,7.43670942358929
2025-01-23 08:00:00,7.863472005620179
2025-01-23 09:00:00,7.360732677448312
2025-01-23 10:00:00,6.446583563472635
2025-01-23 11:00:00,4.949662346379902
2025-01-23 12:00:00,4.31514733907541
2025-01-23 13:00:00,3.8163411254322477
2025-01-23 14:00:00,3.976025147798552
2025-01-23 15:00:00,4.835855613643349
2025-01-23 16:00:00,5.8409405570819075
2025-01-23 17:00:00,7.144002250735719
2025-01-23 18:00:00,8.35373614647127
2025-01-23 19:00:00,8.783910390195953
2025-01-23 20:00:00,8.184643086530361
2025-01-23 21:00:00,7.395158690075065
2025-01-23 22:00:00,6.101070695620448
2025-01-23 23:00:00,4.936786349832943
2025-01-24 00:00:00,3.1132296462904705
2025-01-24 01:00:00,3.188961050731481
2025-01-24 02:00:00,3.06949884735177
2025-01-24 03:00:00,3.4114500954236653
2025-01-24 04:00:00,3.9149465630156683
2025-01-24 05:00:00,4.961044373401871
2025-01-24 06:00:00,6.146090751277155
2025-01-24 07:00:00,7.334658264263237
2025-01-24 08:00:00,8.120617618618454
2025-01-24 09:00:00,7.337419206197118
2025-01-24 10:00:00,6.282671744786142
2025-01-24 11:00:00,4.975172476223713
2025-01-24 12:00:00,4.139353556995619
2025-01-24 13:00:00,3.8236518755689453
2025-01-24 14:00:00,4.105616610619692
2025-01-24 15:00:00,4.928201095487002
2025-01-24 16:00:00,6.149330272300434
2025-01-24 17:00:00,7.278104210915908
2025-01-24 18:00:00,8.362824294402497
2025-01-24 19:00:00,8.464319811380879
2025-01-24 20:00:00,8.250688118454073
2025-01-24 21:00:00,7.368216808061005
2025-01-24 22:00:00,6.049791372514145
2025-01-24 23:00:00,4.80612588821819
2025-01-25 00:00:00,2.7160959568886125
2025-01-25 01:00:00,2.715711965814573
2025-01-25 02:00:00,2.829424782103787
2025-01-25 03:00:00,2.9915190230019864
2025-01-25 04:00:00,3.4268771917697407
2025-01-25 05:00:00,4.316409312812328
2025-01-25 06:00:00,5.070331303875687
2025-01-25 07:00:00,6.4241412684844335
2025-01-25 08:00:00,6.285097655282739
2025-01-25 09:00:00,6.158325515289654
2025-01-25 10:00:00,5.446881523380511
2025-01-25 11:00:00,4.371544718163081
2025-01-25 12:00:00,3.497324806196885
2025-01-25 13:00:00,3.264922768991237
2025-01-25 14:00:00,3.621782118731719
2025-01-25 15:00:00,4.131755885093335
2025-01-25 16:00:00,5.388692277667714
2025-01-25 17:00:00,6.26609669885918
2025-01-25 18:00:00,7.218857903418534
2025-01-25 19:00:00,7.748246291268133
2025-01-25 20:00:00,7.179054673355404
2025-01-25 21:00:00,6.1397802099627565
2025-01-25 22:00:00,5.14050147195292
2025-01-25 23:00:00,4.14312573196195
2025-01-26 00:00:00,2.586983000534904
2025-01-26 01:00:00,2.66632340957995
2025-01-26 02:00:00,2.712686397409001
2025-01-26 03:00:00,3.0188403248920173
2025-01-26 04:00:00,3.441902665970488
2025-01-26 05:00:00,4.2486494846128045
2025-01-26 06:00:00,5.356033408146773
2025-01-26 07:00:00,6.381674732428189
2025-01-26 08:00:00,6.839764393749511
2025-01-26 09:00:00,6.229082464067191
2025-01-26 10:00:00,5.267417888678401
2025-01-26 11:00:00,4.410587238683591
2025-01-26 12:00:00,3.5387873610117064
2025-01-26 13:00:00,3.2071352193932023
2025-01-26 14:00:00,3.5441737120952777
2025-01-26 15:00:00,4.196280656755161
2025-01-26 16:00:00,4.982203515954076
2025-01-26 17:00:00,6.273376833794082
2025-01-26 18:00:00,7.240695523695048
2025-01-26 19:00:00,7.535644436414601
2025-01-26 20:00:00,7.2257760357826175
2025-01-26 21:00:00,6.068404940750592
2025-01-26 22:00:00,5.168022927218329
2025-01-26 23:00:00,4.106765834075995
2025-01-27 00:00:00,3.0336884358070546
2025-01-27 01:00:00,3.140578106483881
2025-01-27 02:00:00,3.2653473777002713
2025-01-27 03:00:00,3.536466922139416
2025-01-27 04:00:00,4.0657738621313655
2025-01-27 05:00:00,4.910576543025921
2025-01-27 06:00:00,6.225753739493433
2025-01-27 07:00:00,7.429907491107706
2025-01-27 08:00:00,7.800816586033949
2025-01-27 09:00:00,7.340104411114169
2025-01-27 10:00:00,6.298101335336336
2025-01-27 11:00:00,4.9643568175762836
2025-01-27 12:00:00,4.049879820862259
2025-01-27 13:00:00,3.770152575654684
2025-01-27 14:00:00,4.097519480137124
2025-01-27 15:00:00,4.789131309830523
2025-01-27 16:00:00,5.959946188917236
2025-01-27 17:00:00,7.2889794406330735
2025-01-27 18:00:00,8.157216698973517
2025-01-27 19:00:00,8.745257546060598
2025-01-27 20:00:00,8.280951123882051
2025-01-27 21:00:00,7.013887422197861
2025-01-27 22:00:00,6.083890755360584
2025-01-27 23:00:00,4.71126542269264
2025-01-28 00:00:00,2.9630628870938924
2025-01-28 01:00:00,3.0235359383965283
2025-01-28 02:00:00,3.108005906489952
2025-01-28 03:00:00,3.4188916289687605
2025-01-28 04:00:00,3.9414924028781884
2025-01-28 05:00:00,4.890197925971834
2025-01-28 06:00:00,6.261291670441758
2025-01-28 07:00:00,7.3703974453384635
2025-01-28 08:00:00,7.834308502696239
2025-01-28 09:00:00,7.38394549735271
2025-01-28 10:00:00,6.274906202375565
2025-01-28 11:00:00,4.7626312803808135
2025-01-28 12:00:00,4.081516718254418
2025-01-28 13:00:00,3.6373660389330826
2025-01-28 14:00:00,4.050773988224175
2025-01-28 15:00:00,4.790334638712621
2025-01-28 16:00:00,6.045892248486445
2025-01-28 17:00:00,7.366404302604459
2025-01-28 18:00:00,8.25549591404309
2025-01-28 19:00:00,8.532189113371981
2025-01-28 20:00:00,8.30177831701757
2025-01-28 21:00:00,7.1184336073627605
2025-01-28 22:00:00,5.915537976385997
2025-01-28 23:00:00,4.854744297842327
2025-01-29 00:00:00,3.0311393083792635
2025-01-29 01:00:00,3.138689986327441
2025-01-29 02:00:00,3.2166540565171324
2025-01-29 03:00:00,3.351017335068165
2025-01-29 04:00:00,4.041488730708691
2025-01-29 05:00:00,4.9935038926356095
2025-01-29 06:00:00,6.1989262352138175
2025-01-29 07:00:00,7.210975495156263
2025-01-29 08:00:00,7.6533929852116485
2025-01-29 09:00:00,7.247122388243763
2025-01-29 10:00:00,6.267487693902027
2025-01-29 11:00:00,4.878546660126441
2025-01-29 12:00:00,4.148585002120934
2025-01-29 13:00:00,3.709753909529056
2025-01-29 14:00:00,4.03242655132098
2025-01-29 15:00:00,4.802585871881373
2025-01-29 16:00:00,6.213345883779163
2025-01-29 17:00:00,6.999179322744728
2025-01-29 18:00:00,8.466507668383645
2025-01-29 19:00:00,8.646606830280499
2025-01-29 20:00:00,8.29185838688815
2025-01-29 21:00:00,7.213378008769178
2025-01-29 22:00:00,5.969937858090605
2025-01-29 23:00:00,4.747500414204791
2025-01-30 00:00:00,3.154374555506073
2025-01-30 01:00:00,3.0606166694579793
2025-01-30 02:00:00,3.2454179129710434
2025-01-30 03:00:00,3.3721171551907334
2025-01-30 04:00:00,3.9593668692680093
2025-01-30 05:00:00,4.818960290975264
2025-01-30 06:00:00,6.242410152353594
2025-01-30 07:00:00,7.534016047124312
2025-01-30 08:00:00,7.774908001958041
2025-01-30 09:00:00,7.296814373250775
2025-01-30 10:00:00,6.061789040019551
2025-01-30 11:00:00,4.950635029181184
2025-01-30 12:00:00,3.981458440917577
2025-01-30 13:00:00,3.734654649639144
2025-01-30 14:00:00,4.067184107762576
2025-01-30 15:00:00,4.918332926307041
2025-01-30 16:00:00,6.256275689799899
2025-01-30 17:00:00,7.112772118975306
2025-01-30 18:00:00,8.46019270509179
2025-01-30 19:00:00,8.662515878605511
2025-01-30 20:00:00,8.19908168062129
2025-01-30 21:00:00,7.258369830731996
2025-01-30 22:00:00,5.924440534936017
2025-01-30 23:00:00,4.7724965626474045
2025-01-31 00:00:00,3.069868560947768
2025-01-31 01:00:00,3.0317441190230823
2025-01-31 02:00:00,3.105590263378084
2025-01-31 03:00:00,3.4945445512013484
2025-01-31 04:00:00,3.9806749904427052
2025-01-31 05:00:00,4.91331109821811
2025-01-31 06:00:00,6.2475414021021445
2025-01-31 07:00:00,7.511385851449325
2025-01-31 08:00:00,7.891305725689315
2025-01-31 09:00:00,7.3000871694762255
2025-01-31 10:00:00,6.4140465116784675
2025-01-31 11:00:00,5.1805868349323
2025-01-31 12:00:00,4.193668683308677
2025-01-31 13:00:00,3.916030863770603
2025-01-31 14:00:00,4.189879725092421
2025-01-31 15:00:00,4.9480450264117835
2025-01-31 16:00:00,6.054734337348606
2025-01-31 17:00:00,7.35440828014057
2025-01-31 18:00:00,8.390672711268497
2025-01-31 19:00:00,8.51357291463675
2025-01-31 20:00:00,8.42058868394599
2025-01-31 21:00:00,7.069294969557577
2025-01-31 22:00:00,5.879901151448198
2025-01-31 23:00:00,4.933813367677538
2025-02-01 00:00:00,2.7183313260592135
2025-02-01 01:00:00,2.774113472681903
2025-02-01 02:00:00,2.7528399675838746
2025-02-01 03:00:00,2.910796045512812
2025-02-01 04:00:00,3.4407825338488705
2025-02-01 05:00:00,4.303800757661637
2025-02-01 06:00:00,5.403867701624122
2025-02-01 07:00:00,6.53116463715496
2025-02-01 08:00:00,6.742479150468596
2025-02-01 09:00:00,6.434207940206201
2025-02-01 10:00:00,5.300537795678666
2025-02-01 11:00:00,4.376755351854478
2025-02-01 12:00:00,3.5869923377175486
2025-02-01 13:00:00,3.2680751223689746
2025-02-01 14:00:00,3.51460470153211
2025-02-01 15:00:00,4.163976013770576
2025-02-01 16:00:00,5.138360577921637
2025-02-01 17:00:00,6.499571338731273
2025-02-01 18:00:00,7.158702581948748
2025-02-01 19:00:00,7.481860636833892
2025-02-01 20:00:00,6.871804830216944
2025-02-01 21:00:00,6.16398793611578
2025-02-01 22:00:00,5.133577120482876
2025-02-01 23:00:00,4.096289029263289
2025-02-02 00:00:00,2.72756848847169
2025-02-02 01:00:00,2.665817674946536
2025-02-02 02:00:00,2.8188295651580804
2025-02-02 03:00:00,2.96172682559216
2025-02-02 04:00:00,3.4351529100568645
2025-02-02 05:00:00,4.256641060465543
2025-02-02 06:00:00,5.3570327129057045
2025-02-02 07:00:00,6.558494213151616
2025-02-02 08:00:00,6.429999075090885
2025-02-02 09:00:00,6.089441809129382
2025-02-02 10:00:00,5.3103298821679
2025-02-02 11:00:00,4.307811655407717
2025-02-02 12:00:00,3.6101794900193247
2025-02-02 13:00:00,3.3251878362450227
2025-02-02 14:00:00,3.478976340177501
2025-02-02 15:00:00,4.233946599565187
2025-02-02 16:00:00,5.234881650451815
2025-02-02 17:00:00,6.255085310479654
2025-02-02 18:00:00,7.258459870909155
2025-02-02 19:00:00,7.505284333629238
2025-02-02 20:00:00,7.041250425832922
2025-02-02 21:00:00,6.31815791219416
2025-02-02 22:00:00,5.135030480786919
2025-02-02 23:00:00,4.123565237401169
2025-02-03 00:00:00,3.1145096477062255
2025-02-03 01:00:00,2.8992218833641603
2025-02-03 02:00:00,3.0434835967383798
2025-02-03 03:00:00,3.291680682363596
2025-02-03 04:00:00,3.884181700554132
2025-02-03 05:00:00,4.835766292318737
2025-02-03 06:00:00,5.921625222869169
2025-02-03 07:00:00,7.084787177992747
2025-02-03 08:00:00,7.553396654846398
2025-02-03 09:00:00,7.585787176315766
2025-02-03 10:00:00,6.339909462635253
2025-02-03 11:00:00,4.8683610673709445
2025-02-03 12:00:00,4.02948451134964
2025-02-03 13:00:00,3.668355519590547
2025-02-03 14:00:00,3.8436780154826216
2025-02-03 15:00:00,4.718567042396764
2025-02-03 16:00:00,5.729783524329618
2025-02-03 17:00:00,7.0915847644002135
2025-02-03 18:00:00,7.857409499385408
2025-02-03 19:00:00,8.378755194551877
2025-02-03 20:00:00,8.141170758943211
2025-02-03 21:00:00,7.154576747797601
2025-02-03 22:00:00,5.888949565016892
2025-02-03 23:00:00,4.575946045391846
2025-02-04 00:00:00,3.080095424200076
2025-02-04 01:00:00,3.0027884584897655
2025-02-04 02:00:00,3.175029751781897
2025-02-04 03:00:00,3.3742947728228465
2025-02-04 04:00:00,3.8086066391394238
2025-02-04 05:00:00,4.834481226102271
2025-02-04 06:00:00,6.156294143200246
2025-02-04 07:00:00,7.322908214067581
2025-02-04 08:00:00,7.671509953656048
2025-02-04 09:00:00,7.45918594347514
2025-02-04 10:00:00,6.248782769535733
2025-02-04 11:00:00,4.888342115624438
2025-02-04 12:00:00,4.123906055567668
2025-02-04 13:00:00,3.90366396905038
2025-02-04 14:00:00,4.15691493325796
2025-02-04 15:00:00,4.617954973780537
2025-02-04 16:00:00,5.743709184247657
2025-02-04 17:00:00,7.321727476029832
2025-02-04 18:00:00,7.953122964781547
2025-02-04 19:00:00,8.291428810852638
2025-02-04 20:00:00,8.045938916050336
2025-02-04 21:00:00,7.1692228095772
2025-02-04 22:00:00,5.833901078406174
2025-02-04 23:00:00,4.643436281229294
2025-02-05 00:00:00,2.997690930400839
2025-02-05 01:00:00,3.0184178389665632
2025-02-05 02:00:00,3.0907058977818864
2025-02-05 03:00:00,3.5410674842089405
2025-02-05 04:00:00,3.953165737208288
2025-02-05 05:00:00,4.968433417802895
2025-02-05 06:00:00,6.072507151796649
2025-02-05 07:00:00,7.231913633819116
2025-02-05 08:00:00,7.609293150993786
2025-02-05 09:00:00,6.877019284921727
2025-02-05 10:00:00,5.9768679757320164
2025-02-05 11:00:00,4.751793716449884
2025-02-05 12:00:00,3.893378677280768
2025-02-05 13:00:00,3.680977234558041
2025-02-05 14:00:00,4.1200848180580705
2025-02-05 15:00:00,4.7461627041707555
2025-02-05 16:00:00,6.023692640888861
2025-02-05 17:00:00,7.193468059784621
2025-02-05 18:00:00,8.280426146245398
2025-02-05 19:00:00,8.39179111677689
2025-02-05 20:00:00,8.238105619803202
2025-02-05 21:00:00,7.2377031680248685
2025-02-05 22:00:00,5.798173507775513
2025-02-05 23:00:00,4.7735342162109
2025-02-06 00:00:00,3.0578522490883207
2025-02-06 01:00:00,3.0133863476143534
2025-02-06 02:00:00,3.0601664157254413
2025-02-06 03:00:00,3.289952040754419
2025-02-06 04:00:00,3.917082500079265
2025-02-06 05:00:00,4.889441659812603
2025-02-06 06:00:00,6.005394581190292
2025-02-06 07:00:00,7.226795332198043
2025-02-06 08:00:00,7.768869687144327
2025-02-06 09:00:00,7.315533509633185
2025-02-06 10:00:00,6.305635950858888
2025-02-06 11:00:00,5.031206382330015
2025-02-06 12:00:00,3.9753868378858987
2025-02-06 13:00:00,3.878806437566928
2025-02-06 14:00:00,3.9514306981002703
2025-02-06 15:00:00,4.825633573831626
2025-02-06 16:00:00,5.850984087029201
2025-02-06 17:00:00,7.040960364595144
2025-02-06 18:00:00,7.819144659422521
2025-02-06 19:00:00,8.47426062837631
2025-02-06 20:00:00,7.859287448717392
2025-02-06 21:00:00,7.2357239892952805
2025-02-06 22:00:00,6.013831827370566
2025-02-06 23:00:00,4.622455616629998
2025-02-07 00:00:00,3.01447921713206
2025-02-07 01:00:00,2.975629002996981
2025-02-07 02:00:00,3.0632744694069376
2025-02-07 03:00:00,3.391135459910328
2025-02-07 04:00:00,3.8721139698762586
2025-02-07 05:00:00,4.981413808030752
2025-02-07 06:00:00,5.988837658769335
2025-02-07 07:00:00,7.300967734940727
2025-02-07 08:00:00,7.6268742162927525
2025-02-07 09:00:00,7.275084002660818
2025-02-07 10:00:00,6.006534348497416
2025-02-07 11:00:00,4.856909646059911
2025-02-07 12:00:00,4.010803679214879
2025-02-07 13:00:00,3.656479829132099
2025-02-07 14:00:00,4.010283459212716
2025-02-07 15:00:00,4.745203146663337
2025-02-07 16:00:00,5.859155077936796
2025-02-07 17:00:00,7.2518108839114594
2025-02-07 18:00:00,8.27241710551812
2025-02-07 19:00:00,8.36366402744216
2025-02-07 20:00:00,8.099212355145841
2025-02-07 21:00:00,6.946736045739154
2025-02-07 22:00:00,5.786904170379196
2025-02-07 23:00:00,4.599181429643239
2025-02-08 00:00:00,2.6695364755431545
2025-02-08 01:00:00,2.6246003778732683
2025-02-08 02:00:00,2.6654559830656455
2025-02-08 03:00:00,2.9505659762983685
2025-02-08 04:00:00,3.19887862650628
2025-02-08 05:00:00,3.986876152716743
2025-02-08 06:00:00,5.301510098213859
2025-02-08 07:00:00,6.184445798833886
2025-02-08 08:00:00,6.601781977569046
2025-02-08 09:00:00,6.015806700235315
2025-02-08 10:00:00,5.227734464809455
2025-02-08 11:00:00,4.363583816614727
2025-02-08 12:00:00,3.5263571304312396
2025-02-08 13:00:00,3.219941719089204
2025-02-08 14:00:00,3.385490531080053
2025-02-08 15:00:00,4.010443408620396
2025-02-08 16:00:00,4.784102514518204
2025-02-08 17:00:00,6.102667290039896
2025-02-08 18:00:00,7.0549660376875725
2025-02-08 19:00:00,7.0428692138580935
2025-02-08 20:00:00,6.84575205928864
2025-02-08 21:00:00,5.92992982882829
2025-02-08 22:00:00,4.895155755657266
2025-02-08 23:00:00,4.021385020102347
2025-02-09 00:00:00,2.481513140062517
2025-02-09 01:00:00,2.6414412538691496
2025-02-09 02:00:00,2.721390499591623
2025-02-09 03:00:00,2.8714110157924786
2025-02-09 04:00:00,3.182697231788267
2025-02-09 05:00:00,4.077268814931029
2025-02-09 06:00:00,5.354794569109464
2025-02-09 07:00:00,5.842150064805445
2025-02-09 08:00:00,6.532577491855942
2025-02-09 09:00:00,6.042553971222531
2025-02-09 10:00:00,5.321947072036963
2025-02-09 11:00:00,4.144757831814126
2025-02-09 12:00:00,3.5022145846373363
2025-02-09 13:00:00,3.249995927471784
2025-02-09 14:00:00,3.5459923065438175
2025-02-09 15:00:00,4.0317099935045855
2025-02-09 16:00:00,5.041691131152311
2025-02-09 17:00:00,5.899504519461168
2025-02-09 18:00:00,7.113012762359108
2025-02-09 19:00:00,7.1716899439042505
2025-02-09 20:00:00,6.869556978017514
2025-02-09 21:00:00,6.076457636354805
2025-02-09 22:00:00,4.842438568539155
2025-02-09 23:00:00,4.041255495917277
2025-02-10 00:00:00,3.037729849231969
2025-02-10 01:00:00,3.0205872324995644
2025-02-10 02:00:00,2.9873302614907016
2025-02-10 03:00:00,3.3130013708035064
2025-02-10 04:00:00,3.911196489975953
2025-02-10 05:00:00,4.607886052791772
2025-02-10 06:00:00,5.884955811623635
2025-02-10 07:00:00,7.243731002737128
2025-02-10 08:00:00,7.611492102000374
2025-02-10 09:00:00,7.180800964568548
2025-02-10 10:00:00,6.251906679413837
2025-02-10 11:00:00,4.880567885858229
2025-02-10 12:00:00,4.050808024123538
2025-02-10 13:00:00,3.8989210936855754
2025-02-10 14:00:00,3.919492085403482
2025-02-10 15:00:00,4.584435080447518
2025-02-10 16:00:00,5.8081603852742605
2025-02-10 17:00:00,7.058669144377795
2025-02-10 18:00:00,7.91137792199622
2025-02-10 19:00:00,8.207922192840483
2025-02-10 20:00:00,8.36482303723245
2025-02-10 21:00:00,7.041900487109509
2025-02-10 22:00:00,5.668454954451802
2025-02-10 23:00:00,4.7144809421236324
2025-02-11 00:00:00,2.9715116718566894
2025-02-11 01:00:00,2.9857451319227066
2025-02-11 02:00:00,3.117921985326862
2025-02-11 03:00:00,3.233181435653356
2025-02-11 04:00:00,3.878504789479553
2025-02-11 05:00:00,4.967456817750003
2025-02-11 06:00:00,6.066121403519858
2025-02-11 07:00:00,7.060492854853623
2025-02-11 08:00:00,7.48864662269275
2025-02-11 09:00:00,7.0587975782377885
2025-02-11 10:00:00,5.992983569900025
2025-02-11 11:00:00,4.795411219224595
2025-02-11 12:00:00,4.068664756062896
2025-02-11 13:00:00,3.567747436922213
2025-02-11 14:00:00,4.001424959433892
2025-02-11 15:00:00,4.62021227795331
2025-02-11 16:00:00,5.798302266426667
2025-02-11 17:00:00,6.834801908757206
2025-02-11 18:00:00,8.202409713087746
2025-02-11 19:00:00,8.583840808669823
2025-02-11 20:00:00,8.14328528167626
2025-02-11 21:00:00,6.7795392376271195
2025-02-11 22:00:00,5.844068170822148
2025-02-11 23:00:00,4.663940081330002
2025-02-12 00:00:00,2.8584622920420983
2025-02-12 01:00:00,2.97455239551966
2025-02-12 02:00:00,3.0799338775651774
2025-02-12 03:00:00,3.3279745279591615
2025-02-12 04:00:00,3.8328962462729597
2025-02-12 05:00:00,4.772308755917673
2025-02-12 06:00:00,6.1358288531501115
2025-02-12 07:00:00,7.227926889235476
2025-02-12 08:00:00,7.0723373998496
2025-02-12 09:00:00,7.01328500120029
2025-02-12 10:00:00,5.953879103467844
2025-02-12 11:00:00,4.623876627935377
2025-02-12 12:00:00,3.969722817012374
2025-02-12 13:00:00,3.7567036184383213
2025-02-12 14:00:00,3.816166304128699
2025-02-12 15:00:00,4.647961251941617
2025-02-12 16:00:00,5.602584584724262
2025-02-12 17:00:00,6.841148544537204
2025-02-12 18:00:00,8.157859834252688
2025-02-12 19:00:00,8.21550644180458
2025-02-12 20:00:00,7.996831042369217
2025-02-12 21:00:00,6.673802719043064
2025-02-12 22:00:00,5.91333530766785
2025-02-12 23:00:00,4.643353908361101
2025-02-13 00:00:00,2.935776007115201
2025-02-13 01:00:00,3.003377186041738
2025-02-13 02:00:00,2.9646379259983324
2025-02-13 03:00:00,3.3615144018089453
2025-02-13 04:00:00,3.785937491825431
2025-02-13 05:00:00,4.714511445081847
2025-02-13 06:00:00,5.88807834106482
2025-02-13 07:00:00,6.95707385045301
2025-02-13 08:00:00,7.589397125863224
2025-02-13 09:00:00,7.07801049255103
2025-02-13 10:00:00,6.037588716404712
2025-02-13 11:00:00,4.780001095957752
2025-02-13 12:00:00,3.993781894365091
2025-02-13 13:00:00,3.6261584350323504
2025-02-13 14:00:00,4.065589534764939
2025-02-13 15:00:00,4.4619011518770675
2025-02-13 16:00:00,5.837676632396564
2025-02-13 17:00:00,7.10776714423593
2025-02-13 18:00:00,7.7708891531653315
2025-02-13 19:00:00,8.656119691058533
2025-02-13 20:00:00,8.062876029564382
2025-02-13 21:00:00,7.051790663337048
2025-02-13 22:00:00,5.6911561019940295
2025-02-13 23:00:00,4.557683615078246
2025-02-14 00:00:00,2.9248140636575126
2025-02-14 01:00:00,2.9828280470290056
2025-02-14 02:00:00,3.1261245913604765
2025-02-14 03:00:00,3.2852259516565234
2025-02-14 04:00:00,3.7292108710974103
2025-02-14 05:00:00,4.796509704883424
2025-02-14 06:00:00,6.0367526229056665
2025-02-14 07:00:00,7.108189397429036
2025-02-14 08:00:00,7.572730356718456
2025-02-14 09:00:00,6.981430762628716
2025-02-14 10:00:00,5.830476972189431
2025-02-14 11:00:00,4.682816233287235
2025-02-14 12:00:00,3.8116804921070964
2025-02-14 13:00:00,3.6623800940456106
2025-02-14 14:00:00,3.873114170156023
2025-02-14 15:00:00,4.551225103143785
2025-02-14 16:00:00,5.3403687381781095
2025-02-14 17:00:00,6.724342527918897
2025-02-14 18:00:00,8.057016410612475
2025-02-14 19:00:00,8.150376770292963
2025-02-14 20:00:00,7.937048393600881
2025-02-14 21:00:00,6.7035455358796705
2025-02-14 22:00:00,5.832935690455377
2025-02-14 23:00:00,4.549799587226022
2025-02-15 00:00:00,2.563218024349406
2025-02-15 01:00:00,2.6874944754903023
2025-02-15 02:00:00,2.7185139736735837
2025-02-15 03:00:00,2.8227655635707514
2025-02-15 04:00:00,3.25668545388884
2025-02-15 05:00:00,4.067602739165838
2025-02-15 06:00:00,5.195582530695511
2025-02-15 07:00:00,6.075013547870463
2025-02-15 08:00:00,6.422895664201713
2025-02-15 09:00:00,6.269271086878344
2025-02-15 10:00:00,5.142905207034548
2025-02-15 11:00:00,4.3250909341784745
2025-02-15 12:00:00,3.4253070728006585
2025-02-15 13:00:00,3.275664374385319
2025-02-15 14:00:00,3.3902436846162156
2025-02-15 15:00:00,4.0607302846924656
2025-02-15 16:00:00,4.853400494876241
2025-02-15 17:00:00,5.881582578728734
2025-02-15 18:00:00,6.900388790915041
2025-02-15 19:00:00,7.308774023716583
2025-02-15 20:00:00,6.842901929597065
2025-02-15 21:00:00,5.828917868663097
2025-02-15 22:00:00,4.785650752103864
2025-02-15 23:00:00,3.8461070549194325
2025-02-16 00:00:00,2.4608511440936254
2025-02-16 01:00:00,2.5762910233477814
2025-02-16 02:00:00,2.700614070328839
2025-02-16 03:00:00,2.8423160385680606
2025-02-16 04:00:00,3.1500033381729176
2025-02-16 05:00:00,4.082803123461307
2025-02-16 06:00:00,5.131620179571978
2025-02-16 07:00:00,6.349501791691186
2025-02-16 08:00:00,6.291816332282736
2025-02-16 09:00:00,6.049132089557144
2025-02-16 10:00:00,5.335983473362082
2025-02-16 11:00:00,4.176390095549407
2025-02-16 12:00:00,3.461151989877028
2025-02-16 13:00:00,3.1732185684714778
2025-02-16 14:00:00,3.391859557387125
2025-02-16 15:00:00,4.050091673840589
2025-02-16 16:00:00,4.84998654475075
2025-02-16 17:00:00,6.095053652015943
2025-02-16 18:00:00,6.656553127078709
2025-02-16 19:00:00,7.22150638140992
2025-02-16 20:00:00,6.868844042154309
2025-02-16 21:00:00,5.915132049216069
2025-02-16 22:00:00,4.922273791328156
2025-02-16 23:00:00,3.913807958070628
2025-02-17 00:00:00,2.8591098757778863
2025-02-17 01:00:00,2.9233894212275287
2025-02-17 02:00:00,2.958191776888599
2025-02-17 03:00:00,3.2772361808139507
2025-02-17 04:00:00,3.6916476287951268
2025-02-17 05:00:00,4.760834990815589
2025-02-17 06:00:00,5.757176428123508
2025-02-17 07:00:00,6.900530885068166
2025-02-17 08:00:00,7.329685065730417
2025-02-17 09:00:00,7.167769525779308
2025-02-17 10:00:00,5.9487848730802595
2025-02-17 11:00:00,4.720534064856011
2025-02-17 12:00:00,3.9590371200013204
2025-02-17 13:00:00,3.4732033507808744
2025-02-17 14:00:00,3.8559435523589496
2025-02-17 15:00:00,4.750061625607823
2025-02-17 16:00:00,5.661105765708487
2025-02-17 17:00:00,6.869585802504243
2025-02-17 18:00:00,7.925033239073776
2025-02-17 19:00:00,8.364101515605647
2025-02-17 20:00:00,7.525790306863778
2025-02-17 21:00:00,6.628432420480632
2025-02-17 22:00:00,5.663822702334245
2025-02-17 23:00:00,4.474151401412334
2025-02-18 00:00:00,2.9955764432931216
2025-02-18 01:00:00,2.922895759828386
2025-02-18 02:00:00,2.905203763961413
2025-02-18 03:00:00,3.1706448319080516
2025-02-18 04:00:00,3.56739946366175
2025-02-18 05:00:00,4.667611985857256
2025-02-18 06:00:00,5.868756235371945
2025-02-18 07:00:00,6.91380761941712
2025-02-18 08:00:00,7.5754178864165755
2025-02-18 09:00:00,7.143347175930187
2025-02-18 10:00:00,5.884056750406166
2025-02-18 11:00:00,4.53393714671824
2025-02-18 12:00:00,3.9645924117260387
2025-02-18 13:00:00,3.6628374200450846
2025-02-18 14:00:00,3.879493808761043
2025-02-18 15:00:00,4.6528560690647955
2025-02-18 16:00:00,5.509427549291083
2025-02-18 17:00:00,7.1291547564372735
2025-02-18 18:00:00,7.681429718459977
2025-02-18 19:00:00,8.332185461843835
2025-02-18 20:00:00,7.567272189292545
2025-02-18 21:00:00,6.725259594008411
2025-02-18 22:00:00,5.805674335910609
2025-02-18 23:00:00,4.511108484444398
2025-02-19 00:00:00,2.953104544059261
2025-02-19 01:00:00,2.940529626348836
2025-02-19 02:00:00,3.0006372303064075
2025-02-19 03:00:00,3.32509262125141
2025-02-19 04:00:00,3.738257166748514
2025-02-19 05:00:00,4.499832579281118
2025-02-19 06:00:00,5.767194955615887
2025-02-19 07:00:00,7.0144552742254245
2025-02-19 08:00:00,7.4365202509811
2025-02-19 09:00:00,6.723538428541798
2025-02-19 10:00:00,5.789412166521474
2025-02-19 11:00:00,4.657522453613613
2025-02-19 12:00:00,3.8680879129420607
2025-02-19 13:00:00,3.505214329407855
2025-02-19 14:00:00,3.788053854729135
2025-02-19 15:00:00,4.474192674573546
2025-02-19 16:00:00,5.699105876897355
2025-02-19 17:00:00,6.9297243010346
2025-02-19 18:00:00,7.769639763927309
2025-02-19 19:00:00,8.103891022069027
2025-02-19 20:00:00,7.81402578490113
2025-02-19 21:00:00,6.706976671379758
2025-02-19 22:00:00,5.477884240318751
2025-02-19 23:00:00,4.427143746714488
2025-02-20 00:00:00,2.8571982912630443
2025-02-20 01:00:00,2.848345505598808
2025-02-20 02:00:00,3.0059179186483758
2025-02-20 03:00:00,3.27230864109519
2025-02-20 04:00:00,3.623818283785527
2025-02-20 05:00:00,4.651678252223496
2025-02-20 06:00:00,5.814725794241411
2025-02-20 07:00:00,6.960403781983809
2025-02-20 08:00:00,7.349895910937417
2025-02-20 09:00:00,6.715212110341454
2025-02-20 10:00:00,5.705739397242688
2025-02-20 11:00:00,4.69827569961213
2025-02-20 12:00:00,3.96253642452484
2025-02-20 13:00:00,3.4324779441732307
2025-02-20 14:00:00,3.848991546529274
2025-02-20 15:00:00,4.6317749595715325
2025-02-20 16:00:00,5.575334161150742
2025-02-20 17:00:00,6.869779970254951
2025-02-20 18:00:00,7.655344876858403
2025-02-20 19:00:00,8.119323415127642
2025-02-20 20:00:00,7.512672983835119
2025-02-20 21:00:00,6.475422980181591
2025-02-20 22:00:00,5.691782486189154
2025-02-20 23:00:00,4.4073013378461
2025-02-21 00:00:00,2.8629008569797287
2025-02-21 01:00:00,2.830719362894645
2025-02-21 02:00:00,2.9069692227245945
2025-02-21 03:00:00,3.2087861566946674
2025-02-21 04:00:00,3.681994144875026
2025-02-21 05:00:00,4.67685204724712
2025-02-21 06:00:00,5.883670117011177
2025-02-21 07:00:00,6.946206322672781
2025-02-21 08:00:00,7.3748403790891635
2025-02-21 09:00:00,7.122898418918447
2025-02-21 10:00:00,5.719206476568707
2025-02-21 11:00:00,4.68270812449094
2025-02-21 12:00:00,3.9641330234453136
2025-02-21 13:00:00,3.6763542138474445
2025-02-21 14:00:00,3.707811046505642
2025-02-21 15:00:00,4.488543551785906
2025-02-21 16:00:00,5.734990923623961
2025-02-21 17:00:00,6.852866726799813
2025-02-21 18:00:00,7.782141422315041
2025-02-21 19:00:00,8.090110900120916
2025-02-21 20:00:00,7.692222165356899
2025-02-21 21:00:00,6.821995762299179
2025-02-21 22:00:00,5.549190581725999
2025-02-21 23:00:00,4.4847187569596745
2025-02-22 00:00:00,2.4814857633891343
2025-02-22 01:00:00,2.4627933718278014
2025-02-22 02:00:00,2.59244397967668
2025-02-22 03:00:00,2.9221631191296775
2025-02-22 04:00:00,3.090293061128704
2025-02-22 05:00:00,4.006237926941194
2025-02-22 06:00:00,4.924137573616751
2025-02-22 07:00:00,5.986937894740725
2025-02-22 08:00:00,6.299960349464797
2025-02-22 09:00:00,6.011463357638048
2025-02-22 10:00:00,5.129202802547984
2025-02-22 11:00:00,4.035442535362412
2025-02-22 12:00:00,3.399314305097579
2025-02-22 13:00:00,2.9306481118543224
2025-02-22 14:00:00,3.376709526159496
2025-02-22 15:00:00,3.902304422581938
2025-02-22 16:00:00,4.891078994485893
2025-02-22 17:00:00,5.675483341544301
2025-02-22 18:00:00,6.536997365552687
2025-02-22 19:00:00,6.988173242646698
2025-02-22 20:00:00,6.6450588982754395
2025-02-22 21:00:00,5.849456022091255
2025-02-22 22:00:00,4.8864681684422955
2025-02-22 23:00:00,3.7131630136439244
2025-02-23 00:00:00,2.5103822336891435
2025-02-23 01:00:00,2.4817779453857094
2025-02-23 02:00:00,2.5390496973110293
2025-02-23 03:00:00,2.6635768083421016
2025-02-23 04:00:00,3.2165919951685056
2025-02-23 05:00:00,3.7650673725200416
2025-02-23 06:00:00,5.033992324412956
2025-02-23 07:00:00,5.706813918682306
2025-02-23 08:00:00,6.262255059601561
2025-02-23 09:00:00,5.870964618487033
2025-02-23 10:00:00,5.09720707507797
2025-02-23 11:00:00,3.9810857137201863
2025-02-23 12:00:00,3.2578396756332957
2025-02-23 13:00:00,3.0250261120147512
2025-02-23 14:00:00,3.335378793783739
2025-02-23 15:00:00,3.890827947702858
2025-02-23 16:00:00,4.721855212235869
2025-02-23 17:00:00,5.754457622472867
2025-02-23 18:00:00,6.399672415029382
2025-02-23 19:00:00,6.978983450708857
2025-02-23 20:00:00,6.374099854032755
2025-02-23 21:00:00,5.867838958579841
2025-02-23 22:00:00,4.765677180475816
2025-02-23 23:00:00,4.008112524551691
2025-02-24 00:00:00,2.7494439933513064
2025-02-24 01:00:00,2.8271112928362045
2025-02-24 02:00:00,3.015329571365878
2025-02-24 03:00:00,3.207793297168675
2025-02-24 04:00:00,3.5851159878113523
2025-02-24 05:00:00,4.53680481611848
2025-02-24 06:00:00,5.6738621847118935
2025-02-24 07:00:00,6.753641377728788
2025-02-24 08:00:00,7.042060511502278
2025-02-24 09:00:00,6.706776093621134
2025-02-24 10:00:00,5.504630348653804
2025-02-24 11:00:00,4.573753061237185
2025-02-24 12:00:00,3.8057218906772676
2025-02-24 13:00:00,3.473094205478002
2025-02-24 14:00:00,3.593455396100611
2025-02-24 15:00:00,4.481832904033881
2025-02-24 16:00:00,5.472357610350933
2025-02-24 17:00:00,6.505118907025277
2025-02-24 18:00:00,7.5004682867092365
2025-02-24 19:00:00,7.669044321744189
2025-02-24 20:00:00,7.387972238021757
2025-02-24 21:00:00,6.528969485029859
2025-02-24 22:00:00,5.560250640079955
2025-02-24 23:00:00,4.3116235895829025
2025-02-25 00:00:00,2.8262949061439278
2025-02-25 01:00:00,2.7817567481361967
2025-02-25 02:00:00,2.903504040451886
2025-02-25 03:00:00,3.101232306407453
2025-02-25 04:00:00,3.671939188625609
2025-02-25 05:00:00,4.4353048218442455
2025-02-25 06:00:00,5.454663114073407
2025-02-25 07:00:00,6.481986196565256
2025-02-25 08:00:00,7.013767429542901
2025-02-25 09:00:00,6.502615018174817
2025-02-25 10:00:00,5.690737734416696
2025-02-25 11:00:00,4.48560245854616
2025-02-25 12:00:00,3.9217616690531614
2025-02-25 13:00:00,3.3428663437815715
2025-02-25 14:00:00,3.701023492218815
2025-02-25 15:00:00,4.264110075117741
2025-02-25 16:00:00,5.3394625016735775
2025-02-25 17:00:00,6.5708098867397755
2025-02-25 18:00:00,7.138953395869575
2025-02-25 19:00:00,7.885194695192681
2025-02-25 20:00:00,7.771965387059823
2025-02-25 21:00:00,6.491866126040842
2025-02-25 22:00:00,5.414881395918562
2025-02-25 23:00:00,4.4241351961051585
2025-02-26 00:00:00,2.7682671911889973
2025-02-26 01:00:00,2.7662220151220995
2025-02-26 02:00:00,2.744642728653282
2025-02-26 03:00:00,3.135009426072608
2025-02-26 04:00:00,3.5837363092979273
2025-02-26 05:00:00,4.371695717273597
2025-02-26 06:00:00,5.619359709589845
2025-02-26 07:00:00,6.557275514206166
2025-02-26 08:00:00,6.981104470942299
2025-02-26 09:00:00,6.718186177717729
2025-02-26 10:00:00,5.467377551637788
2025-02-26 11:00:00,4.600772215119663
2025-02-26 12:00:00,3.6220950790608124
2025-02-26 13:00:00,3.4011749554624875
2025-02-26 14:00:00,3.8096800003734312
2025-02-26 15:00:00,4.439802772957173
2025-02-26 16:00:00,5.37766672613293
2025-02-26 17:00:00,6.39863893836851
2025-02-26 18:00:00,7.372894230330526
2025-02-26 19:00:00,7.8223762987313865
2025-02-26 20:00:00,7.4572285361743536
2025-02-26 21:00:00,6.5084639193560205
2025-02-26 22:00:00,5.358123448740382
2025-02-26 23:00:00,4.296279058108622
2025-02-27 00:00:00,2.7134552555534706
2025-02-27 01:00:00,2.786443916895576
2025-02-27 02:00:00,2.9456855617888893
2025-02-27 03:00:00,3.028677720914483
2025-02-27 04:00:00,3.5997123868178065
2025-02-27 05:00:00,4.415239204503259
2025-02-27 06:00:00,5.651347079577927
2025-02-27 07:00:00,6.6226451663923855
2025-02-27 08:00:00,7.307725416852388
2025-02-27 09:00:00,6.745168053235411
2025-02-27 10:00:00,5.503176918487719
2025-02-27 11:00:00,4.594270007758774
2025-02-27 12:00:00,3.6905318479752562
2025-02-27 13:00:00,3.4275200342662875
2025-02-27 14:00:00,3.7137589764472283
2025-02-27 15:00:00,4.324991046303411
2025-02-27 16:00:00,5.495801147975643
2025-02-27 17:00:00,6.45880335230196
2025-02-27 18:00:00,7.403674481802301
2025-02-27 19:00:00,7.754629488494165
2025-02-27 20:00:00,7.411529393647747
2025-02-27 21:00:00,6.703626356171685
2025-02-27 22:00:00,5.461418584790511
2025-02-27 23:00:00,4.489105864982225
2025-02-28 00:00:00,2.8924575714558824
2025-02-28 01:00:00,2.730776287723783
2025-02-28 02:00:00,2.868781416719527
2025-02-28 03:00:00,3.0111880652175795
2025-02-28 04:00:00,3.522755533586194
2025-02-28 05:00:00,4.389330964956846
2025-02-28 06:00:00,5.466098750700902
2025-02-28 07:00:00,6.470809783433063
2025-02-28 08:00:00,7.0089508154418745
2025-02-28 09:00:00,6.451908272971926
2025-02-28 10:00:00,5.690964577420652
2025-02-28 11:00:00,4.407089853693004
2025-02-28 12:00:00,3.9208946315379842
2025-02-28 13:00:00,3.4029438103554464
2025-02-28 14:00:00,3.660108082971736
2025-02-28 15:00:00,4.213572855985433
2025-02-28 16:00:00,5.52953089335512
2025-02-28 17:00:00,6.642338520889885
2025-02-28 18:00:00,7.467938080370763
2025-02-28 19:00:00,7.572054640002696
2025-02-28 20:00:00,7.4549937790631935
2025-02-28 21:00:00,6.350188839876663
2025-02-28 22:00:00,5.497559112306386
2025-02-28 23:00:00,4.36817953279585
2025-03-01 00:00:00,2.416900388545098
2025-03-01 01:00:00,2.312404531966675
2025-03-01 02:00:00,2.4484191488673446
2025-03-01 03:00:00,2.72543549457432
2025-03-01 04:00:00,3.1954019570353807
2025-03-01 05:00:00,3.9615144769909985
2025-03-01 06:00:00,4.713372656811563
2025-03-01 07:00:00,5.79736391351293
2025-03-01 08:00:00,6.252689004760906
2025-03-01 09:00:00,5.5739781991772865
2025-03-01 10:00:00,4.878541527147938
2025-03-01 11:00:00,3.9354649243966686
2025-03-01 12:00:00,3.2169828782444303
2025-03-01 13:00:00,2.8828798263608286
2025-03-01 14:00:00,3.165607633118789
2025-03-01 15:00:00,3.746486872409648
2025-03-01 16:00:00,4.647881266843733
2025-03-01 17:00:00,5.600268670022615
2025-03-01 18:00:00,6.414912656534313
2025-03-01 19:00:00,6.778815728080706
2025-03-01 20:00:00,6.5294109172712815
2025-03-01 21:00:00,5.628755132372114
2025-03-01 22:00:00,4.6185316642172465
2025-03-01 23:00:00,3.754534526991619
2025-03-02 00:00:00,2.2855795616983356
2025-03-02 01:00:00,2.418033442976942
2025-03-02 02:00:00,2.460862978130745
2025-03-02 03:00:00,2.6511056401280624
2025-03-02 04:00:00,3.1330082404323374
2025-03-02 05:00:00,3.669525905553623
2025-03-02 06:00:00,4.6075734535923285
2025-03-02 07:00:00,5.709137666063411
2025-03-02 08:00:00,6.037433064182273
2025-03-02 09:00:00,5.699921741560496
2025-03-02 10:00:00,4.763274539788515
2025-03-02 11:00:00,3.907833640704577
2025-03-02 12:00:00,3.2484397304505097
2025-03-02 13:00:00,2.978399475521586
2025-03-02 14:00:00,3.123226301329489
2025-03-02 15:00:00,3.5591957973897212
2025-03-02 16:00:00,4.663943634694094
2025-03-02 17:00:00,5.7173492268155135
2025-03-02 18:00:00,6.459489976922504
2025-03-02 19:00:00,6.567044495862249
2025-03-02 20:00:00,6.463098994371807
2025-03-02 21:00:00,5.676166474417973
2025-03-02 22:00:00,4.731395735829664
2025-03-02 23:00:00,3.627914186102501
2025-03-03 00:00:00,2.7058439491652555
2025-03-03 01:00:00,2.7800024457115575
2025-03-03 02:00:00,2.8174401963484574
2025-03-03 03:00:00,2.961633707467067
2025-03-03 04:00:00,3.544429456354917
2025-03-03 05:00:00,4.4174674596215615
2025-03-03 06:00:00,5.495304079518453
2025-03-03 07:00:00,6.521776314084044
2025-03-03 08:00:00,6.869501714460643
2025-03-03 09:00:00,6.688231396314222
2025-03-03 10:00:00,5.398929291342313
2025-03-03 11:00:00,4.358489201956023
2025-03-03 12:00:00,3.6476071622356816
2025-03-03 13:00:00,3.432665827946526
2025-03-03 14:00:00,3.4828452404195582
2025-03-03 15:00:00,4.137968956900013
2025-03-03 16:00:00,5.038675822765431
2025-03-03 17:00:00,6.386433570610203
2025-03-03 18:00:00,7.129772965984656
2025-03-03 19:00:00,7.585590327424289
2025-03-03 20:00:00,7.389216551584784
2025-03-03 21:00:00,6.299409391953572
2025-03-03 22:00:00,5.27138346708982
2025-03-03 23:00:00,4.19749744427802
2025-03-04 00:00:00,2.7492891734915257
2025-03-04 01:00:00,2.7596698745995534
2025-03-04 02:00:00,2.7698198831126883
2025-03-04 03:00:00,3.0131882695946217
2025-03-04 04:00:00,3.5816208908032365
2025-03-04 05:00:00,4.392651145500686
2025-03-04 06:00:00,5.3219280920714835
2025-03-04 07:00:00,6.565497277667286
2025-03-04 08:00:00,6.742188615751235
2025-03-04 09:00:00,6.666583621591486
2025-03-04 10:00:00,5.599572085210559
2025-03-04 11:00:00,4.427162314475243
2025-03-04 12:00:00,3.65109759767516
2025-03-04 13:00:00,3.3526726080941023
2025-03-04 14:00:00,3.631952006614298
2025-03-04 15:00:00,4.209541476076258
2025-03-04 16:00:00,5.26714451785853
2025-03-04 17:00:00,6.480820289885469
2025-03-04 18:00:00,7.1967972935486815
2025-03-04 19:00:00,7.535364175637401
2025-03-04 20:00:00,7.104582868426964
2025-03-04 21:00:00,6.233181242361815
2025-03-04 22:00:00,5.045319667483685
2025-03-04 23:00:00,4.276011744463444
2025-03-05 00:00:00,2.8116598303335794
2025-03-05 01:00:00,2.8123130901598157
2025-03-05 02:00:00,2.7180139773052954
2025-03-05 03:00:00,3.067971554250154
2025-03-05 04:00:00,3.6090578774612303
2025-03-05 05:00:00,4.31960570439771
2025-03-05 06:00:00,5.487351065712685
2025-03-05 07:00:00,6.221809510979807
2025-03-05 08:00:00,6.930155141982875
2025-03-05 09:00:00,6.347076892043497
2025-03-05 10:00:00,5.510448438263904
2025-03-05 11:00:00,4.265255331646435
2025-03-05 12:00:00,3.6800740559122085
2025-03-05 13:00:00,3.4365789941557012
2025-03-05 14:00:00,3.528065028825886
2025-03-05 15:00:00,4.145577414893264
2025-03-05 16:00:00,5.017623383563889
2025-03-05 17:00:00,6.337360211449394
2025-03-05 18:00:00,7.195687566621561
2025-03-05 19:00:00,7.394540764692929
2025-03-05 20:00:00,7.346198585040171
2025-03-05 21:00:00,6.313007253205851
2025-03-05 22:00:00,5.1254117763996945
2025-03-05 23:00:00,4.168775583421281
2025-03-06 00:00:00,2.772509673317208
2025-03-06 01:00:00,2.768217114857107
2025-03-06 02:00:00,2.8029633622749035
2025-03-06 03:00:00,3.0625473725470855
2025-03-06 04:00:00,3.42885694473202
2025-03-06 05:00:00,4.363641380860299
2025-03-06 06:00:00,5.494118944904116
2025-03-06 07:00:00,6.423245053065716
2025-03-06 08:00:00,6.955623682111479
2025-03-06 09:00:00,6.385824892524744
2025-03-06 10:00:00,5.546257719655593
2025-03-06 11:00:00,4.452732956720956
2025-03-06 12:00:00,3.4292350077967484
2025-03-06 13:00:00,3.448839823036686
2025-03-06 14:00:00,3.366808086213622
2025-03-06 15:00:00,4.191098643603967
2025-03-06 16:00:00,5.352967412798923
2025-03-06 17:00:00,6.332887240681524
2025-03-06 18:00:00,7.0691276184428755
2025-03-06 19:00:00,7.466703022838786
2025-03-06 20:00:00,7.432117671872886
2025-03-06 21:00:00,6.127468318642932
2025-03-06 22:00:00,5.358084026512105
2025-03-06 23:00:00,4.212222901908936
2025-03-07 00:00:00,2.649947674569562
2025-03-07 01:00:00,2.703668721821433
2025-03-07 02:00:00,2.7534383473845536
2025-03-07 03:00:00,3.0778790402747735
2025-03-07 04:00:00,3.5622233982857154
2025-03-07 05:00:00,4.211399757823146
2025-03-07 06:00:00,5.434432734505091
2025-03-07 07:00:00,6.373021912621908
2025-03-07 08:00:00,7.07483327191549
2025-03-07 09:00:00,6.312695861307383
2025-03-07 10:00:00,5.6671303171849585
2025-03-07 11:00:00,4.401735274698176
2025-03-07 12:00:00,3.5575149645322637
2025-03-07 13:00:00,3.323426334136316
2025-03-07 14:00:00,3.5282988629269365
2025-03-07 15:00:00,4.135718631717242
2025-03-07 16:00:00,5.255997976175118
2025-03-07 17:00:00,6.217581009196635
2025-03-07 18:00:00,6.9659657027807755
2025-03-07 19:00:00,7.576657871834089
2025-03-07 20:00:00,7.020827965079559
2025-03-07 21:00:00,6.27727378251684
2025-03-07 22:00:00,5.14513709282158
2025-03-07 23:00:00,4.143906189373032
2025-03-08 00:00:00,2.438370119928688
2025-03-08 01:00:00,2.365245693897812
2025-03-08 02:00:00,2.439306983446023
2025-03-08 03:00:00,2.520113602756988
2025-03-08 04:00:00,2.9924453043554835
2025-03-08 05:00:00,3.782911501017125
2025-03-08 06:00:00,4.634693865625025
2025-03-08 07:00:00,5.702475433762403
2025-03-08 08:00:00,5.812835738219299
2025-03-08 09:00:00,5.571175660240473
2025-03-08 10:00:00,4.686686439365882
2025-03-08 11:00:00,3.816599403915772
2025-03-08 12:00:00,3.1052570557899757
2025-03-08 13:00:00,2.8939303763516313
2025-03-08 14:00:00,3.0822448412947026
2025-03-08 15:00:00,3.611420476126214
2025-03-08 16:00:00,4.574713638458305
2025-03-08 17:00:00,5.531262515009496
2025-03-08 18:00:00,6.279327767047729
2025-03-08 19:00:00,6.536893734339183
2025-03-08 20:00:00,6.390570513969693
2025-03-08 21:00:00,5.47821478387858
2025-03-08 22:00:00,4.498132876769215
2025-03-08 23:00:00,3.649981952139199
2025-03-09 00:00:00,2.4059323826375936
2025-03-09 01:00:00,2.2820165027753565
2025-03-09 02:00:00,2.446299624450937
2025-03-09 03:00:00,2.4951721367282653
2025-03-09 04:00:00,3.0224587082418597
2025-03-09 05:00:00,3.8562336385994866
2025-03-09 06:00:00,4.742088517044688
2025-03-09 07:00:00,5.5777580424493465
2025-03-09 08:00:00,5.845209062635721
2025-03-09 09:00:00,5.564731873295669
2025-03-09 10:00:00,4.683006128439363
2025-03-09 11:00:00,3.7162405843266964
2025-03-09 12:00:00,3.103879664986675
2025-03-09 13:00:00,2.8993486499387724
2025-03-09 14:00:00,3.026500021557473
2025-03-09 15:00:00,3.579127159119774
2025-03-09 16:00:00,4.374470036534372
2025-03-09 17:00:00,5.50645997022823
2025-03-09 18:00:00,6.311430560774047
2025-03-09 19:00:00,6.574570150766919
2025-03-09 20:00:00,6.363737462938348
2025-03-09 21:00:00,5.472530344865947
2025-03-09 22:00:00,4.527197238827039
2025-03-09 23:00:00,3.6370289788355206
2025-03-10 00:00:00,2.6722030268693637
2025-03-10 01:00:00,2.66905968271938
2025-03-10 02:00:00,2.8944475080588723
2025-03-10 03:00:00,2.956610230898483
2025-03-10 04:00:00,3.416082811821678
2025-03-10 05:00:00,4.338310556098882
2025-03-10 06:00:00,5.430021707877999
2025-03-10 07:00:00,6.215518204213153
2025-03-10 08:00:00,6.953650638522619
2025-03-10 09:00:00,6.3860079304147925
2025-03-10 10:00:00,5.294624308891873
2025-03-10 11:00:00,4.446962822283679
2025-03-10 12:00:00,3.636675843292733
2025-03-10 13:00:00,3.2383927393585092
2025-03-10 14:00:00,3.661832267459478
2025-03-10 15:00:00,4.240295169936336
2025-03-10 16:00:00,5.1723656715188895
2025-03-10 17:00:00,6.485791503118279
2025-03-10 18:00:00,7.205630899617635
2025-03-10 19:00:00,7.524706636920211
2025-03-10 20:00:00,7.087760121020325
2025-03-10 21:00:00,6.358052104443395
2025-03-10 22:00:00,5.2171290592773225
2025-03-10 23:00:00,4.160225530899394
2025-03-11 00:00:00,2.618797079899064
2025-03-11 01:00:00,2.6882754535909132
2025-03-11 02:00:00,2.7510205838193142
2025-03-11 03:00:00,2.8863629403563174
2025-03-11 04:00:00,3.339859031425962
2025-03-11 05:00:00,4.323162376839778
2025-03-11 06:00:00,5.090536935072894
2025-03-11 07:00:00,6.38245109913976
2025-03-11 08:00:00,6.694987906557751
2025-03-11 09:00:00,6.52557278387998
2025-03-11 10:00:00,5.328917119912971
2025-03-11 11:00:00,4.374239203132674
2025-03-11 12:00:00,3.5415676171886314
2025-03-11 13:00:00,3.309744212340016
2025-03-11 14:00:00,3.5664529208137616
2025-03-11 15:00:00,4.12123985046278
2025-03-11 16:00:00,5.244471210429265
2025-03-11 17:00:00,6.123512754295822
2025-03-11 18:00:00,7.181165585873808
2025-03-11 19:00:00,7.621273586551941
2025-03-11 20:00:00,7.233210335719514
2025-03-11 21:00:00,6.486156075605193
2025-03-11 22:00:00,5.058039881113102
2025-03-11 23:00:00,4.01971269032128
2025-03-12 00:00:00,2.5760913543340536
2025-03-12 01:00:00,2.683565875552418
2025-03-12 02:00:00,2.7483412136664587
2025-03-12 03:00:00,2.9352459388706698
2025-03-12 04:00:00,3.322810691414512
2025-03-12 05:00:00,4.287431510272827
2025-03-12 06:00:00,5.174508101908089
2025-03-12 07:00:00,6.424290984065717
2025-03-12 08:00:00,7.05870567475525
2025-03-12 09:00:00,6.327605974388466
2025-03-12 10:00:00,5.378344123127293
2025-03-12 11:00:00,4.222563764750046
2025-03-12 12:00:00,3.3986657547211303
2025-03-12 13:00:00,3.22260590254435
2025-03-12 14:00:00,3.395874843401613
2025-03-12 15:00:00,3.990037099048467
2025-03-12 16:00:00,5.254190460986141
2025-03-12 17:00:00,6.20510192706825
2025-03-12 18:00:00,7.105517704256853
2025-03-12 19:00:00,7.346166993280791
2025-03-12 20:00:00,7.027454824180949
2025-03-12 21:00:00,6.289516501338135
2025-03-12 22:00:00,5.070493019630038
2025-03-12 23:00:00,4.126618618561198
2025-03-13 00:00:00,2.5914859950285507
2025-03-13 01:00:00,2.603759534787533
2025-03-13 02:00:00,2.617829271643274
2025-03-13 03:00:00,2.7848347289118704
2025-03-13 04:00:00,3.347052497522541
2025-03-13 05:00:00,4.184532901405745
2025-03-13 06:00:00,5.11554020215146
2025-03-13 07:00:00,6.210745684102706
2025-03-13 08:00:00,6.616454167706828
2025-03-13 09:00:00,5.94970167498294
2025-03-13 10:00:00,5.166072207736702
2025-03-13 11:00:00,4.255701966514979
2025-03-13 12:00:00,3.517565268707887
2025-03-13 13:00:00,3.154320056728783
2025-03-13 14:00:00,3.4474146070211193
2025-03-13 15:00:00,4.150415296872387
2025-03-13 16:00:00,5.105812318358208
2025-03-13 17:00:00,6.097145839527914
2025-03-13 18:00:00,6.915061276313569
2025-03-13 19:00:00,7.224733866464129
2025-03-13 20:00:00,7.045575084976985
2025-03-13 21:00:00,6.131689072025979
2025-03-13 22:00:00,5.08550016122126
2025-03-13 23:00:00,4.052497109258905
2025-03-14 00:00:00,2.6233211861376406
2025-03-14 01:00:00,2.6058326696051157
2025-03-14 02:00:00,2.714202992468517
2025-03-14 03:00:00,2.926633673092338
2025-03-14 04:00:00,3.2842651695847613
2025-03-14 05:00:00,3.996712211866767
2025-03-14 06:00:00,5.369766543669374
2025-03-14 07:00:00,6.197400907989841
2025-03-14 08:00:00,6.332106573634053
2025-03-14 09:00:00,6.080448777715817
2025-03-14 10:00:00,5.301254641591922
2025-03-14 11:00:00,4.16442182697789
2025-03-14 12:00:00,3.4274032977647577
2025-03-14 13:00:00,3.292965053830268
2025-03-14 14:00:00,3.3378658727382278
2025-03-14 15:00:00,3.97058688015387
2025-03-14 16:00:00,5.008896845986449
2025-03-14 17:00:00,6.107675843094013
2025-03-14 18:00:00,6.993789846826811
2025-03-14 19:00:00,7.391103916176696
2025-03-14 20:00:00,6.952420221419283
2025-03-14 21:00:00,6.118733353535018
2025-03-14 22:00:00,4.956626931874249
2025-03-14 23:00:00,4.014816676735174
2025-03-15 00:00:00,2.2532455750359195
2025-03-15 01:00:00,2.275454304004339
2025-03-15 02:00:00,2.3638316617154294
2025-03-15 03:00:00,2.5336294354013336
2025-03-15 04:00:00,2.910349163795155
2025-03-15 05:00:00,3.5537910636717216
2025-03-15 06:00:00,4.543777721925704
2025-03-15 07:00:00,5.368101057606909
2025-03-15 08:00:00,5.7339540380859715
2025-03-15 09:00:00,5.6106526974707505
2025-03-15 10:00:00,4.500182965868607
2025-03-15 11:00:00,3.678929413055888
2025-03-15 12:00:00,3.0810358542729825
2025-03-15 13:00:00,2.7958578273392236
2025-03-15 14:00:00,3.108752022708832
2025-03-15 15:00:00,3.4883925248528755
2025-03-15 16:00:00,4.373145472236721
2025-03-15 17:00:00,5.194951185553652
2025-03-15 18:00:00,5.990136139114659
2025-03-15 19:00:00,6.354781589835405
2025-03-15 20:00:00,6.134541524251421
2025-03-15 21:00:00,5.312175355379498
2025-03-15 22:00:00,4.4496184891547585
2025-03-15 23:00:00,3.4863738383803518
2025-03-16 00:00:00,2.2298855030623215
2025-03-16 01:00:00,2.3844000768550213
2025-03-16 02:00:00,2.3424504128698915
2025-03-16 03:00:00,2.46578307748777
2025-03-16 04:00:00,2.8627967471631486
2025-03-16 05:00:00,3.538449822663833
2025-03-16 06:00:00,4.615207662217421
2025-03-16 07:00:00,5.323404297449675
2025-03-16 08:00:00,5.717237140889912
2025-03-16 09:00:00,5.358071339167352
2025-03-16 10:00:00,4.606945815568765
2025-03-16 11:00:00,3.5805773351780474
2025-03-16 12:00:00,2.9469420590478896
2025-03-16 13:00:00,2.7984040279225444
2025-03-16 14:00:00,3.0007572439230032
2025-03-16 15:00:00,3.532661924614187
2025-03-16 16:00:00,4.267775009188199
2025-03-16 17:00:00,5.342232053569287
2025-03-16 18:00:00,5.933254998980192
2025-03-16 19:00:00,6.247292384170193
2025-03-16 20:00:00,5.909042787209793
2025-03-16 21:00:00,5.4071525659856965
2025-03-16 22:00:00,4.38824452024489
2025-03-16 23:00:00,3.5295946649540997
2025-03-17 00:00:00,2.6483053391898395
2025-03-17 01:00:00,2.7501987368722975
2025-03-17 02:00:00,2.583712248429156
2025-03-17 03:00:00,2.837126967046146
2025-03-17 04:00:00,3.3004126532890345
2025-03-17 05:00:00,4.0805241617834564
2025-03-17 06:00:00,5.102228576748857
2025-03-17 07:00:00,6.135441912587221
2025-03-17 08:00:00,6.404331989840905
2025-03-17 09:00:00,6.216577583496462
2025-03-17 10:00:00,5.231722936437314
2025-03-17 11:00:00,4.232718787502839
2025-03-17 12:00:00,3.501822525423341
2025-03-17 13:00:00,3.245363324131746
2025-03-17 14:00:00,3.387482100138571
2025-03-17 15:00:00,4.2107327986354
2025-03-17 16:00:00,5.016626999246011
2025-03-17 17:00:00,5.840927529720507
2025-03-17 18:00:00,6.793571056471773
2025-03-17 19:00:00,7.013727520362771
2025-03-17 20:00:00,6.934826295486849
2025-03-17 21:00:00,6.05121566436188
2025-03-17 22:00:00,4.941128262033545
2025-03-17 23:00:00,4.175577042853764
2025-03-18 00:00:00,2.596461830310542
2025-03-18 01:00:00,2.625604377973687
2025-03-18 02:00:00,2.6095056370783314
2025-03-18 03:00:00,2.8050810511878708
2025-03-18 04:00:00,3.3238758812824116
2025-03-18 05:00:00,4.140392460248705
2025-03-18 06:00:00,4.990718467268537
2025-03-18 07:00:00,6.113067326120953
2025-03-18 08:00:00,6.5262803196105414
2025-03-18 09:00:00,6.111528389369458
2025-03-18 10:00:00,5.110277802560023
2025-03-18 11:00:00,4.122124617477172
2025-03-18 12:00:00,3.4335161968234225
2025-03-18 13:00:00,3.193130529432548
2025-03-18 14:00:00,3.4334119114261226
2025-03-18 15:00:00,4.101791876455519
2025-03-18 16:00:00,4.9338711528417365
2025-03-18 17:00:00,5.9752977368505995
2025-03-18 18:00:00,6.951038524504725
2025-03-18 19:00:00,7.311077540126939
2025-03-18 20:00:00,6.830757417928812
2025-03-18 21:00:00,6.124705142966991
2025-03-18 22:00:00,5.054893361604943
2025-03-18 23:00:00,4.092989182291956
2025-03-19 00:00:00,2.653986800698454
2025-03-19 01:00:00,2.537800894782724
2025-03-19 02:00:00,2.654138995491638
2025-03-19 03:00:00,2.856873300128621
2025-03-19 04:00:00,3.307910945592478
2025-03-19 05:00:00,4.063930719876764
2025-03-19 06:00:00,5.0185238331722095
2025-03-19 07:00:00,6.133574847575796
2025-03-19 08:00:00,6.410606568629602
2025-03-19 09:00:00,6.135503249743101
2025-03-19 10:00:00,5.101484534323075
2025-03-19 11:00:00,4.066830683018211
2025-03-19 12:00:00,3.454535134732886
2025-03-19 13:00:00,3.190207239233731
2025-03-19 14:00:00,3.424429292015674
2025-03-19 15:00:00,4.181668517934997
2025-03-19 16:00:00,4.980066679378695
2025-03-19 17:00:00,6.075949994226089
2025-03-19 18:00:00,6.72797199484547
2025-03-19 19:00:00,7.02206392328764
2025-03-19 20:00:00,7.093705936751721
2025-03-19 21:00:00,5.905526793541726
2025-03-19 22:00:00,4.8439917663039225
2025-03-19 23:00:00,3.9783698513042016
2025-03-20 00:00:00,2.559542953061527
2025-03-20 01:00:00,2.5372552212199713
2025-03-20 02:00:00,2.6385882045049374
2025-03-20 03:00:00,2.927978102176377
2025-03-20 04:00:00,3.2626795542575935
2025-03-20 05:00:00,4.004711102375731
2025-03-20 06:00:00,5.272441492764535
2025-03-20 07:00:00,6.18572010248454
2025-03-20 08:00:00,6.4331997700903525
2025-03-20 09:00:00,5.934238222520971
2025-03-20 10:00:00,5.109263151007516
2025-03-20 11:00:00,4.1558945201413415
2025-03-20 12:00:00,3.5204135773199035
2025-03-20 13:00:00,3.1162869183358404
2025-03-20 14:00:00,3.381244118356354
2025-03-20 15:00:00,4.062725264542075
2025-03-20 16:00:00,4.719183497603394
2025-03-20 17:00:00,6.14518054860192
2025-03-20 18:00:00,6.717037654984098
2025-03-20 19:00:00,7.259203254898686
2025-03-20 20:00:00,6.913550667374148
2025-03-20 21:00:00,6.15035940293256
2025-03-20 22:00:00,5.004397589962962
2025-03-20 23:00:00,3.7941519899091762
2025-03-21 00:00:00,2.509740934735955
2025-03-21 01:00:00,2.5764786421826638
2025-03-21 02:00:00,2.629570008359107
2025-03-21 03:00:00,2.8688013804962518
2025-03-21 04:00:00,3.3495614899797
2025-03-21 05:00:00,4.14623930506644
2025-03-21 06:00:00,5.1237565149750495
2025-03-21 07:00:00,5.866072099912866
2025-03-21 08:00:00,6.418433677511636
2025-03-21 09:00:00,6.144465582399399
2025-03-21 10:00:00,5.0448847446132135
2025-03-21 11:00:00,4.189302497746117
2025-03-21 12:00:00,3.4830308808693977
2025-03-21 13:00:00,3.172409200791404
2025-03-21 14:00:00,3.1615664665786696
2025-03-21 15:00:00,3.884183220247955
2025-03-21 16:00:00,5.113211259461216
2025-03-21 17:00:00,5.92142849907628
2025-03-21 18:00:00,6.569607464895438
2025-03-21 19:00:00,7.347956479360158
2025-03-21 20:00:00,6.842781548244581
2025-03-21 21:00:00,6.118238896253325
2025-03-21 22:00:00,4.949309737707272
2025-03-21 23:00:00,3.997499318536906
2025-03-22 00:00:00,2.232955877977657
2025-03-22 01:00:00,2.2650783070900493
2025-03-22 02:00:00,2.3997437208227193
2025-03-22 03:00:00,2.5186273337863097
2025-03-22 04:00:00,2.776360860002443
2025-03-22 05:00:00,3.5933767779726313
2025-03-22 06:00:00,4.576104768089311
2025-03-22 07:00:00,5.423129188950435
2025-03-22 08:00:00,5.583687692306942
2025-03-22 09:00:00,5.421557633197298
2025-03-22 10:00:00,4.567210149031774
2025-03-22 11:00:00,3.7819923488849274
2025-03-22 12:00:00,2.9296326495540854
2025-03-22 13:00:00,2.7233152428359224
2025-03-22 14:00:00,2.9102891009173883
2025-03-22 15:00:00,3.4316688992573567
2025-03-22 16:00:00,4.2077577229208725
2025-03-22 17:00:00,4.917610103322547
2025-03-22 18:00:00,5.896190346954403
2025-03-22 19:00:00,6.28062938779298
2025-03-22 20:00:00,5.889119386497594
2025-03-22 21:00:00,5.405873520824942
2025-03-22 22:00:00,4.280562255897131
2025-03-22 23:00:00,3.5329214296744675
2025-03-23 00:00:00,2.211380966910543
2025-03-23 01:00:00,2.2534427504202017
2025-03-23 02:00:00,2.2903385793233983
2025-03-23 03:00:00,2.518838567443091
2025-03-23 04:00:00,2.8481976712019805
2025-03-23 05:00:00,3.569346265335453
2025-03-23 06:00:00,4.472221775455778
2025-03-23 07:00:00,5.2248780998277855
2025-03-23 08:00:00,5.633862756888648
2025-03-23 09:00:00,5.492479032459335
2025-03-23 10:00:00,4.425597395471188
2025-03-23 11:00:00,3.5993198702863687
2025-03-23 12:00:00,3.0257084001430914
2025-03-23 13:00:00,2.7924208169546567
2025-03-23 14:00:00,2.906466470167097
2025-03-23 15:00:00,3.2751653127624767
2025-03-23 16:00:00,4.295129984704138
2025-03-23 17:00:00,4.9360558475123
2025-03-23 18:00:00,6.075859602934589
2025-03-23 19:00:00,6.207784571879292
2025-03-23 20:00:00,6.02023486497029
2025-03-23 21:00:00,5.0713748793387365
2025-03-23 22:00:00,4.1147768911263825
2025-03-23 23:00:00,3.4354363697224253
2025-03-24 00:00:00,2.5138848897264015
2025-03-24 01:00:00,2.5100078194730773
2025-03-24 02:00:00,2.6088809362228504
2025-03-24 03:00:00,2.9587316849290737
2025-03-24 04:00:00,3.307591242144257
2025-03-24 05:00:00,4.126298997897367
2025-03-24 06:00:00,5.162507772140443
2025-03-24 07:00:00,6.18714036435577
2025-03-24 08:00:00,6.366302356470583
2025-03-24 09:00:00,5.764955299597826
2025-03-24 10:00:00,5.0690237588609985
2025-03-24 11:00:00,4.147866689128284
2025-03-24 12:00:00,3.3095541856926185
2025-03-24 13:00:00,3.110942191017302
2025-03-24 14:00:00,3.2768119606413504
2025-03-24 15:00:00,4.050770415620374
2025-03-24 16:00:00,4.934137663993346
2025-03-24 17:00:00,5.983569608273764
2025-03-24 18:00:00,6.833269005364382
2025-03-24 19:00:00,7.069390615969605
2025-03-24 20:00:00,6.77590264130137
2025-03-24 21:00:00,5.765713994548009
2025-03-24 22:00:00,4.6437047372427385
2025-03-24 23:00:00,3.9197926457072207
2025-03-25 00:00:00,2.51950304400255
2025-03-25 01:00:00,2.5835487674822275
2025-03-25 02:00:00,2.673193274038498
2025-03-25 03:00:00,2.8774591757479984
2025-03-25 04:00:00,3.1727738423648635
2025-03-25 05:00:00,3.9933843723205658
2025-03-25 06:00:00,5.10054085363239
2025-03-25 07:00:00,6.28277600200307
2025-03-25 08:00:00,6.547615676796797
2025-03-25 09:00:00,6.116579762640931
2025-03-25 10:00:00,5.0240795769292514
2025-03-25 11:00:00,3.9899117298169937
2025-03-25 12:00:00,3.411514092648665
2025-03-25 13:00:00,3.0383093266894865
2025-03-25 14:00:00,3.2907779919268805
2025-03-25 15:00:00,3.9044301587717136
2025-03-25 16:00:00,4.9916297532757286
2025-03-25 17:00:00,5.836040699601462
2025-03-25 18:00:00,6.388719157942815
2025-03-25 19:00:00,7.111114947185272
2025-03-25 20:00:00,6.622356838379106
2025-03-25 21:00:00,5.881851285571726
2025-03-25 22:00:00,4.823943795601791
2025-03-25 23:00:00,3.867675464030863
2025-03-26 00:00:00,2.518875750342631
2025-03-26 01:00:00,2.4221513501959935
2025-03-26 02:00:00,2.5407602033161987
2025-03-26 03:00:00,2.8013608938670247
2025-03-26 04:00:00,3.1674839913033503
2025-03-26 05:00:00,3.8556163063262305
2025-03-26 06:00:00,5.071288673398498
2025-03-26 07:00:00,6.056634502852762
2025-03-26 08:00:00,6.293737309789562
2025-03-26 09:00:00,5.6938244969285075
2025-03-26 10:00:00,5.086426976355989
2025-03-26 11:00:00,3.8897946617070094
2025-03-26 12:00:00,3.3474033777534005
2025-03-26 13:00:00,3.0227843483189574
2025-03-26 14:00:00,3.1993919844186935
2025-03-26 15:00:00,3.842254354199523
2025-03-26 16:00:00,4.774337344759026
2025-03-26 17:00:00,5.747302743909616
2025-03-26 18:00:00,6.731385292701876
2025-03-26 19:00:00,6.911495186500505
2025-03-26 20:00:00,6.783351193336731
2025-03-26 21:00:00,5.8541670302821975
2025-03-26 22:00:00,4.719980847489474
2025-03-26 23:00:00,3.785579489373281
2025-03-27 00:00:00,2.4022525891174173
2025-03-27 01:00:00,2.517769554034678
2025-03-27 02:00:00,2.5536477328726335
2025-03-27 03:00:00,2.637135831207258
2025-03-27 04:00:00,3.1781701319585323
2025-03-27 05:00:00,3.918987746804479
2025-03-27 06:00:00,5.171289319564801
2025-03-27 07:00:00,5.73205646693617
2025-03-27 08:00:00,6.128727153072499
2025-03-27 09:00:00,6.068598820038238
2025-03-27 10:00:00,5.160900043221061
2025-03-27 11:00:00,3.970485180549546
2025-03-27 12:00:00,3.2906595996264327
2025-03-27 13:00:00,3.1208919087189675
2025-03-27 14:00:00,3.1284990269177078
2025-03-27 15:00:00,3.738875048565713
2025-03-27 16:00:00,4.773499949529355
2025-03-27 17:00:00,6.013506463033885
2025-03-27 18:00:00,6.606838614102632
2025-03-27 19:00:00,7.00025452211846
2025-03-27 20:00:00,6.815926608357734
2025-03-27 21:00:00,6.077555024224294
2025-03-27 22:00:00,4.739977899470867
2025-03-27 23:00:00,3.8578695451754905
2025-03-28 00:00:00,2.5627827218806423
2025-03-28 01:00:00,2.4158411294947832
2025-03-28 02:00:00,2.612668427401951
2025-03-28 03:00:00,2.6996229107887966
2025-03-28 04:00:00,3.2043652508517457
2025-03-28 05:00:00,3.953270426141115
2025-03-28 06:00:00,4.89462490018085
2025-03-28 07:00:00,5.790706985805069
2025-03-28 08:00:00,6.316339112190106
2025-03-28 09:00:00,6.027156186543827
2025-03-28 10:00:00,4.988464898843328
2025-03-28 11:00:00,4.01762252026513
2025-03-28 12:00:00,3.3553564895459296
2025-03-28 13:00:00,3.009081091759699
2025-03-28 14:00:00,3.3144367314153507
2025-03-28 15:00:00,3.928910472627686
2025-03-28 16:00:00,5.0271905111376505
2025-03-28 17:00:00,5.762200184179117
2025-03-28 18:00:00,6.5734786120311455
2025-03-28 19:00:00,7.060960026861311
2025-03-28 20:00:00,6.742817177269215
2025-03-28 21:00:00,5.742863447277996
2025-03-28 22:00:00,4.73475287233363
2025-03-28 23:00:00,3.882989410404141
2025-03-29 00:00:00,2.1128349388829273
2025-03-29 01:00:00,2.1471469274723596
2025-03-29 02:00:00,2.2283001370507485
2025-03-29 03:00:00,2.4420348057611854
2025-03-29 04:00:00,2.744835016731846
2025-03-29 05:00:00,3.3243814984724196
2025-03-29 06:00:00,4.169590528426999
2025-03-29 07:00:00,5.002918067235602
2025-03-29 08:00:00,5.314464750094345
2025-03-29 09:00:00,5.118610918635436
2025-03-29 10:00:00,4.242197631216986
2025-03-29 11:00:00,3.436846034276777
2025-03-29 12:00:00,2.837764112871109
2025-03-29 13:00:00,2.6427741797785043
2025-03-29 14:00:00,2.9128398853169926
2025-03-29 15:00:00,3.403077483215624
2025-03-29 16:00:00,4.153044745252434
2025-03-29 17:00:00,4.997943719191929
2025-03-29 18:00:00,5.714258758733284
2025-03-29 19:00:00,6.081627141623149
2025-03-29 20:00:00,5.831440788148605
2025-03-29 21:00:00,4.9521321018323095
2025-03-29 22:00:00,4.150275816935119
2025-03-29 23:00:00,3.202013637094821
2025-03-30 00:00:00,2.160534365195182
2025-03-30 01:00:00,2.2010222998078084
2025-03-30 02:00:00,2.214974932805403
2025-03-30 03:00:00,2.4848299284207798
2025-03-30 04:00:00,2.733312225703566
2025-03-30 05:00:00,3.471463179775943
2025-03-30 06:00:00,4.3387941640878
2025-03-30 07:00:00,5.129118108840176
2025-03-30 08:00:00,5.453006288315303
2025-03-30 09:00:00,5.152743780694831
2025-03-30 10:00:00,4.425453254182468
2025-03-30 11:00:00,3.5869432119094866
2025-03-30 12:00:00,2.8863239299129364
2025-03-30 13:00:00,2.71356324383503
2025-03-30 14:00:00,2.801897445127412
2025-03-30 15:00:00,3.414873571460738
2025-03-30 16:00:00,4.094200602871767
2025-03-30 17:00:00,5.161762017009414
2025-03-30 18:00:00,6.027544700725396
2025-03-30 19:00:00,6.035770463739638
2025-03-30 20:00:00,5.519109331692236
2025-03-30 21:00:00,4.9954364800219455
2025-03-30 22:00:00,4.255421308042916
2025-03-30 23:00:00,3.379308367094772
2025-03-31 00:00:00,2.486977542301735
2025-03-31 01:00:00,2.5440021850262338
2025-03-31 02:00:00,2.5869319638238824
2025-03-31 03:00:00,2.8251252506999527
2025-03-31 04:00:00,3.259225189563576
2025-03-31 05:00:00,4.096728957443274
2025-03-31 06:00:00,5.030077962520345
2025-03-31 07:00:00,6.0186134690838236
2025-03-31 08:00:00,6.248032494283009
2025-03-31 09:00:00,5.8430875709553725
2025-03-31 10:00:00,5.176314761109011
2025-03-31 11:00:00,4.032575201125053
2025-03-31 12:00:00,3.373565131897282
2025-03-31 13:00:00,3.07877419932463
2025-03-31 14:00:00,3.230393394494244
2025-03-31 15:00:00,3.8695147657682125
2025-03-31 16:00:00,4.919543774716578
2025-03-31 17:00:00,5.875051733251029
2025-03-31 18:00:00,6.412308747510632
2025-03-31 19:00:00,6.929626816650057
2025-03-31 20:00:00,6.876123941499584
2025-03-31 21:00:00,5.784799097972562
2025-03-31 22:00:00,4.60504724611051
2025-03-31 23:00:00,3.990051225668714
2025-04-01 00:00:00,2.512591691092864
2025-04-01 01:00:00,2.494333804982148
2025-04-01 02:00:00,2.5472926434348473
2025-04-01 03:00:00,2.8223308985595446
2025-04-01 04:00:00,3.170934045969015
2025-04-01 05:00:00,4.073779341132108
2025-04-01 06:00:00,5.056768862656344
2025-04-01 07:00:00,5.950363861772116
2025-04-01 08:00:00,6.315400431452138
2025-04-01 09:00:00,5.903308768519587
2025-04-01 10:00:00,5.118604406235541
2025-04-01 11:00:00,3.9522657945665207
2025-04-01 12:00:00,3.2177468304776813
2025-04-01 13:00:00,3.114070434501246
2025-04-01 14:00:00,3.3154929471397474
2025-04-01 15:00:00,3.9123001243243993
2025-04-01 16:00:00,4.829191670186798
2025-04-01 17:00:00,5.782851042077465
2025-04-01 18:00:00,6.755333284852721
2025-04-01 19:00:00,6.964776805100782
2025-04-01 20:00:00,6.585674794598513
2025-04-01 21:00:00,5.782975661829456
2025-04-01 22:00:00,4.978364348864802
2025-04-01 23:00:00,3.717247120807808
2025-04-02 00:00:00,2.495066954797358
2025-04-02 01:00:00,2.4057798139286257
2025-04-02 02:00:00,2.5521352862684235
2025-04-02 03:00:00,2.729304676235682
2025-04-02 04:00:00,3.0616080154610805
2025-04-02 05:00:00,3.9997290148478886
2025-04-02 06:00:00,4.947698941241856
2025-04-02 07:00:00,5.65358555384689
2025-04-02 08:00:00,6.381143155602379
2025-04-02 09:00:00,6.073437223423967
2025-04-02 10:00:00,5.145702688894551
2025-04-02 11:00:00,4.037037398655291
2025-04-02 12:00:00,3.3174241523124137
2025-04-02 13:00:00,3.147295340213884
2025-04-02 14:00:00,3.37287255289027
2025-04-02 15:00:00,3.9495233310915268
2025-04-02 16:00:00,4.68402372394535
2025-04-02 17:00:00,5.823825200174168
2025-04-02 18:00:00,6.6863459339202
2025-04-02 19:00:00,6.69609039455319
2025-04-02 20:00:00,6.690178056601517
2025-04-02 21:00:00,6.063230700233619
2025-04-02 22:00:00,4.829831462620142
2025-04-02 23:00:00,3.95093342310838
2025-04-03 00:00:00,2.466968246102755
2025-04-03 01:00:00,2.473258760540635
2025-04-03 02:00:00,2.5642417151861716
2025-04-03 03:00:00,2.694668141384879
2025-04-03 04:00:00,3.117528311365216
2025-04-03 05:00:00,4.048941915321244
2025-04-03 06:00:00,5.096725399707513
2025-04-03 07:00:00,5.755342675681225
2025-04-03 08:00:00,6.365158840342896
2025-04-03 09:00:00,5.8641463588991725
2025-04-03 10:00:00,5.005498520264758
2025-04-03 11:00:00,4.0248547050588055
2025-04-03 12:00:00,3.36332022565744
2025-04-03 13:00:00,3.055517332505838
2025-04-03 14:00:00,3.3382695191975
2025-04-03 15:00:00,3.866365054977394
2025-04-03 16:00:00,4.80925959941992
2025-04-03 17:00:00,5.675176836855993
2025-04-03 18:00:00,6.8795396173733865
2025-04-03 19:00:00,6.977627103560103
2025-04-03 20:00:00,6.688737962237205
2025-04-03 21:00:00,5.584877709814288
2025-04-03 22:00:00,4.666792789106136
2025-04-03 23:00:00,3.9131181166972837
2025-04-04 00:00:00,2.4661653996297654
2025-04-04 01:00:00,2.376382588869929
2025-04-04 02:00:00,2.591467036523766
2025-04-04 03:00:00,2.7030902279006885
2025-04-04 04:00:00,3.260707512550859
2025-04-04 05:00:00,3.9325628479029984
2025-04-04 06:00:00,4.968966144042783
2025-04-04 07:00:00,5.995804095807008
2025-04-04 08:00:00,6.117515333620605
2025-04-04 09:00:00,5.743941266219831
2025-04-04 10:00:00,4.940323543490297
2025-04-04 11:00:00,4.044424836815411
2025-04-04 12:00:00,3.2022807818953725
2025-04-04 13:00:00,2.941650359866992
2025-04-04 14:00:00,3.29229406061651
2025-04-04 15:00:00,3.787163971548559
2025-04-04 16:00:00,4.701426577615304
2025-04-04 17:00:00,5.543736814253889
2025-04-04 18:00:00,6.4897019347846
2025-04-04 19:00:00,6.895090407301796
2025-04-04 20:00:00,6.701338200197269
2025-04-04 21:00:00,5.667877870517281
2025-04-04 22:00:00,4.890417470708338
2025-04-04 23:00:00,3.757287755786865
2025-04-05 00:00:00,2.0793011271169393
2025-04-05 01:00:00,2.189636388422914
2025-04-05 02:00:00,2.191828447257498
2025-04-05 03:00:00,2.3234979567902005
2025-04-05 04:00:00,2.7178638006739297
2025-04-05 05:00:00,3.4784826831131195
2025-04-05 06:00:00,4.379231104628641
2025-04-05 07:00:00,4.953669183220984
2025-04-05 08:00:00,5.350899652937312
2025-04-05 09:00:00,5.047275846345596
2025-04-05 10:00:00,4.179917082650138
2025-04-05 11:00:00,3.416654074515067
2025-04-05 12:00:00,2.8286307641910833
2025-04-05 13:00:00,2.6759206600317196
2025-04-05 14:00:00,2.851801103717511
2025-04-05 15:00:00,3.273923679376449
2025-04-05 16:00:00,4.056408610787401
2025-04-05 17:00:00,5.0156111477138134
2025-04-05 18:00:00,5.589899147418574
2025-04-05 19:00:00,5.998502356922175
2025-04-05 20:00:00,5.646047900484597
2025-04-05 21:00:00,4.853140390940064
2025-04-05 22:00:00,3.991592517634756
2025-04-05 23:00:00,3.3698160502976062
2025-04-06 00:00:00,2.08299031616849
2025-04-06 01:00:00,2.1746809725390213
2025-04-06 02:00:00,2.1411433290008994
2025-04-06 03:00:00,2.342298895582602
2025-04-06 04:00:00,2.8316157847729477
2025-04-06 05:00:00,3.285996123948671
2025-04-06 06:00:00,4.056925524275325
2025-04-06 07:00:00,5.12000602595848
2025-04-06 08:00:00,5.220479730341025
2025-04-06 09:00:00,4.991731900153052
2025-04-06 10:00:00,4.176926818280858
2025-04-06 11:00:00,3.4085090465332204
2025-04-06 12:00:00,2.7501145106861182
2025-04-06 13:00:00,2.583874787091291
2025-04-06 14:00:00,2.7848535697465815
2025-04-06 15:00:00,3.2007105254551242
2025-04-06 16:00:00,3.9814083250292245
2025-04-06 17:00:00,4.8721484452454025
2025-04-06 18:00:00,5.44605487463017
2025-04-06 19:00:00,5.826803951340766
2025-04-06 20:00:00,5.619476959315175
2025-04-06 21:00:00,4.866287337059904
2025-04-06 22:00:00,4.011720356933278
2025-04-06 23:00:00,3.244884469773839
2025-04-07 00:00:00,2.353950481577926
2025-04-07 01:00:00,2.4368029664921282
2025-04-07 02:00:00,2.540445467151888
2025-04-07 03:00:00,2.633604445980377
2025-04-07 04:00:00,3.114658815458358
2025-04-07 05:00:00,3.8136978517777145
2025-04-07 06:00:00,4.8489526555270395
2025-04-07 07:00:00,5.876394060056599
2025-04-07 08:00:00,6.121115051619397
2025-04-07 09:00:00,5.498324011389215
2025-04-07 10:00:00,4.868378979715172
2025-04-07 11:00:00,3.9655437641197717
2025-04-07 12:00:00,3.1859588118841926
2025-04-07 13:00:00,3.0191375375774663
2025-04-07 14:00:00,3.1071301514227625
2025-04-07 15:00:00,3.618077399203928
2025-04-07 16:00:00,4.622401581349716
2025-04-07 17:00:00,5.403809881792833
2025-04-07 18:00:00,6.368957703356842
2025-04-07 19:00:00,6.880736934807891
2025-04-07 20:00:00,6.155096352299033
2025-04-07 21:00:00,5.456404582400609
2025-04-07 22:00:00,4.509402190372581
2025-04-07 23:00:00,3.7008755046868607
2025-04-08 00:00:00,2.358417833438632
2025-04-08 01:00:00,2.4610652301782743
2025-04-08 02:00:00,2.506700273889039
2025-04-08 03:00:00,2.6740033933599308
2025-04-08 04:00:00,3.081468921877541
2025-04-08 05:00:00,3.8469190347338955
2025-04-08 06:00:00,4.712060067293212
2025-04-08 07:00:00,5.772715320046615
2025-04-08 08:00:00,5.90126150569837
2025-04-08 09:00:00,5.772821730482537
2025-04-08 10:00:00,4.919483380151316
2025-04-08 11:00:00,3.871061737452579
2025-04-08 12:00:00,3.1762465549129644
2025-04-08 13:00:00,2.9720860916268492
2025-04-08 14:00:00,2.958552857728145
2025-04-08 15:00:00,3.7365638614073426
2025-04-08 16:00:00,4.580741740198514
2025-04-08 17:00:00,5.572747402918346
2025-04-08 18:00:00,6.464399536469981
2025-04-08 19:00:00,6.671559451619181
2025-04-08 20:00:00,6.228849597643083
2025-04-08 21:00:00,5.561771458241733
2025-04-08 22:00:00,4.592419598475179
2025-04-08 23:00:00,3.6993911594014635
2025-04-09 00:00:00,2.395806333075508
2025-04-09 01:00:00,2.456468316142488
2025-04-09 02:00:00,2.4187589893995036
2025-04-09 03:00:00,2.670811521997923
2025-04-09 04:00:00,3.1680743723643316
2025-04-09 05:00:00,3.703524530319674
2025-04-09 06:00:00,4.836813615133303
2025-04-09 07:00:00,5.63795554122982
2025-04-09 08:00:00,6.021706840615015
2025-04-09 09:00:00,5.604019425851734
2025-04-09 10:00:00,4.813937709233369
2025-04-09 11:00:00,4.017412965897112
2025-04-09 12:00:00,3.1229288304401543
2025-04-09 13:00:00,2.894389263478768
2025-04-09 14:00:00,3.072232077917859
2025-04-09 15:00:00,3.862284821633446
2025-04-09 16:00:00,4.572203573044088
2025-04-09 17:00:00,5.604348623557075
2025-04-09 18:00:00,6.355652636680862
2025-04-09 19:00:00,6.58922341978506
2025-04-09 20:00:00,6.377015629374676
2025-04-09 21:00:00,5.882005082584154
2025-04-09 22:00:00,4.7382706024970895
2025-04-09 23:00:00,3.6466931569851937
2025-04-10 00:00:00,2.4101747016683936
2025-04-10 01:00:00,2.357789016984503
2025-04-10 02:00:00,2.375920780095417
2025-04-10 03:00:00,2.7058168715689366
2025-04-10 04:00:00,3.148523221453932
2025-04-10 05:00:00,3.902598669171768
2025-04-10 06:00:00,4.756785576021065
2025-04-10 07:00:00,5.664968161194611
2025-04-10 08:00:00,6.135188380660273
2025-04-10 09:00:00,5.730997632803401
2025-04-10 10:00:00,4.7748019049151145
2025-04-10 11:00:00,3.735575112022921
2025-04-10 12:00:00,3.1995311275482434
2025-04-10 13:00:00,3.0166263901559267
2025-04-10 14:00:00,3.0675800677722185
2025-04-10 15:00:00,3.767201613439333
2025-04-10 16:00:00,4.628524998095325
2025-04-10 17:00:00,5.670580518338529
2025-04-10 18:00:00,6.495218413738049
2025-04-10 19:00:00,6.598630796159996
2025-04-10 20:00:00,6.1773222512933765
2025-04-10 21:00:00,5.526306570320159
2025-04-10 22:00:00,4.674778700265754
2025-04-10 23:00:00,3.6563729529403384
2025-04-11 00:00:00,2.3466096673731056
2025-04-11 01:00:00,2.3105980174512486
2025-04-11 02:00:00,2.5500940571862483
2025-04-11 03:00:00,2.6958590713771624
2025-04-11 04:00:00,3.124880695074825
2025-04-11 05:00:00,3.89707329752914
2025-04-11 06:00:00,4.857873676293133
2025-04-11 07:00:00,5.656823980958218
2025-04-11 08:00:00,6.02546662879542
2025-04-11 09:00:00,5.63851610621128
2025-04-11 10:00:00,5.066896749346425
2025-04-11 11:00:00,3.903973108679277
2025-04-11 12:00:00,3.163025022141608
2025-04-11 13:00:00,2.9807475883121546
2025-04-11 14:00:00,3.0796825334011015
2025-04-11 15:00:00,3.83206290002089
2025-04-11 16:00:00,4.537782811551298
2025-04-11 17:00:00,5.643421773968263
2025-04-11 18:00:00,6.520762733760476
2025-04-11 19:00:00,6.743867279260203
2025-04-11 20:00:00,6.396589437742799
2025-04-11 21:00:00,5.587780949452607
2025-04-11 22:00:00,4.588461903274229
2025-04-11 23:00:00,3.6542420908318194
2025-04-12 00:00:00,2.072995935634213
2025-04-12 01:00:00,2.170269433904511
2025-04-12 02:00:00,2.1610194104292764
2025-04-12 03:00:00,2.294631553307765
2025-04-12 04:00:00,2.6773068691357382
2025-04-12 05:00:00,3.4346000434406805
2025-04-12 06:00:00,4.278616985037897
2025-04-12 07:00:00,5.052993829104641
2025-04-12 08:00:00,5.286663579244196
2025-04-12 09:00:00,5.056560359546534
2025-04-12 10:00:00,4.176593248265811
2025-04-12 11:00:00,3.376391648589971
2025-04-12 12:00:00,2.8608936216161758
2025-04-12 13:00:00,2.6414214669638447
2025-04-12 14:00:00,2.7087654294619323
2025-04-12 15:00:00,3.2141850925821247
2025-04-12 16:00:00,4.051127611541194
2025-04-12 17:00:00,5.081133460564402
2025-04-12 18:00:00,5.3973435414472695
2025-04-12 19:00:00,5.915608370545728
2025-04-12 20:00:00,5.457802107837617
2025-04-12 21:00:00,4.848522085375206
2025-04-12 22:00:00,4.008569980372343
2025-04-12 23:00:00,3.2223776040900516
2025-04-13 00:00:00,2.0668759433180672
2025-04-13 01:00:00,2.1055556891033946
2025-04-13 02:00:00,2.139852095933429
2025-04-13 03:00:00,2.260246705451715
2025-04-13 04:00:00,2.7439936930992244
2025-04-13 05:00:00,3.4069699783551113
2025-04-13 06:00:00,4.287386867162245
2025-04-13 07:00:00,4.836946277790086
2025-04-13 08:00:00,5.339104938148963
2025-04-13 09:00:00,5.060472557030634
2025-04-13 10:00:00,4.138599201009316
2025-04-13 11:00:00,3.3903841016188827
2025-04-13 12:00:00,2.7964254916631663
2025-04-13 13:00:00,2.688301772167753
2025-04-13 14:00:00,2.8657801061595203
2025-04-13 15:00:00,3.1573248130880276
2025-04-13 16:00:00,4.238648410232717
2025-04-13 17:00:00,4.815628267015294
2025-04-13 18:00:00,5.715268976442328
2025-04-13 19:00:00,5.989533295693114
2025-04-13 20:00:00,5.493603702408496
2025-04-13 21:00:00,4.953057740130852
2025-04-13 22:00:00,4.024268749881975
2025-04-13 23:00:00,3.2816199368854124
2025-04-14 00:00:00,2.4260270812528537
2025-04-14 01:00:00,2.491689206500547
2025-04-14 02:00:00,2.5039937346171244
2025-04-14 03:00:00,2.6823058898939727
2025-04-14 04:00:00,3.1915364175184995
2025-04-14 05:00:00,3.9247385833905564
2025-04-14 06:00:00,4.944942321514249
2025-04-14 07:00:00,5.692119846289528
2025-04-14 08:00:00,6.006553700688112
2025-04-14 09:00:00,5.7058503753586995
2025-04-14 10:00:00,4.823903547797502
2025-04-14 11:00:00,3.979841425564368
2025-04-14 12:00:00,3.3031686601656767
2025-04-14 13:00:00,2.987695283362051
2025-04-14 14:00:00,3.2810714364444573
2025-04-14 15:00:00,3.878548354063444
2025-04-14 16:00:00,4.68940962082025
2025-04-14 17:00:00,5.576976353421405
2025-04-14 18:00:00,6.683352128613634
2025-04-14 19:00:00,6.783200048796665
2025-04-14 20:00:00,6.49543676930928
2025-04-14 21:00:00,5.630810476870689
2025-04-14 22:00:00,4.5787256293021725
2025-04-14 23:00:00,3.641440491929252
2025-04-15 00:00:00,2.4326941501347576
2025-04-15 01:00:00,2.3828400243916645
2025-04-15 02:00:00,2.639371665408649
2025-04-15 03:00:00,2.61914619437733
2025-04-15 04:00:00,3.028653079157159
2025-04-15 05:00:00,3.898839862909769
2025-04-15 06:00:00,4.996472793904939
2025-04-15 07:00:00,5.74611418579427
2025-04-15 08:00:00,6.172643259556381
2025-04-15 09:00:00,5.529585397324728
2025-04-15 10:00:00,4.793227701686093
2025-04-15 11:00:00,3.8140949853300534
2025-04-15 12:00:00,3.1008678823942093
2025-04-15 13:00:00,2.988333462316453
2025-04-15 14:00:00,3.030807357919044
2025-04-15 15:00:00,3.656216374843425
2025-04-15 16:00:00,4.592469040232072
2025-04-15 17:00:00,5.546821142604724
2025-04-15 18:00:00,6.4965060838635145
2025-04-15 19:00:00,6.79734672732853
2025-04-15 20:00:00,6.560502013167198
2025-04-15 21:00:00,5.724604823551433
2025-04-15 22:00:00,4.7431710260526385
2025-04-15 23:00:00,3.7319207952732314
2025-04-16 00:00:00,2.41704534751964
2025-04-16 01:00:00,2.4457134476706046
2025-04-16 02:00:00,2.4944093240387706
2025-04-16 03:00:00,2.6562280435284893
2025-04-16 04:00:00,3.0863514994053904
2025-04-16 05:00:00,3.7966347838115935
2025-04-16 06:00:00,4.889425566711829
2025-04-16 07:00:00,5.728331227057135
2025-04-16 08:00:00,6.022295708481636
2025-04-16 09:00:00,5.665645127486173
2025-04-16 10:00:00,4.741789279805746
2025-04-16 11:00:00,3.974387824923544
2025-04-16 12:00:00,3.2283282834993017
2025-04-16 13:00:00,2.9301271658182553
2025-04-16 14:00:00,3.2246932640448014
2025-04-16 15:00:00,3.7137043962732017
2025-04-16 16:00:00,4.5120880014331055
2025-04-16 17:00:00,5.75622909962633
2025-04-16 18:00:00,6.376638023851629
2025-04-16 19:00:00,6.7012977021661975
2025-04-16 20:00:00,6.451068419840348
2025-04-16 21:00:00,5.769041718089079
2025-04-16 22:00:00,4.639562936135369
2025-04-16 23:00:00,3.6428279218685007
2025-04-17 00:00:00,2.418144630196516
2025-04-17 01:00:00,2.3871455595687907
2025-04-17 02:00:00,2.5701719352029824
2025-04-17 03:00:00,2.665914603324892
2025-04-17 04:00:00,2.955349731023617
2025-04-17 05:00:00,3.8706025123781993
2025-04-17 06:00:00,5.015431452638166
2025-04-17 07:00:00,5.894531837711095
2025-04-17 08:00:00,6.299512075457427
2025-04-17 09:00:00,5.600383018714149
2025-04-17 10:00:00,4.926781244224272
2025-04-17 11:00:00,3.8252537053273037
2025-04-17 12:00:00,3.2237844735547654
2025-04-17 13:00:00,2.893163659968005
2025-04-17 14:00:00,3.1189930983904235
2025-04-17 15:00:00,3.6890604267277802
2025-04-17 16:00:00,4.705780670397631
2025-04-17 17:00:00,5.706685147860229
2025-04-17 18:00:00,6.453670692307506
2025-04-17 19:00:00,6.545775173842975
2025-04-17 20:00:00,6.378016133024324
2025-04-17 21:00:00,5.532077898658993
2025-04-17 22:00:00,4.6980633490620205
2025-04-17 23:00:00,3.8038439868797416
2025-04-18 00:00:00,2.443177120607654
2025-04-18 01:00:00,2.374616055312537
2025-04-18 02:00:00,2.341450898371107
2025-04-18 03:00:00,2.5723007148499666
2025-04-18 04:00:00,3.182265432547154
2025-04-18 05:00:00,3.813093288712556
2025-04-18 06:00:00,4.756186998436469
2025-04-18 07:00:00,5.903398533606053
2025-04-18 08:00:00,6.232053739253598
2025-04-18 09:00:00,5.72097828549547
2025-04-18 10:00:00,4.811129173760561
2025-04-18 11:00:00,3.8718574330986706
2025-04-18 12:00:00,3.224645742440402
2025-04-18 13:00:00,3.064390930778591
2025-04-18 14:00:00,3.1870855978080206
2025-04-18 15:00:00,3.794737011409994
2025-04-18 16:00:00,4.731802543304792
2025-04-18 17:00:00,5.486492919237489
2025-04-18 18:00:00,6.516401247162619
2025-04-18 19:00:00,6.689243621643363
2025-04-18 20:00:00,6.096330964898941
2025-04-18 21:00:00,5.377977820519894
2025-04-18 22:00:00,4.52466609624598
2025-04-18 23:00:00,3.7565467174521823
2025-04-19 00:00:00,2.1020665343265357
2025-04-19 01:00:00,2.1212208225021953
2025-04-19 02:00:00,2.2561331502845414
2025-04-19 03:00:00,2.278063814729206
2025-04-19 04:00:00,2.7108562213827754
2025-04-19 05:00:00,3.3899809908087324
2025-04-19 06:00:00,4.170331521874228
2025-04-19 07:00:00,5.012953948753533
2025-04-19 08:00:00,5.157496354507176
2025-04-19 09:00:00,5.153698881210519
2025-04-19 10:00:00,4.184331439969312
2025-04-19 11:00:00,3.5411803175273846
2025-04-19 12:00:00,2.8120008547837463
2025-04-19 13:00:00,2.656362324745795
2025-04-19 14:00:00,2.7673280726588882
2025-04-19 15:00:00,3.276709515726121
2025-04-19 16:00:00,4.0056127635094585
2025-04-19 17:00:00,4.936202056429718
2025-04-19 18:00:00,5.662885333114304
2025-04-19 19:00:00,5.805791566898365
2025-04-19 20:00:00,5.612920270162039
2025-04-19 21:00:00,4.8636394262166025
2025-04-19 22:00:00,4.234812672392698
2025-04-19 23:00:00,3.2523938844063855
2025-04-20 00:00:00,2.1428055676404285
2025-04-20 01:00:00,2.08636405101328
2025-04-20 02:00:00,2.1631804837837656
2025-04-20 03:00:00,2.2553030145113606
2025-04-20 04:00:00,2.6640924024209136
2025-04-20 05:00:00,3.3534433067861324
2025-04-20 06:00:00,4.327931143466444
2025-04-20 07:00:00,4.987429064397556
2025-04-20 08:00:00,5.426549870737812
2025-04-20 09:00:00,5.031266454866713
2025-04-20 10:00:00,4.341128407827727
2025-04-20 11:00:00,3.3685619255544084
2025-04-20 12:00:00,2.922018682655018
2025-04-20 13:00:00,2.554563821213771
2025-04-20 14:00:00,2.7034607041510355
2025-04-20 15:00:00,3.1708123791194156
2025-04-20 16:00:00,4.204031969332601
2025-04-20 17:00:00,4.960489527148307
2025-04-20 18:00:00,5.539590685871667
2025-04-20 19:00:00,5.991673438932816
2025-04-20 20:00:00,5.653455905300416
2025-04-20 21:00:00,5.071643375311483
2025-04-20 22:00:00,3.8882452605170967
2025-04-20 23:00:00,3.212013342291659
2025-04-21 00:00:00,2.3806939797042452
2025-04-21 01:00:00,2.325826256482809
2025-04-21 02:00:00,2.5405949500829186
2025-04-21 03:00:00,2.6635257896460023
2025-04-21 04:00:00,3.153571512660766
2025-04-21 05:00:00,4.042679185417814
2025-04-21 06:00:00,4.815204599655523
2025-04-21 07:00:00,5.691866554299147
2025-04-21 08:00:00,6.118897099843192
2025-04-21 09:00:00,5.856179017668689
2025-04-21 10:00:00,4.805264141231832
2025-04-21 11:00:00,3.8496189750460537
2025-04-21 12:00:00,3.2920396428181076
2025-04-21 13:00:00,3.0047288857632948
2025-04-21 14:00:00,3.0441831643449615
2025-04-21 15:00:00,3.6644550305569314
2025-04-21 16:00:00,4.782993953832587
2025-04-21 17:00:00,5.687444333741117
2025-04-21 18:00:00,6.348829051196299
2025-04-21 19:00:00,6.734808846836201
2025-04-21 20:00:00,6.448695374055899
2025-04-21 21:00:00,5.724238299966339
2025-04-21 22:00:00,4.512580119358899
2025-04-21 23:00:00,3.670263643059821
2025-04-22 00:00:00,2.425565327109428
2025-04-22 01:00:00,2.4261008408360714
2025-04-22 02:00:00,2.5262110881956596
2025-04-22 03:00:00,2.622454322013827
2025-04-22 04:00:00,3.142137722628887
2025-04-22 05:00:00,3.960315417136546
2025-04-22 06:00:00,4.915987280908416
2025-04-22 07:00:00,5.778881679686471
2025-04-22 08:00:00,6.116724402477985
2025-04-22 09:00:00,5.669163942895295
2025-04-22 10:00:00,4.872488674426545
2025-04-22 11:00:00,4.01280511035799
2025-04-22 12:00:00,3.22888023682083
2025-04-22 13:00:00,2.9406233822796075
2025-04-22 14:00:00,3.155124626085158
2025-04-22 15:00:00,3.7864790680718534
2025-04-22 16:00:00,4.627054186784563
2025-04-22 17:00:00,5.719312892236713
2025-04-22 18:00:00,6.540208973987508
2025-04-22 19:00:00,6.905110141372655
2025-04-22 20:00:00,6.65668360711447
2025-04-22 21:00:00,5.776270891180069
2025-04-22 22:00:00,4.569863968589243
2025-04-22 23:00:00,3.6800428965978553
2025-04-23 00:00:00,2.405346834111256
2025-04-23 01:00:00,2.4056254465357485
2025-04-23 02:00:00,2.4373440720703146
2025-04-23 03:00:00,2.661062356827853
2025-04-23 04:00:00,3.0858925647676436
2025-04-23 05:00:00,3.8182384725014695
2025-04-23 06:00:00,4.831021036384963
2025-04-23 07:00:00,5.89036343684097
2025-04-23 08:00:00,6.144229894900086
2025-04-23 09:00:00,6.041927152258638
2025-04-23 10:00:00,4.889257894385699
2025-04-23 11:00:00,3.8860012480373274
2025-04-23 12:00:00,3.232293010927761
2025-04-23 13:00:00,3.0050222935441124
2025-04-23 14:00:00,3.20970637378858
2025-04-23 15:00:00,3.9224356428272924
2025-04-23 16:00:00,4.5766080403027605
2025-04-23 17:00:00,5.753536679480787
2025-04-23 18:00:00,6.490264428272883
2025-04-23 19:00:00,6.562045706342157
2025-04-23 20:00:00,6.562913959460009
2025-04-23 21:00:00,5.798873284984267
2025-04-23 22:00:00,4.570593832464142
2025-04-23 23:00:00,3.74181955656009
2025-04-24 00:00:00,2.3117583519118874
2025-04-24 01:00:00,2.3520568074325943
2025-04-24 02:00:00,2.530955354200689
2025-04-24 03:00:00,2.6435974376220943
2025-04-24 04:00:00,3.0278873393195376
2025-04-24 05:00:00,3.8644145505997005
2025-04-24 06:00:00,4.781740970174066
2025-04-24 07:00:00,5.665954389458918
2025-04-24 08:00:00,6.1726552385539355
2025-04-24 09:00:00,5.589419214868295
2025-04-24 10:00:00,4.755382707578818
2025-04-24 11:00:00,3.896933641029145
2025-04-24 12:00:00,3.27469926340161
2025-04-24 13:00:00,3.0451314926202553
2025-04-24 14:00:00,3.120632856901892
2025-04-24 15:00:00,3.813342802921914
2025-04-24 16:00:00,4.554502064543058
2025-04-24 17:00:00,5.8273770067225845
2025-04-24 18:00:00,6.278522389630397
2025-04-24 19:00:00,6.912736688067382
2025-04-24 20:00:00,6.339728190555119
2025-04-24 21:00:00,5.8475155914435835
2025-04-24 22:00:00,4.676764864741468
2025-04-24 23:00:00,3.644194400731097
2025-04-25 00:00:00,2.3798139895090644
2025-04-25 01:00:00,2.4612973036400456
2025-04-25 02:00:00,2.542338497534561
2025-04-25 03:00:00,2.67645869974434
2025-04-25 04:00:00,3.1129804981679445
2025-04-25 05:00:00,3.9223139139753194
2025-04-25 06:00:00,4.8663175505414875
2025-04-25 07:00:00,5.596396295435364
2025-04-25 08:00:00,6.010180587564812
2025-04-25 09:00:00,5.7746213967172375
2025-04-25 10:00:00,4.982672450677923
2025-04-25 11:00:00,4.028195781001418
2025-04-25 12:00:00,3.276876845437896
2025-04-25 13:00:00,3.0017905874144204
2025-04-25 14:00:00,3.224212179007315
2025-04-25 15:00:00,3.7095277215850833
2025-04-25 16:00:00,4.633215375535744
2025-04-25 17:00:00,5.55373747644488
2025-04-25 18:00:00,6.291353286718799
2025-04-25 19:00:00,6.808615431564108
2025-04-25 20:00:00,6.4763239680504086
2025-04-25 21:00:00,5.723599475990869
2025-04-25 22:00:00,4.693176660693938
2025-04-25 23:00:00,3.7543050284767814
2025-04-26 00:00:00,2.116469140696644
2025-04-26 01:00:00,2.107469754500019
2025-04-26 02:00:00,2.185031518968479
2025-04-26 03:00:00,2.2989139668078473
2025-04-26 04:00:00,2.7270245964807005
2025-04-26 05:00:00,3.4077924504667325
2025-04-26 06:00:00,4.167753727359715
2025-04-26 07:00:00,5.005443090104078
2025-04-26 08:00:00,5.251185081415041
2025-04-26 09:00:00,4.949822402329737
2025-04-26 10:00:00,4.138561724006547
2025-04-26 11:00:00,3.482209266063194
2025-04-26 12:00:00,2.86814814116781
2025-04-26 13:00:00,2.625646812331143
2025-04-26 14:00:00,2.873887430981695
2025-04-26 15:00:00,3.259890315492721
2025-04-26 16:00:00,4.290249048244195
2025-04-26 17:00:00,4.8924170136585845
2025-04-26 18:00:00,5.644690937116375
2025-04-26 19:00:00,5.839872315293358
2025-04-26 20:00:00,5.657742329033708
2025-04-26 21:00:00,4.996157335660177
2025-04-26 22:00:00,4.031433742894448
2025-04-26 23:00:00,3.367383413406884
2025-04-27 00:00:00,2.1144834408778506
2025-04-27 01:00:00,2.1320795143898286
2025-04-27 02:00:00,2.139173806373066
2025-04-27 03:00:00,2.364961955937319
2025-04-27 04:00:00,2.7142635151416132
2025-04-27 05:00:00,3.3397839422881703
2025-04-27 06:00:00,4.181084247179591
2025-04-27 07:00:00,5.295762265236489
2025-04-27 08:00:00,5.317915320201061
2025-04-27 09:00:00,4.88283283911621
2025-04-27 10:00:00,4.197132684183832
2025-04-27 11:00:00,3.4109650899163655
2025-04-27 12:00:00,2.8542565964265205
2025-04-27 13:00:00,2.640666531809241
2025-04-27 14:00:00,2.8173081624911265
2025-04-27 15:00:00,3.247433962447037
2025-04-27 16:00:00,4.0944118726574805
2025-04-27 17:00:00,4.854623342257672
2025-04-27 18:00:00,5.576240789961403
2025-04-27 19:00:00,5.809718888677298
2025-04-27 20:00:00,5.5119133206664985
2025-04-27 21:00:00,5.045598766334504
2025-04-27 22:00:00,4.118305752065927
2025-04-27 23:00:00,3.3331705127280142
2025-04-28 00:00:00,2.4296412872001873
2025-04-28 01:00:00,2.4844171619120985
2025-04-28 02:00:00,2.4249828513611646
2025-04-28 03:00:00,2.7523633966557934
2025-04-28 04:00:00,3.1508102581472963
2025-04-28 05:00:00,3.949260755981536
2025-04-28 06:00:00,4.936775456352073
2025-04-28 07:00:00,5.684996841897314
2025-04-28 08:00:00,5.9826569104781315
2025-04-28 09:00:00,5.719454908305099
2025-04-28 10:00:00,4.966017224809655
2025-04-28 11:00:00,3.9934412218944497
2025-04-28 12:00:00,3.168049387557674
2025-04-28 13:00:00,2.9538168906496196
2025-04-28 14:00:00,3.1603686886147346
2025-04-28 15:00:00,3.7681839980977694
2025-04-28 16:00:00,4.5637156759319435
2025-04-28 17:00:00,5.538221467572407
2025-04-28 18:00:00,6.4066119393681245
2025-04-28 19:00:00,6.839394442527607
2025-04-28 20:00:00,6.359757155116316
2025-04-28 21:00:00,5.686275378096875
2025-04-28 22:00:00,4.785700315398899
2025-04-28 23:00:00,3.6733981780409724
2025-04-29 00:00:00,2.449404304771156
2025-04-29 01:00:00,2.5292781928995596
2025-04-29 02:00:00,2.52517337145585
2025-04-29 03:00:00,2.7096796585207237
2025-04-29 04:00:00,3.2548671104687785
2025-04-29 05:00:00,3.92727574735063
2025-04-29 06:00:00,5.073417952228942
2025-04-29 07:00:00,5.925923199825364
2025-04-29 08:00:00,6.205448469507643
2025-04-29 09:00:00,5.934541011354523
2025-04-29 10:00:00,5.006796756931593
2025-04-29 11:00:00,4.072196449367907
2025-04-29 12:00:00,3.26367310967397
2025-04-29 13:00:00,3.054951365386209
2025-04-29 14:00:00,3.244796421210109
2025-04-29 15:00:00,3.899211310089321
2025-04-29 16:00:00,4.655568386674501
2025-04-29 17:00:00,5.892538139387718
2025-04-29 18:00:00,6.660615198787172
2025-04-29 19:00:00,6.734938465928755
2025-04-29 20:00:00,6.758411289786121
2025-04-29 21:00:00,6.032196708096179
2025-04-29 22:00:00,4.843054106105122
2025-04-29 23:00:00,3.930090110537066
2025-04-30 00:00:00,2.464769671786254
2025-04-30 01:00:00,2.397103994543873
2025-04-30 02:00:00,2.4535613611307783
2025-04-30 03:00:00,2.7562440145923994
2025-04-30 04:00:00,3.144478324378282
2025-04-30 05:00:00,3.880787330458786
2025-04-30 06:00:00,4.959572974241771
2025-04-30 07:00:00,5.950292528913942
2025-04-30 08:00:00,6.0692355981758155
2025-04-30 09:00:00,5.8277651387879486
2025-04-30 10:00:00,5.127244209097378
2025-04-30 11:00:00,3.9064936238850336
2025-04-30 12:00:00,3.358641264533219
2025-04-30 13:00:00,3.0240834451361045
2025-04-30 14:00:00,3.2856039486653006
2025-04-30 15:00:00,3.9310589862454983
2025-04-30 16:00:00,4.825467355621305
2025-04-30 17:00:00,5.88249683313818
2025-04-30 18:00:00,6.4497239269523305
2025-04-30 19:00:00,7.074091965203394
2025-04-30 20:00:00,6.489069009326544
2025-04-30 21:00:00,5.806548458196118
2025-04-30 22:00:00,4.774401640137145
2025-04-30 23:00:00,3.8596947101691317
2025-05-01 00:00:00,2.4674235017463
2025-05-01 01:00:00,2.4280815197089165
2025-05-01 02:00:00,2.469010468724565
2025-05-01 03:00:00,2.779142175165272
2025-05-01 04:00:00,3.181438954947694
2025-05-01 05:00:00,4.028087958942295
2025-05-01 06:00:00,4.941880249806371
2025-05-01 07:00:00,5.6903040208746685
2025-05-01 08:00:00,6.346618361579735
2025-05-01 09:00:00,5.814078298518949
2025-05-01 10:00:00,4.9913191243287605
2025-05-01 11:00:00,3.9251807336376605
2025-05-01 12:00:00,3.396390592108948
2025-05-01 13:00:00,2.988371968277576
2025-05-01 14:00:00,3.2155160529822973
2025-05-01 15:00:00,3.8397678125466626
2025-05-01 16:00:00,4.632842454335687
2025-05-01 17:00:00,5.792799359781606
2025-05-01 18:00:00,6.7878456625630985
2025-05-01 19:00:00,6.825176635826525
2025-05-01 20:00:00,6.627697025881182
2025-05-01 21:00:00,5.437481989533698
2025-05-01 22:00:00,4.727533969176921
2025-05-01 23:00:00,3.7837570646240564
2025-05-02 00:00:00,2.4213225634753788
2025-05-02 01:00:00,2.534208746090414
2025-05-02 02:00:00,2.5319785448172345
2025-05-02 03:00:00,2.7336871039666573
2025-05-02 04:00:00,3.1594965661484995
2025-05-02 05:00:00,3.803171706613121
2025-05-02 06:00:00,4.855452767140409
2025-05-02 07:00:00,5.993468218218124
2025-05-02 08:00:00,5.9896318454265955
2025-05-02 09:00:00,5.792903570959106
2025-05-02 10:00:00,4.939273626083187
2025-05-02 11:00:00,4.133339557386702
2025-05-02 12:00:00,3.353393783074304
2025-05-02 13:00:00,3.0209487434778586
2025-05-02 14:00:00,3.336346748127836
2025-05-02 15:00:00,3.7912868860261377
2025-05-02 16:00:00,4.853008166482201
2025-05-02 17:00:00,5.622827752370656
2025-05-02 18:00:00,6.746362925388246
2025-05-02 19:00:00,6.866684698435875
2025-05-02 20:00:00,6.468617204942699
2025-05-02 21:00:00,5.753932411439551
2025-05-02 22:00:00,4.778255458015237
2025-05-02 23:00:00,3.78639768688462
2025-05-03 00:00:00,2.174939681899954
2025-05-03 01:00:00,2.142381601577389
2025-05-03 02:00:00,2.254756197407473
2025-05-03 03:00:00,2.418569302795614
2025-05-03 04:00:00,2.7785505663330685
2025-05-03 05:00:00,3.425414510252606
2025-05-03 06:00:00,4.354422476849447
2025-05-03 07:00:00,5.195221196158895
2025-05-03 08:00:00,5.690039112525629
2025-05-03 09:00:00,5.237562201962802
2025-05-03 10:00:00,4.435942024130362
2025-05-03 11:00:00,3.705834746920661
2025-05-03 12:00:00,2.9158096406475975
2025-05-03 13:00:00,2.695507652120718
2025-05-03 14:00:00,2.8813710677611715
2025-05-03 15:00:00,3.2949940106450906
2025-05-03 16:00:00,4.12004257498973
2025-05-03 17:00:00,4.999694777204588
2025-05-03 18:00:00,5.8462362916457185
2025-05-03 19:00:00,6.028577879037704
2025-05-03 20:00:00,5.787330152979076
2025-05-03 21:00:00,5.159890012415214
2025-05-03 22:00:00,4.224171380368423
2025-05-03 23:00:00,3.3310352308302695
2025-05-04 00:00:00,2.145902334821223
2025-05-04 01:00:00,2.241546199721822
2025-05-04 02:00:00,2.2867642954696255
2025-05-04 03:00:00,2.3461741387970263
2025-05-04 04:00:00,2.7952839157665004
2025-05-04 05:00:00,3.505951703374235
2025-05-04 06:00:00,4.457954911777354
2025-05-04 07:00:00,5.290434811375131
2025-05-04 08:00:00,5.556889827748321
2025-05-04 09:00:00,5.259031537056037
2025-05-04 10:00:00,4.405078243336668
2025-05-04 11:00:00,3.4815240561001977
2025-05-04 12:00:00,2.9028995781284763
2025-05-04 13:00:00,2.700367701211738
2025-05-04 14:00:00,2.8709935780971265
2025-05-04 15:00:00,3.272050846444029
2025-05-04 16:00:00,4.169797941142097
2025-05-04 17:00:00,5.1127793564495505
2025-05-04 18:00:00,5.8028751750091905
2025-05-04 19:00:00,6.086783935732118
2025-05-04 20:00:00,5.89256133064889
2025-05-04 21:00:00,4.996070828694042
2025-05-04 22:00:00,4.061988009217003
2025-05-04 23:00:00,3.3555070217947214
2025-05-05 00:00:00,2.55545455113747
2025-05-05 01:00:00,2.6219573736619783
2025-05-05 02:00:00,2.6466981038046216
2025-05-05 03:00:00,2.722760303294273
2025-05-05 04:00:00,3.2399927065000536
2025-05-05 05:00:00,4.064495103733128
2025-05-05 06:00:00,5.09771258567453
2025-05-05 07:00:00,6.077559503795477
2025-05-05 08:00:00,6.276911427133185
2025-05-05 09:00:00,6.023212369904131
2025-05-05 10:00:00,5.133872394878979
2025-05-05 11:00:00,4.151335850399162
2025-05-05 12:00:00,3.3224958691954294
2025-05-05 13:00:00,3.102145360970952
2025-05-05 14:00:00,3.144866262017443
2025-05-05 15:00:00,3.8859347674681852
2025-05-05 16:00:00,4.812988138653183
2025-05-05 17:00:00,5.789407816890778
2025-05-05 18:00:00,6.775521771181669
2025-05-05 19:00:00,7.070716502677534
2025-05-05 20:00:00,6.447897693662642
2025-05-05 21:00:00,5.934488526521063
2025-05-05 22:00:00,4.768572780339388
2025-05-05 23:00:00,3.948241701329746
2025-05-06 00:00:00,2.4608430852429803
2025-05-06 01:00:00,2.5465488500644327
2025-05-06 02:00:00,2.6000326041736037
2025-05-06 03:00:00,2.831784141487851
2025-05-06 04:00:00,3.2743915380632815
2025-05-06 05:00:00,4.03685363228059
2025-05-06 06:00:00,4.940423182671149
2025-05-06 07:00:00,5.855008612495804
2025-05-06 08:00:00,6.341116230321417
2025-05-06 09:00:00,6.034959043372228
2025-05-06 10:00:00,5.046330348804403
2025-05-06 11:00:00,4.149095216021444
2025-05-06 12:00:00,3.36953170733539
2025-05-06 13:00:00,3.073890512758408
2025-05-06 14:00:00,3.3174595844719055
2025-05-06 15:00:00,3.9661255358099874
2025-05-06 16:00:00,4.912340232558595
2025-05-06 17:00:00,6.152900253096144
2025-05-06 18:00:00,6.685580831213979
2025-05-06 19:00:00,7.092392033323707
2025-05-06 20:00:00,6.833858098006942
2025-05-06 21:00:00,5.9264379174141375
2025-05-06 22:00:00,4.82657543879999
2025-05-06 23:00:00,3.8020487523807724
2025-05-07 00:00:00,2.5248550683623896
2025-05-07 01:00:00,2.5153416569868767
2025-05-07 02:00:00,2.549859863394441
2025-05-07 03:00:00,2.7977042490519843
2025-05-07 04:00:00,3.229910762319086
2025-05-07 05:00:00,4.1460975516821685
2025-05-07 06:00:00,5.210032133943337
2025-05-07 07:00:00,5.983593925070649
2025-05-07 08:00:00,6.446650044799058
2025-05-07 09:00:00,5.869908954111001
2025-05-07 10:00:00,5.1086868169516695
2025-05-07 11:00:00,4.171973002403805
2025-05-07 12:00:00,3.4788976974317847
2025-05-07 13:00:00,3.1206673408229046
2025-05-07 14:00:00,3.440349762125498
2025-05-07 15:00:00,3.866993632995906
2025-05-07 16:00:00,4.806562362148754
2025-05-07 17:00:00,6.074595574653755
2025-05-07 18:00:00,7.072932133595184
2025-05-07 19:00:00,7.244851616511939
2025-05-07 20:00:00,6.838533863806768
2025-05-07 21:00:00,5.725745809698069
2025-05-07 22:00:00,4.7250955505886445
2025-05-07 23:00:00,3.9732236286619447
2025-05-08 00:00:00,2.515809805992845
2025-05-08 01:00:00,2.4969763149199244
2025-05-08 02:00:00,2.626939586582436
2025-05-08 03:00:00,2.8305458297748864
2025-05-08 04:00:00,3.338961198739635
2025-05-08 05:00:00,4.082120672121928
2025-05-08 06:00:00,5.23955035043797
2025-05-08 07:00:00,6.054205084965197
2025-05-08 08:00:00,6.422441108231981
2025-05-08 09:00:00,6.184857133484406
2025-05-08 10:00:00,5.025095317061521
2025-05-08 11:00:00,4.342853971022821
2025-05-08 12:00:00,3.425191361867861
2025-05-08 13:00:00,3.1687179055304178
2025-05-08 14:00:00,3.3822131866129204
2025-05-08 15:00:00,4.110086959439048
2025-05-08 16:00:00,4.974406147876146
2025-05-08 17:00:00,5.758765663801396
2025-05-08 18:00:00,6.989511209041312
2025-05-08 19:00:00,7.077766631026057
2025-05-08 20:00:00,6.813120246350085
2025-05-08 21:00:00,5.796650290493354
2025-05-08 22:00:00,4.943014858809069
2025-05-08 23:00:00,3.8853329659668514
2025-05-09 00:00:00,2.534221917722845
2025-05-09 01:00:00,2.5341310364515617
2025-05-09 02:00:00,2.7193444379234792
2025-05-09 03:00:00,2.9304400437375504
2025-05-09 04:00:00,3.2738967047700647
2025-05-09 05:00:00,4.068484400359447
2025-05-09 06:00:00,5.066100286585524
2025-05-09 07:00:00,6.175412908389033
2025-05-09 08:00:00,6.3828264685880525
2025-05-09 09:00:00,5.993539291806919
2025-05-09 10:00:00,5.215805531365403
2025-05-09 11:00:00,4.059456532891636
2025-05-09 12:00:00,3.390672689900048
2025-05-09 13:00:00,3.039538559446446
2025-05-09 14:00:00,3.387771001225744
2025-05-09 15:00:00,4.107339214697038
2025-05-09 16:00:00,4.958013313472451
2025-05-09 17:00:00,6.112104108113142
2025-05-09 18:00:00,6.670965440776667
2025-05-09 19:00:00,7.146470126106855
2025-05-09 20:00:00,6.657669643106119
2025-05-09 21:00:00,5.910533341594396
2025-05-09 22:00:00,4.957671022689636
2025-05-09 23:00:00,3.9371598773591905
2025-05-10 00:00:00,2.132249053490777
2025-05-10 01:00:00,2.152969408588475
2025-05-10 02:00:00,2.209028688101052
2025-05-10 03:00:00,2.469475583875311
2025-05-10 04:00:00,2.954860553690667
2025-05-10 05:00:00,3.621281573299324
2025-05-10 06:00:00,4.260397802747023
2025-05-10 07:00:00,5.390690619259423
2025-05-10 08:00:00,5.678673182473268
2025-05-10 09:00:00,5.081988158029659
2025-05-10 10:00:00,4.411346266488825
2025-05-10 11:00:00,3.6382361376279437
2025-05-10 12:00:00,2.976308873291565
2025-05-10 13:00:00,2.6518665555560896
2025-05-10 14:00:00,2.933743164575383
2025-05-10 15:00:00,3.2836430613403005
2025-05-10 16:00:00,4.221408813403524
2025-05-10 17:00:00,5.26936569780976
2025-05-10 18:00:00,5.889381177537754
2025-05-10 19:00:00,6.109384217434068
2025-05-10 20:00:00,5.991819662061979
2025-05-10 21:00:00,5.25174758229807
2025-05-10 22:00:00,4.346735018912614
2025-05-10 23:00:00,3.4684668072793197
2025-05-11 00:00:00,2.2448951993220407
2025-05-11 01:00:00,2.2467335084005815
2025-05-11 02:00:00,2.2871039794507966
2025-05-11 03:00:00,2.4533104164323394
2025-05-11 04:00:00,2.828287038559237
2025-05-11 05:00:00,3.444649887736595
2025-05-11 06:00:00,4.349903923505638
2025-05-11 07:00:00,5.219580840864515
2025-05-11 08:00:00,5.609183714518612
2025-05-11 09:00:00,5.402868736026759
2025-05-11 10:00:00,4.440873486047166
2025-05-11 11:00:00,3.6368607587941684
2025-05-11 12:00:00,3.011736980647507
2025-05-11 13:00:00,2.714424037134774
2025-05-11 14:00:00,2.936994834796867
2025-05-11 15:00:00,3.4184482028690604
2025-05-11 16:00:00,4.358637203065135
2025-05-11 17:00:00,5.225067107080433
2025-05-11 18:00:00,5.755237881485397
2025-05-11 19:00:00,6.199726104564322
2025-05-11 20:00:00,6.089830018345997
2025-05-11 21:00:00,5.139969864940651
2025-05-11 22:00:00,4.279777313778906
2025-05-11 23:00:00,3.450987153820602
2025-05-12 00:00:00,2.463034779673187
2025-05-12 01:00:00,2.5604184191110217
2025-05-12 02:00:00,2.5314694853177246
2025-05-12 03:00:00,2.768044281638788
2025-05-12 04:00:00,3.322763295935706
2025-05-12 05:00:00,4.069666150273988
2025-05-12 06:00:00,5.04510987463897
2025-05-12 07:00:00,6.062035781274628
2025-05-12 08:00:00,6.3819133427365475
2025-05-12 09:00:00,6.012589141338126
2025-05-12 10:00:00,5.154246579250582
2025-05-12 11:00:00,4.021595129754813
2025-05-12 12:00:00,3.3772085361777666
2025-05-12 13:00:00,3.101969583120306
2025-05-12 14:00:00,3.2169065984862732
2025-05-12 15:00:00,3.859629636130147
2025-05-12 16:00:00,5.012953915379278
2025-05-12 17:00:00,5.951115637071905
2025-05-12 18:00:00,6.569661866914962
2025-05-12 19:00:00,6.8556351227417816
2025-05-12 20:00:00,6.733038093738271
2025-05-12 21:00:00,6.0891429527687215
2025-05-12 22:00:00,4.837156793301452
2025-05-12 23:00:00,4.009589338616882
2025-05-13 00:00:00,2.5563635570487735
2025-05-13 01:00:00,2.582134504896284
2025-05-13 02:00:00,2.557990623051299
2025-05-13 03:00:00,2.8821497701944874
2025-05-13 04:00:00,3.260943131331765
2025-05-13 05:00:00,4.1486911718858375
2025-05-13 06:00:00,5.039653575958166
2025-05-13 07:00:00,6.0855553840648895
2025-05-13 08:00:00,6.494223445294277
2025-05-13 09:00:00,6.048109064859069
2025-05-13 10:00:00,5.1761194524209735
2025-05-13 11:00:00,4.0968476504578755
2025-05-13 12:00:00,3.3615563689543544
2025-05-13 13:00:00,3.251558129052956
2025-05-13 14:00:00,3.4234033796982173
2025-05-13 15:00:00,3.9080745316424927
2025-05-13 16:00:00,4.961335400889101
2025-05-13 17:00:00,5.871885920091577
2025-05-13 18:00:00,6.649482850657988
2025-05-13 19:00:00,7.286731348646133
2025-05-13 20:00:00,6.578607579230715
2025-05-13 21:00:00,6.069982529888588
2025-05-13 22:00:00,4.875531732056063
2025-05-13 23:00:00,3.926984813378997
2025-05-14 00:00:00,2.5676465051117447
2025-05-14 01:00:00,2.5961997528045275
2025-05-14 02:00:00,2.5931960179826308
2025-05-14 03:00:00,2.87907304118696
2025-05-14 04:00:00,3.301109984865128
2025-05-14 05:00:00,3.988808734801175
2025-05-14 06:00:00,5.122321701826713
2025-05-14 07:00:00,6.2519313499217395
2025-05-14 08:00:00,6.686803392399236
2025-05-14 09:00:00,6.173910381485121
2025-05-14 10:00:00,5.028686144991573
2025-05-14 11:00:00,4.172772159536932
2025-05-14 12:00:00,3.475021263543906
2025-05-14 13:00:00,3.2065497237670755
2025-05-14 14:00:00,3.4168073485971444
2025-05-14 15:00:00,4.0103333209989
2025-05-14 16:00:00,4.914436942254564
2025-05-14 17:00:00,5.907100922129569
2025-05-14 18:00:00,6.573696915558818
2025-05-14 19:00:00,7.211059526335641
2025-05-14 20:00:00,6.858370509052733
2025-05-14 21:00:00,6.0456222551571095
2025-05-14 22:00:00,4.78476798848924
2025-05-14 23:00:00,4.007573481461175
2025-05-15 00:00:00,2.6403267365034373
2025-05-15 01:00:00,2.559635970049531
2025-05-15 02:00:00,2.622498417117013
2025-05-15 03:00:00,2.8439172629519067
2025-05-15 04:00:00,3.413171041496327
2025-05-15 05:00:00,3.9910512993450578
2025-05-15 06:00:00,5.139071602172541
2025-05-15 07:00:00,5.961502845313724
2025-05-15 08:00:00,6.372291084683852
2025-05-15 09:00:00,6.055097974476741
2025-05-15 10:00:00,5.267989820880661
2025-05-15 11:00:00,4.2631487384620375
2025-05-15 12:00:00,3.4330701097786775
2025-05-15 13:00:00,3.1237391741977554
2025-05-15 14:00:00,3.5169241248802576
2025-05-15 15:00:00,3.9308393352010307
2025-05-15 16:00:00,4.84498183731175
2025-05-15 17:00:00,5.74344012993809
2025-05-15 18:00:00,6.994463270131556
2025-05-15 19:00:00,7.270545284878862
2025-05-15 20:00:00,7.13337537302705
2025-05-15 21:00:00,5.788459307134416
2025-05-15 22:00:00,5.0384800160186645
2025-05-15 23:00:00,3.9454984901408285
2025-05-16 00:00:00,2.5764669996460055
2025-05-16 01:00:00,2.4708903607957144
2025-05-16 02:00:00,2.702270794796613
2025-05-16 03:00:00,2.870313841303852
2025-05-16 04:00:00,3.2766219019208433
2025-05-16 05:00:00,4.126179545875745
2025-05-16 06:00:00,5.038862265668282
2025-05-16 07:00:00,5.986941244535016
2025-05-16 08:00:00,6.381731299794239
2025-05-16 09:00:00,5.835304348410453
2025-05-16 10:00:00,5.217088400775805
2025-05-16 11:00:00,4.21212038865372
2025-05-16 12:00:00,3.3541484460869317
2025-05-16 13:00:00,3.1687055255011285
2025-05-16 14:00:00,3.3314313947342336
2025-05-16 15:00:00,3.9899429973806084
2025-05-16 16:00:00,4.838443432260509
2025-05-16 17:00:00,5.848400806842039
2025-05-16 18:00:00,6.9462019092597584
2025-05-16 19:00:00,7.121834573436018
2025-05-16 20:00:00,7.078054507934901
2025-05-16 21:00:00,5.958197187084184
2025-05-16 22:00:00,4.804029546615335
2025-05-16 23:00:00,4.035814926508682
2025-05-17 00:00:00,2.2529864799109984
2025-05-17 01:00:00,2.2746270110933886
2025-05-17 02:00:00,2.3583930229778542
2025-05-17 03:00:00,2.4472513511312908
2025-05-17 04:00:00,2.8700719449862553
2025-05-17 05:00:00,3.562245954168639
2025-05-17 06:00:00,4.374309001776653
2025-05-17 07:00:00,5.286969908691111
2025-05-17 08:00:00,5.8032732216688
2025-05-17 09:00:00,5.342610535269368
2025-05-17 10:00:00,4.379150777390599
2025-05-17 11:00:00,3.4976683885048656
2025-05-17 12:00:00,3.0844435287280563
2025-05-17 13:00:00,2.7562446974291253
2025-05-17 14:00:00,2.900804694708752
2025-05-17 15:00:00,3.459181290356818
2025-05-17 16:00:00,4.172546537141534
2025-05-17 17:00:00,5.372820591273623
2025-05-17 18:00:00,5.922588739527934
2025-05-17 19:00:00,6.428352342189581
2025-05-17 20:00:00,5.975571306920349
2025-05-17 21:00:00,5.372673557226977
2025-05-17 22:00:00,4.317018337090904
2025-05-17 23:00:00,3.5154947754313377
2025-05-18 00:00:00,2.282011062688859
2025-05-18 01:00:00,2.295223327756116
2025-05-18 02:00:00,2.345363089018597
2025-05-18 03:00:00,2.4955212101626136
2025-05-18 04:00:00,3.0208451449113047
2025-05-18 05:00:00,3.5486915497197775
2025-05-18 06:00:00,4.540543861904413
2025-05-18 07:00:00,5.37568929759141
2025-05-18 08:00:00,5.76105234472479
2025-05-18 09:00:00,5.3303154033792906
2025-05-18 10:00:00,4.578989570757941
2025-05-18 11:00:00,3.6378152843461686
2025-05-18 12:00:00,2.922752334649407
2025-05-18 13:00:00,2.792469355047982
2025-05-18 14:00:00,2.906128760285797
2025-05-18 15:00:00,3.3949238338398984
2025-05-18 16:00:00,4.359292580725694
2025-05-18 17:00:00,5.333763576417439
2025-05-18 18:00:00,6.099475145544836
2025-05-18 19:00:00,6.398574083654878
2025-05-18 20:00:00,5.802487612894691
2025-05-18 21:00:00,5.137653844650519
2025-05-18 22:00:00,4.514135467140833
2025-05-18 23:00:00,3.421746432355378
2025-05-19 00:00:00,2.66207783133812
2025-05-19 01:00:00,2.61377063827298
2025-05-19 02:00:00,2.7272241742796677
2025-05-19 03:00:00,2.8939027250054785
2025-05-19 04:00:00,3.4394040579173555
2025-05-19 05:00:00,4.236775364991218
2025-05-19 06:00:00,5.260051947619673
2025-05-19 07:00:00,6.150592784894134
2025-05-19 08:00:00,6.716930226426603
2025-05-19 09:00:00,6.132914541883752
2025-05-19 10:00:00,5.365035128043984
2025-05-19 11:00:00,4.491329936699643
2025-05-19 12:00:00,3.623744408452513
2025-05-19 13:00:00,3.310788786274195
2025-05-19 14:00:00,3.467909326801028
2025-05-19 15:00:00,3.9520111747089812
2025-05-19 16:00:00,4.947888119690513
2025-05-19 17:00:00,6.333579035796633
2025-05-19 18:00:00,6.94477202784934
2025-05-19 19:00:00,7.292878584499907
2025-05-19 20:00:00,7.032718160832584
2025-05-19 21:00:00,6.043062523760707
2025-05-19 22:00:00,4.952276693842234
2025-05-19 23:00:00,4.081620870076664
2025-05-20 00:00:00,2.635985663190078
2025-05-20 01:00:00,2.664405795909412
2025-05-20 02:00:00,2.735268075624439
2025-05-20 03:00:00,3.0223343048172215
2025-05-20 04:00:00,3.4547882079251213
2025-05-20 05:00:00,4.296399558749872
2025-05-20 06:00:00,5.481067225654167
2025-05-20 07:00:00,6.39307433926138
2025-05-20 08:00:00,6.780113982247535
2025-05-20 09:00:00,6.474510170301269
2025-05-20 10:00:00,5.501108282925866
2025-05-20 11:00:00,4.341808807383228
2025-05-20 12:00:00,3.6065728060860485
2025-05-20 13:00:00,3.2786996253044793
2025-05-20 14:00:00,3.4840188695833465
2025-05-20 15:00:00,4.260224028011119
2025-05-20 16:00:00,5.232590737926756
2025-05-20 17:00:00,6.3590720516311565
2025-05-20 18:00:00,7.241267073862129
2025-05-20 19:00:00,7.554853585378106
2025-05-20 20:00:00,7.300978723136329
2025-05-20 21:00:00,6.418565245647398
2025-05-20 22:00:00,5.275290569788743
2025-05-20 23:00:00,4.161065069397445
2025-05-21 00:00:00,2.7668596041789417
2025-05-21 01:00:00,2.725286068038909
2025-05-21 02:00:00,2.822567851529965
2025-05-21 03:00:00,3.0173067008293697
2025-05-21 04:00:00,3.4988861970617835
2025-05-21 05:00:00,4.261550452471424
2025-05-21 06:00:00,5.509442323199524
2025-05-21 07:00:00,6.797181279597249
2025-05-21 08:00:00,6.78797478200901
2025-05-21 09:00:00,6.443224169262545
2025-05-21 10:00:00,5.396832488214803
2025-05-21 11:00:00,4.325512959228137
2025-05-21 12:00:00,3.723525249544824
2025-05-21 13:00:00,3.2961583026296686
2025-05-21 14:00:00,3.5223395196865317
2025-05-21 15:00:00,4.075092073054735
2025-05-21 16:00:00,5.123721711441249
2025-05-21 17:00:00,6.105283663018249
2025-05-21 18:00:00,7.314465727621521
2025-05-21 19:00:00,7.995279183984017
2025-05-21 20:00:00,7.170087933356531
2025-05-21 21:00:00,6.109616276547048
2025-05-21 22:00:00,5.290514119488422
2025-05-21 23:00:00,4.121617482265024
2025-05-22 00:00:00,2.7483371301837436
2025-05-22 01:00:00,2.6841072943110906
2025-05-22 02:00:00,2.738340721896144
2025-05-22 03:00:00,2.9747599825264346
2025-05-22 04:00:00,3.5167902114122116
2025-05-22 05:00:00,4.284007012955721
2025-05-22 06:00:00,5.35237204208914
2025-05-22 07:00:00,6.373622125025557
2025-05-22 08:00:00,6.631962059286747
2025-05-22 09:00:00,6.452770631633668
2025-05-22 10:00:00,5.224598099432595
2025-05-22 11:00:00,4.307712902788991
2025-05-22 12:00:00,3.6484886522058058
2025-05-22 13:00:00,3.3445805131936033
2025-05-22 14:00:00,3.5800603523208827
2025-05-22 15:00:00,4.182238128744957
2025-05-22 16:00:00,5.29765822761168
2025-05-22 17:00:00,6.406000561508345
2025-05-22 18:00:00,7.251225316593125
2025-05-22 19:00:00,7.673247345697719
2025-05-22 20:00:00,7.2948281422806325
2025-05-22 21:00:00,6.233446764901855
2025-05-22 22:00:00,5.03201181559828
2025-05-22 23:00:00,4.196509650043842
2025-05-23 00:00:00,2.6796153939068645
2025-05-23 01:00:00,2.72931163342796
2025-05-23 02:00:00,2.692943076559785
2025-05-23 03:00:00,2.9005592661231767
2025-05-23 04:00:00,3.459529146379877
2025-05-23 05:00:00,4.252439818923457
2025-05-23 06:00:00,5.147693853499428
2025-05-23 07:00:00,6.379542086847513
2025-05-23 08:00:00,6.484303417510663
2025-05-23 09:00:00,6.215112798892586
2025-05-23 10:00:00,5.506398939817321
2025-05-23 11:00:00,4.457759185432296
2025-05-23 12:00:00,3.469795249473389
2025-05-23 13:00:00,3.267936185295983
2025-05-23 14:00:00,3.5042066804604266
2025-05-23 15:00:00,4.291441257485474
2025-05-23 16:00:00,5.07183561676918
2025-05-23 17:00:00,6.16443387033753
2025-05-23 18:00:00,7.332095597935248
2025-05-23 19:00:00,7.39870225578778
2025-05-23 20:00:00,7.214400133077322
2025-05-23 21:00:00,6.039004534166154
2025-05-23 22:00:00,5.09930778031849
2025-05-23 23:00:00,3.9812483454935617
2025-05-24 00:00:00,2.271039629140169
2025-05-24 01:00:00,2.3770989237534788
2025-05-24 02:00:00,2.3995991812758994
2025-05-24 03:00:00,2.569105078634356
2025-05-24 04:00:00,2.9554471064745695
2025-05-24 05:00:00,3.7108316633937015
2025-05-24 06:00:00,4.710337385762945
2025-05-24 07:00:00,5.651106772985675
2025-05-24 08:00:00,5.584343108616062
2025-05-24 09:00:00,5.452403441297758
2025-05-24 10:00:00,4.707583502685579
2025-05-24 11:00:00,3.7568518676645732
2025-05-24 12:00:00,3.1377499747977655
2025-05-24 13:00:00,2.8946565765511134
2025-05-24 14:00:00,3.045782073316246
2025-05-24 15:00:00,3.588687939018701
2025-05-24 16:00:00,4.46133758604204
2025-05-24 17:00:00,5.572569833368905
2025-05-24 18:00:00,6.133528298855826
2025-05-24 19:00:00,6.516473583279452
2025-05-24 20:00:00,6.247367235564479
2025-05-24 21:00:00,5.616557125409055
2025-05-24 22:00:00,4.451640676123872
2025-05-24 23:00:00,3.673360694897368
2025-05-25 00:00:00,2.375415928216829
2025-05-25 01:00:00,2.3331503407372796
2025-05-25 02:00:00,2.3901026021602823
2025-05-25 03:00:00,2.566688691501601
2025-05-25 04:00:00,2.9828161042338337
2025-05-25 05:00:00,3.7881533550473803
2025-05-25 06:00:00,4.700289734666775
2025-05-25 07:00:00,5.564114400838255
2025-05-25 08:00:00,5.756881630950736
2025-05-25 09:00:00,5.433325900344304
2025-05-25 10:00:00,4.890197114663659
2025-05-25 11:00:00,3.7481296712858327
2025-05-25 12:00:00,3.062137884818866
2025-05-25 13:00:00,2.9594671072531074
2025-05-25 14:00:00,3.07945715782371
2025-05-25 15:00:00,3.6661264653179595
2025-05-25 16:00:00,4.467662092323026
2025-05-25 17:00:00,5.408689450763286
2025-05-25 18:00:00,6.1989524140769765
2025-05-25 19:00:00,6.33953355740566
2025-05-25 20:00:00,6.208995680401215
2025-05-25 21:00:00,5.47477592278719
2025-05-25 22:00:00,4.64084803440949
2025-05-25 23:00:00,3.607771025907151
2025-05-26 00:00:00,2.5463917354501118
2025-05-26 01:00:00,2.6865771499349393
2025-05-26 02:00:00,2.9169992925718398
2025-05-26 03:00:00,3.028454607958684
2025-05-26 04:00:00,3.3983867067392484
2025-05-26 05:00:00,4.342043351107307
2025-05-26 06:00:00,5.3106657360781915
2025-05-26 07:00:00,6.2080554194759365
2025-05-26 08:00:00,6.738381934890005
2025-05-26 09:00:00,6.395367250482929
2025-05-26 10:00:00,5.200470443533325
2025-05-26 11:00:00,4.234318919045247
2025-05-26 12:00:00,3.584399158398171
2025-05-26 13:00:00,3.287890989687017
2025-05-26 14:00:00,3.5560568169442854
2025-05-26 15:00:00,4.074302905322709
2025-05-26 16:00:00,5.235515697954506
2025-05-26 17:00:00,6.123261193843574
2025-05-26 18:00:00,7.4020605063972145
2025-05-26 19:00:00,7.254238283520073
2025-05-26 20:00:00,7.009875860084891
2025-05-26 21:00:00,6.32313423437338
2025-05-26 22:00:00,5.327878189895802
2025-05-26 23:00:00,4.175803612749218
2025-05-27 00:00:00,2.7051381071270457
2025-05-27 01:00:00,2.696549751437324
2025-05-27 02:00:00,2.712701663479044
2025-05-27 03:00:00,2.9520368616589803
2025-05-27 04:00:00,3.37564952258826
2025-05-27 05:00:00,4.187727987088096
2025-05-27 06:00:00,5.441988579466386
2025-05-27 07:00:00,6.246682033576907
2025-05-27 08:00:00,6.83909441392933
2025-05-27 09:00:00,6.2266382787379175
2025-05-27 10:00:00,5.442803862548035
2025-05-27 11:00:00,4.297894135445823
2025-05-27 12:00:00,3.6899061365707726
2025-05-27 13:00:00,3.341332843683101
2025-05-27 14:00:00,3.6207284416734256
2025-05-27 15:00:00,4.1187003687100425
2025-05-27 16:00:00,5.1752069328755725
2025-05-27 17:00:00,6.157746914820102
2025-05-27 18:00:00,7.11779776393464
2025-05-27 19:00:00,7.4836508652907385
2025-05-27 20:00:00,7.0728447070064195
2025-05-27 21:00:00,6.127364962789717
2025-05-27 22:00:00,5.0178707154236175
2025-05-27 23:00:00,3.9613047897732647
2025-05-28 00:00:00,2.6309336498345015
2025-05-28 01:00:00,2.742383879747884
2025-05-28 02:00:00,2.6937327449576673
2025-05-28 03:00:00,2.91344469152432
2025-05-28 04:00:00,3.600415793282797
2025-05-28 05:00:00,4.263059028411734
2025-05-28 06:00:00,5.459053628827397
2025-05-28 07:00:00,6.5030289864912305
2025-05-28 08:00:00,6.918378812938997
2025-05-28 09:00:00,6.227854986060687
2025-05-28 10:00:00,5.411279977335671
2025-05-28 11:00:00,4.219769119556902
2025-05-28 12:00:00,3.7823959565401153
2025-05-28 13:00:00,3.229193254856279
2025-05-28 14:00:00,3.4757626794835277
2025-05-28 15:00:00,4.114295879599049
2025-05-28 16:00:00,5.038458165117391
2025-05-28 17:00:00,6.481510469235591
2025-05-28 18:00:00,7.560596985455287
2025-05-28 19:00:00,7.486859900440254
2025-05-28 20:00:00,7.020653343980973
2025-05-28 21:00:00,6.027536817241438
2025-05-28 22:00:00,5.16302465194
2025-05-28 23:00:00,4.1490719479557345
2025-05-29 00:00:00,2.6845274862357815
2025-05-29 01:00:00,2.7530177576211603
2025-05-29 02:00:00,2.8383320890799464
2025-05-29 03:00:00,3.050925345656065
2025-05-29 04:00:00,3.495370911265236
2025-05-29 05:00:00,4.273546322020093
2025-05-29 06:00:00,5.56239060611758
2025-05-29 07:00:00,6.499192478813459
2025-05-29 08:00:00,7.032577471630926
2025-05-29 09:00:00,6.603194126785967
2025-05-29 10:00:00,5.345175420528405
2025-05-29 11:00:00,4.286628579416839
2025-05-29 12:00:00,3.5940817820241793
2025-05-29 13:00:00,3.304291793379212
2025-05-29 14:00:00,3.647017427101767
2025-05-29 15:00:00,4.282021139214709
2025-05-29 16:00:00,5.371784410640632
2025-05-29 17:00:00,6.437136195938616
2025-05-29 18:00:00,7.328176601526507
2025-05-29 19:00:00,7.832998698380294
2025-05-29 20:00:00,7.366145409783259
2025-05-29 21:00:00,6.394216115892666
2025-05-29 22:00:00,5.406057276508406
2025-05-29 23:00:00,4.2353129223863455
2025-05-30 00:00:00,2.717688027723242
2025-05-30 01:00:00,2.709196803975081
2025-05-30 02:00:00,2.8707619372065425
2025-05-30 03:00:00,3.122752032076644
2025-05-30 04:00:00,3.532622499963773
2025-05-30 05:00:00,4.5078283646109885
2025-05-30 06:00:00,5.3008777042670125
2025-05-30 07:00:00,6.524659161612398
2025-05-30 08:00:00,6.940755329739591
2025-05-30 09:00:00,6.439813653612576
2025-05-30 10:00:00,5.794377021550451
2025-05-30 11:00:00,4.430668192921991
2025-05-30 12:00:00,3.6385940276249564
2025-05-30 13:00:00,3.39520323735172
2025-05-30 14:00:00,3.4670624937560754
2025-05-30 15:00:00,4.209652858957325
2025-05-30 16:00:00,5.387919274436647
2025-05-30 17:00:00,6.339483551422753
2025-05-30 18:00:00,7.214671620674696
2025-05-30 19:00:00,7.891279472566844
2025-05-30 20:00:00,7.532799098720316
2025-05-30 21:00:00,6.485637938488962
2025-05-30 22:00:00,5.230294294452126
2025-05-30 23:00:00,4.22756436499184
2025-05-31 00:00:00,2.3481125647548975
2025-05-31 01:00:00,2.357008532950685
2025-05-31 02:00:00,2.4192170576058616
2025-05-31 03:00:00,2.6268233880794614
2025-05-31 04:00:00,3.0224865620246626
2025-05-31 05:00:00,3.7141822858119693
2025-05-31 06:00:00,4.837446518136537
2025-05-31 07:00:00,5.7277224438710395
2025-05-31 08:00:00,6.268904195798562
2025-05-31 09:00:00,5.627289903526217
2025-05-31 10:00:00,4.8557113272028465
2025-05-31 11:00:00,3.896382448821713
2025-05-31 12:00:00,3.1855799165499663
2025-05-31 13:00:00,3.005849136993293
2025-05-31 14:00:00,3.2011578034632335
2025-05-31 15:00:00,3.7552682463757074
2025-05-31 16:00:00,4.588247101694987
2025-05-31 17:00:00,5.563449568875674
2025-05-31 18:00:00,6.227877381596185
2025-05-31 19:00:00,6.6034605434505895
2025-05-31 20:00:00,6.323260843482527
2025-05-31 21:00:00,5.476718733313959
2025-05-31 22:00:00,4.647410607369807
2025-05-31 23:00:00,3.796259543623166
2025-06-01 00:00:00,2.3385744042593752
2025-06-01 01:00:00,2.413761296790962
2025-06-01 02:00:00,2.4149982614185035
2025-06-01 03:00:00,2.6383148878588187
2025-06-01 04:00:00,3.0377974992276253
2025-06-01 05:00:00,3.8726626042476235
2025-06-01 06:00:00,4.741644039229891
2025-06-01 07:00:00,5.804958102624787
2025-06-01 08:00:00,6.021094519336763
2025-06-01 09:00:00,5.618427294850599
2025-06-01 10:00:00,4.696932220764675
2025-06-01 11:00:00,3.884169572576843
2025-06-01 12:00:00,3.2527933895346237
2025-06-01 13:00:00,2.9721298463305272
2025-06-01 14:00:00,3.2869963494961993
2025-06-01 15:00:00,3.8300256233114425
2025-06-01 16:00:00,4.574505222275001
2025-06-01 17:00:00,5.556997233329322
2025-06-01 18:00:00,6.450553707294622
2025-06-01 19:00:00,6.5862569961025645
2025-06-01 20:00:00,6.5394640587599815
2025-06-01 21:00:00,5.632155405642347
2025-06-01 22:00:00,4.621458758170678
2025-06-01 23:00:00,3.7511230087732157
2025-06-02 00:00:00,2.818007464117571
2025-06-02 01:00:00,2.7544858071534484
2025-06-02 02:00:00,2.814032174370248
2025-06-02 03:00:00,3.1276118488161497
2025-06-02 04:00:00,3.5911977790555105
2025-06-02 05:00:00,4.348452583413775
2025-06-02 06:00:00,5.498308481954462
2025-06-02 07:00:00,6.53299350000872
2025-06-02 08:00:00,6.970520414610204
2025-06-02 09:00:00,6.3338370660680585
2025-06-02 10:00:00,5.340096484420395
2025-06-02 11:00:00,4.34156470064957
2025-06-02 12:00:00,3.5843204880706794
2025-06-02 13:00:00,3.3372638782805626
2025-06-02 14:00:00,3.64395446289635
2025-06-02 15:00:00,4.244299399815416
2025-06-02 16:00:00,5.2849987735441175
2025-06-02 17:00:00,6.239699466650432
2025-06-02 18:00:00,7.241470207054425
2025-06-02 19:00:00,7.751205997538343
2025-06-02 20:00:00,7.395785007372949
2025-06-02 21:00:00,6.302666639413884
2025-06-02 22:00:00,5.27567410479401
2025-06-02 23:00:00,4.418194949530892
2025-06-03 00:00:00,2.732937592004334
2025-06-03 01:00:00,2.7167384580042944
2025-06-03 02:00:00,2.820673683266417
2025-06-03 03:00:00,3.0524933917492696
2025-06-03 04:00:00,3.524952555915807
2025-06-03 05:00:00,4.389469366968803
2025-06-03 06:00:00,5.35814709303334
2025-06-03 07:00:00,6.405136171829346
2025-06-03 08:00:00,6.924485842589564
2025-06-03 09:00:00,6.512201351055159
2025-06-03 10:00:00,5.467197737143706
2025-06-03 11:00:00,4.42013718811088
2025-06-03 12:00:00,3.672406249916412
2025-06-03 13:00:00,3.45325952811031
2025-06-03 14:00:00,3.6039996861863868
2025-06-03 15:00:00,4.308055907123463
2025-06-03 16:00:00,5.225948865082989
2025-06-03 17:00:00,6.4926781235679325
2025-06-03 18:00:00,7.390251659458288
2025-06-03 19:00:00,7.821803408849521
2025-06-03 20:00:00,7.439659539648052
2025-06-03 21:00:00,6.493823834788641
2025-06-03 22:00:00,5.267118485726285
2025-06-03 23:00:00,4.268045225469973
2025-06-04 00:00:00,2.8095915206979742
2025-06-04 01:00:00,2.736085947516079
2025-06-04 02:00:00,2.812495415072537
2025-06-04 03:00:00,3.0771439140278978
2025-06-04 04:00:00,3.5874050175242402
2025-06-04 05:00:00,4.346970016263912
2025-06-04 06:00:00,5.543791114137655
2025-06-04 07:00:00,6.5595479706150375
2025-06-04 08:00:00,6.679217102264677
2025-06-04 09:00:00,6.545970820845801
2025-06-04 10:00:00,5.547049406351371
2025-06-04 11:00:00,4.449399605067751
2025-06-04 12:00:00,3.795496270590119
2025-06-04 13:00:00,3.331201581877163
2025-06-04 14:00:00,3.5739212456960336
2025-06-04 15:00:00,4.076102018673416
2025-06-04 16:00:00,5.265233436139464
2025-06-04 17:00:00,6.4084452651858035
2025-06-04 18:00:00,7.305929288190821
2025-06-04 19:00:00,7.908369527668403
2025-06-04 20:00:00,7.5081230618623325
2025-06-04 21:00:00,6.468630571691454
2025-06-04 22:00:00,5.271298591182652
2025-06-04 23:00:00,4.361639471201696
2025-06-05 00:00:00,2.7968780707451564
2025-06-05 01:00:00,2.7733666322207826
2025-06-05 02:00:00,2.7974243035170323
2025-06-05 03:00:00,3.090773577767271
2025-06-05 04:00:00,3.673133070962312
2025-06-05 05:00:00,4.699848503011601
2025-06-05 06:00:00,5.653718537542293
2025-06-05 07:00:00,6.581647144295637
2025-06-05 08:00:00,6.939573310751773
2025-06-05 09:00:00,6.7607711409914515
2025-06-05 10:00:00,5.459703000393262
2025-06-05 11:00:00,4.589788834005768
2025-06-05 12:00:00,3.815300590983439
2025-06-05 13:00:00,3.5027359773559237
2025-06-05 14:00:00,3.6795759331398763
2025-06-05 15:00:00,4.423546644031662
2025-06-05 16:00:00,5.4255017402579035
2025-06-05 17:00:00,6.467458825449936
2025-06-05 18:00:00,7.784893471343669
2025-06-05 19:00:00,7.813543277074285
2025-06-05 20:00:00,7.623401082775567
2025-06-05 21:00:00,6.250954689566727
2025-06-05 22:00:00,5.5391035398627935
2025-06-05 23:00:00,4.474484536413383
2025-06-06 00:00:00,2.8137664327164185
2025-06-06 01:00:00,2.865390390894361
2025-06-06 02:00:00,2.943984074964228
2025-06-06 03:00:00,3.0937262170869277
2025-06-06 04:00:00,3.676555462193134
2025-06-06 05:00:00,4.444774725813843
2025-06-06 06:00:00,5.606129573285497
2025-06-06 07:00:00,6.8690617798817275
2025-06-06 08:00:00,7.283117042122476
2025-06-06 09:00:00,6.625716337514465
2025-06-06 10:00:00,5.604516112391189
2025-06-06 11:00:00,4.503791667011273
2025-06-06 12:00:00,3.828114513244026
2025-06-06 13:00:00,3.420143923121859
2025-06-06 14:00:00,3.7409431033020075
2025-06-06 15:00:00,4.461839847610107
2025-06-06 16:00:00,5.42468252346056
2025-06-06 17:00:00,6.736203229702001
2025-06-06 18:00:00,7.498993713314807
2025-06-06 19:00:00,7.874731590071155
2025-06-06 20:00:00,7.397311590075993
2025-06-06 21:00:00,6.736115076833456
2025-06-06 22:00:00,5.345221331658739
2025-06-06 23:00:00,4.39926970221486
2025-06-07 00:00:00,2.4674169103893564
2025-06-07 01:00:00,2.4375230365426512
2025-06-07 02:00:00,2.5270945527986926
2025-06-07 03:00:00,2.8299778060049126
2025-06-07 04:00:00,3.2084566560106875
2025-06-07 05:00:00,3.889638553116979
2025-06-07 06:00:00,5.017190555473551
2025-06-07 07:00:00,5.8854550214006425
2025-06-07 08:00:00,6.7108416522321415
2025-06-07 09:00:00,5.939023506809238
2025-06-07 10:00:00,4.959887314991367
2025-06-07 11:00:00,4.1230455099135765
2025-06-07 12:00:00,3.1930669895995796
2025-06-07 13:00:00,3.0723457503548266
2025-06-07 14:00:00,3.394016699427082
2025-06-07 15:00:00,3.8538773132250332
2025-06-07 16:00:00,4.60948622059301
2025-06-07 17:00:00,5.75585926198855
2025-06-07 18:00:00,6.822463400805906
2025-06-07 19:00:00,7.00140144013853
2025-06-07 20:00:00,6.5182591441347535
2025-06-07 21:00:00,5.721414395623472
2025-06-07 22:00:00,4.716498398856506
2025-06-07 23:00:00,3.8664514969541086
2025-06-08 00:00:00,2.537394771049083
2025-06-08 01:00:00,2.5426823121125635
2025-06-08 02:00:00,2.5819184427891164
2025-06-08 03:00:00,2.6808118800901264
2025-06-08 04:00:00,3.1110925579640343
2025-06-08 05:00:00,4.012606200170351
2025-06-08 06:00:00,4.853163224066206
2025-06-08 07:00:00,5.876819714943379
2025-06-08 08:00:00,6.316190811507304
2025-06-08 09:00:00,5.771721747435312
2025-06-08 10:00:00,4.896170380796441
2025-06-08 11:00:00,4.002142487962222
2025-06-08 12:00:00,3.3489501450812695
2025-06-08 13:00:00,3.1320619736148063
2025-06-08 14:00:00,3.3038721642636606
2025-06-08 15:00:00,3.869035134539864
2025-06-08 16:00:00,4.704351129974998
2025-06-08 17:00:00,5.678255525437178
2025-06-08 18:00:00,6.5626988299317635
2025-06-08 19:00:00,7.006995834509231
2025-06-08 20:00:00,6.674961156245326
2025-06-08 21:00:00,5.557992096110844
2025-06-08 22:00:00,4.695535506644867
2025-06-08 23:00:00,3.931694148929247
2025-06-09 00:00:00,2.8350996126863466
2025-06-09 01:00:00,2.7715541365298884
2025-06-09 02:00:00,3.068724824009767
2025-06-09 03:00:00,3.1528375244760096
2025-06-09 04:00:00,3.6888588115753382
2025-06-09 05:00:00,4.58394192986454
2025-06-09 06:00:00,5.670617005178076
2025-06-09 07:00:00,6.663514839594096
2025-06-09 08:00:00,7.49606183372693
2025-06-09 09:00:00,6.900672024357734
2025-06-09 10:00:00,5.8195596687975675
2025-06-09 11:00:00,4.645700130786564
2025-06-09 12:00:00,3.7214823508967205
2025-06-09 13:00:00,3.6026916368786317
2025-06-09 14:00:00,3.6758667157985703
2025-06-09 15:00:00,4.450208907666776
2025-06-09 16:00:00,5.290723750649733
2025-06-09 17:00:00,6.375034477987726
2025-06-09 18:00:00,7.642966843098817
2025-06-09 19:00:00,7.831841067708608
2025-06-09 20:00:00,7.292346066868722
2025-06-09 21:00:00,6.717155028660602
2025-06-09 22:00:00,5.695896221274809
2025-06-09 23:00:00,4.519702068572685
2025-06-10 00:00:00,2.812808285898594
2025-06-10 01:00:00,2.849614212118674
2025-06-10 02:00:00,2.9792432970985545
2025-06-10 03:00:00,3.221751889878321
2025-06-10 04:00:00,3.6313861160048524
2025-06-10 05:00:00,4.545477970051361
2025-06-10 06:00:00,5.740350592745688
2025-06-10 07:00:00,6.828951158133112
2025-06-10 08:00:00,7.163536814075482
2025-06-10 09:00:00,6.740928780080829
2025-06-10 10:00:00,5.87667559464002
2025-06-10 11:00:00,4.6984547373224474
2025-06-10 12:00:00,3.8295388500410583
2025-06-10 13:00:00,3.629536363377485
2025-06-10 14:00:00,3.7057491881371925
2025-06-10 15:00:00,4.563519191885059
2025-06-10 16:00:00,5.523066747152107
2025-06-10 17:00:00,7.0729783312417736
2025-06-10 18:00:00,7.404963797470518
2025-06-10 19:00:00,7.841876245884512
2025-06-10 20:00:00,7.649281527555026
2025-06-10 21:00:00,6.6903944403606115
2025-06-10 22:00:00,5.670793411016875
2025-06-10 23:00:00,4.333716076412896
2025-06-11 00:00:00,2.8813457767153388
2025-06-11 01:00:00,2.918202217596066
2025-06-11 02:00:00,2.971430413965413
2025-06-11 03:00:00,3.093495613949667
2025-06-11 04:00:00,3.76313678564404
2025-06-11 05:00:00,4.6586075033646575
2025-06-11 06:00:00,5.780118919094225
2025-06-11 07:00:00,6.788371037519633
2025-06-11 08:00:00,7.222193924660121
2025-06-11 09:00:00,6.753117548159315
2025-06-11 10:00:00,5.797812461399708
2025-06-11 11:00:00,4.594829373718385
2025-06-11 12:00:00,3.732593242081473
2025-06-11 13:00:00,3.438666093520381
2025-06-11 14:00:00,3.682041325962436
2025-06-11 15:00:00,4.444027225371803
2025-06-11 16:00:00,5.466180183752039
2025-06-11 17:00:00,6.673787956909355
2025-06-11 18:00:00,7.669362843849949
2025-06-11 19:00:00,7.85942198157153
2025-06-11 20:00:00,7.81574542784396
2025-06-11 21:00:00,6.6085802734104435
2025-06-11 22:00:00,5.415900835312236
2025-06-11 23:00:00,4.439147794083613
2025-06-12 00:00:00,2.777287237842448
2025-06-12 01:00:00,2.8594322215708363
2025-06-12 02:00:00,3.0436449024883148
2025-06-12 03:00:00,3.1015986769661246
2025-06-12 04:00:00,3.81205176154542
2025-06-12 05:00:00,4.772059391738876
2025-06-12 06:00:00,5.775719361676265
2025-06-12 07:00:00,6.927694889966651
2025-06-12 08:00:00,7.488415396546307
2025-06-12 09:00:00,6.826253838902934
2025-06-12 10:00:00,5.932991115065682
2025-06-12 11:00:00,4.615271510190505
2025-06-12 12:00:00,3.8312720597105767
2025-06-12 13:00:00,3.5209754251593632
2025-06-12 14:00:00,3.834455019442435
2025-06-12 15:00:00,4.611710932141534
2025-06-12 16:00:00,5.551153347955209
2025-06-12 17:00:00,6.597637663620376
2025-06-12 18:00:00,7.568164278645983
2025-06-12 19:00:00,8.172503773927582
2025-06-12 20:00:00,8.02083446194657
2025-06-12 21:00:00,6.822026467444236
2025-06-12 22:00:00,5.522623337423165
2025-06-12 23:00:00,4.547801150840724
2025-06-13 00:00:00,2.865069359890156
2025-06-13 01:00:00,2.879058357690866
2025-06-13 02:00:00,2.9234566691973063
2025-06-13 03:00:00,3.298808667887257
2025-06-13 04:00:00,3.5340368722226847
2025-06-13 05:00:00,4.698915758049067
2025-06-13 06:00:00,5.756092361648118
2025-06-13 07:00:00,6.820718529028797
2025-06-13 08:00:00,7.561019586515246
2025-06-13 09:00:00,6.781970748646066
2025-06-13 10:00:00,5.743821729564109
2025-06-13 11:00:00,4.6588607506246085
2025-06-13 12:00:00,3.8943834653021785
2025-06-13 13:00:00,3.541233880583636
2025-06-13 14:00:00,3.6829430493237676
2025-06-13 15:00:00,4.422635149161431
2025-06-13 16:00:00,5.705874442965349
2025-06-13 17:00:00,6.769705028678739
2025-06-13 18:00:00,7.793745224702383
2025-06-13 19:00:00,8.054007794953215
2025-06-13 20:00:00,7.622039304850425
2025-06-13 21:00:00,6.985324068716314
2025-06-13 22:00:00,5.53641807195897
2025-06-13 23:00:00,4.432780797856316
2025-06-14 00:00:00,2.5830951026779303
2025-06-14 01:00:00,2.5103280985732392
2025-06-14 02:00:00,2.585876291660586
2025-06-14 03:00:00,2.817627088396525
2025-06-14 04:00:00,3.2689654834960957
2025-06-14 05:00:00,4.082002488445537
2025-06-14 06:00:00,5.314650945236555
2025-06-14 07:00:00,6.0788543320990325
2025-06-14 08:00:00,6.11594270619749
2025-06-14 09:00:00,6.080375184533666
2025-06-14 10:00:00,5.116574294727403
2025-06-14 11:00:00,4.1048087524180294
2025-06-14 12:00:00,3.40793889351185
2025-06-14 13:00:00,3.1351787150928057
2025-06-14 14:00:00,3.3352608944398576
2025-06-14 15:00:00,4.000006283244919
2025-06-14 16:00:00,4.83170742792183
2025-06-14 17:00:00,5.8225350377424085
2025-06-14 18:00:00,7.191976527144862
2025-06-14 19:00:00,7.006929841544043
2025-06-14 20:00:00,6.795297458399155
2025-06-14 21:00:00,5.756612112064896
2025-06-14 22:00:00,4.890788932492959
2025-06-14 23:00:00,3.853575647537301
2025-06-15 00:00:00,2.4998051506113224
2025-06-15 01:00:00,2.594648890996136
2025-06-15 02:00:00,2.6359021824091933
2025-06-15 03:00:00,2.8428114797113415
2025-06-15 04:00:00,3.146216802721375
2025-06-15 05:00:00,4.200851884420367
2025-06-15 06:00:00,4.968700166388228
2025-06-15 07:00:00,6.20916435280053
2025-06-15 08:00:00,6.538138475350513
2025-06-15 09:00:00,6.097271817284784
2025-06-15 10:00:00,5.014228329901456
2025-06-15 11:00:00,4.104635898658102
2025-06-15 12:00:00,3.3519324511842132
2025-06-15 13:00:00,3.131899952324675
2025-06-15 14:00:00,3.3147858760782416
2025-06-15 15:00:00,3.7821105550875678
2025-06-15 16:00:00,4.983277123974157
2025-06-15 17:00:00,5.912372760130979
2025-06-15 18:00:00,6.701319858717691
2025-06-15 19:00:00,7.013590421984096
2025-06-15 20:00:00,6.8153190810852315
2025-06-15 21:00:00,5.81523585057838
2025-06-15 22:00:00,4.649101316739688
2025-06-15 23:00:00,3.950140997927096
2025-06-16 00:00:00,2.9573332301437474
2025-06-16 01:00:00,2.9376868089641546
2025-06-16 02:00:00,2.960806363793294
2025-06-16 03:00:00,3.2678240841829447
2025-06-16 04:00:00,3.674426398493351
2025-06-16 05:00:00,4.605758400688636
2025-06-16 06:00:00,5.818337416150121
2025-06-16 07:00:00,7.110046368329489
2025-06-16 08:00:00,7.381719677864632
2025-06-16 09:00:00,6.932503433914042
2025-06-16 10:00:00,6.151733484498517
2025-06-16 11:00:00,4.782541524169536
2025-06-16 12:00:00,3.953553741521432
2025-06-16 13:00:00,3.6056262689744574
2025-06-16 14:00:00,3.820042775773312
2025-06-16 15:00:00,4.375643681767224
2025-06-16 16:00:00,5.765819462495379
2025-06-16 17:00:00,6.934123672845669
2025-06-16 18:00:00,7.824938045414519
2025-06-16 19:00:00,8.208982754761381
2025-06-16 20:00:00,7.968550272454542
2025-06-16 21:00:00,6.65779285705482
2025-06-16 22:00:00,5.583502406455554
2025-06-16 23:00:00,4.443805609100674
2025-06-17 00:00:00,3.046755516883882
2025-06-17 01:00:00,3.017068047309508
2025-06-17 02:00:00,2.9122749377326316
2025-06-17 03:00:00,3.1800760549053506
2025-06-17 04:00:00,3.79534641978459
2025-06-17 05:00:00,4.682691720400211
2025-06-17 06:00:00,5.7811261049913885
2025-06-17 07:00:00,7.302593962859237
2025-06-17 08:00:00,7.521890541969343
2025-06-17 09:00:00,7.099121831771147
2025-06-17 10:00:00,5.869378763717375
2025-06-17 11:00:00,4.843272441251447
2025-06-17 12:00:00,3.9177636275916776
2025-06-17 13:00:00,3.6310972446454852
2025-06-17 14:00:00,3.9342002631077997
2025-06-17 15:00:00,4.4501822697228866
2025-06-17 16:00:00,5.867917119274164
2025-06-17 17:00:00,6.934233244070451
2025-06-17 18:00:00,8.097073376505389
2025-06-17 19:00:00,8.097336162859671
2025-06-17 20:00:00,7.74890882371525
2025-06-17 21:00:00,6.747449222663932
2025-06-17 22:00:00,5.708626078015871
2025-06-17 23:00:00,4.577344790029066
2025-06-18 00:00:00,2.9200937578257338
2025-06-18 01:00:00,2.9099072303400444
2025-06-18 02:00:00,2.974324703553795
2025-06-18 03:00:00,3.281711359147557
2025-06-18 04:00:00,3.776349629842321
2025-06-18 05:00:00,4.670410135146241
2025-06-18 06:00:00,6.13250358598884
2025-06-18 07:00:00,7.0294674765330365
2025-06-18 08:00:00,7.677982887262433
2025-06-18 09:00:00,6.969087743598287
2025-06-18 10:00:00,5.990988545487564
2025-06-18 11:00:00,4.777060618814627
2025-06-18 12:00:00,3.8202031542925194
2025-06-18 13:00:00,3.762453547386285
2025-06-18 14:00:00,3.8827435331627957
2025-06-18 15:00:00,4.676606159295944
2025-06-18 16:00:00,5.610225551946131
2025-06-18 17:00:00,6.897879790720988
2025-06-18 18:00:00,7.771043517121516
2025-06-18 19:00:00,8.494209281721366
2025-06-18 20:00:00,7.957253240796849
2025-06-18 21:00:00,6.970438570707036
2025-06-18 22:00:00,5.844337801577341
2025-06-18 23:00:00,4.684929335579346
2025-06-19 00:00:00,3.000170247456316
2025-06-19 01:00:00,2.8930034674031484
2025-06-19 02:00:00,3.016794456069708
2025-06-19 03:00:00,3.2271000551711473
2025-06-19 04:00:00,3.8771091592855256
2025-06-19 05:00:00,4.763543986468682
2025-06-19 06:00:00,5.79767427520222
2025-06-19 07:00:00,7.032256135811382
2025-06-19 08:00:00,7.282441800078898
2025-06-19 09:00:00,7.054556698758145
2025-06-19 10:00:00,5.7790293192306095
2025-06-19 11:00:00,4.845194347646337
2025-06-19 12:00:00,3.994456135751604
2025-06-19 13:00:00,3.8071643644044677
2025-06-19 14:00:00,3.96932006882455
2025-06-19 15:00:00,4.580422132501271
2025-06-19 16:00:00,5.803757422372587
2025-06-19 17:00:00,6.744287177213075
2025-06-19 18:00:00,7.775573383681654
2025-06-19 19:00:00,8.365673415732795
2025-06-19 20:00:00,7.585825778001654
2025-06-19 21:00:00,6.932019501834466
2025-06-19 22:00:00,5.587804503843114
2025-06-19 23:00:00,4.599935389690895
2025-06-20 00:00:00,2.887936085655018
2025-06-20 01:00:00,2.9994993496380737
2025-06-20 02:00:00,3.0570394461038677
2025-06-20 03:00:00,3.3815785399608207
2025-06-20 04:00:00,3.8176422750632195
2025-06-20 05:00:00,4.669008865016233
2025-06-20 06:00:00,5.927280681223387
2025-06-20 07:00:00,6.86126095706598
2025-06-20 08:00:00,7.559071239005335
2025-06-20 09:00:00,7.137194457532957
2025-06-20 10:00:00,6.264891356774336
2025-06-20 11:00:00,4.729436228428115
2025-06-20 12:00:00,3.9387392437707374
2025-06-20 13:00:00,3.6208474613975934
2025-06-20 14:00:00,3.915203001837295
2025-06-20 15:00:00,4.649429864380106
2025-06-20 16:00:00,5.697701429270652
2025-06-20 17:00:00,7.080860436544682
2025-06-20 18:00:00,7.821390424552354
2025-06-20 19:00:00,8.46450837374314
2025-06-20 20:00:00,8.004248952624673
2025-06-20 21:00:00,6.927565200487027
2025-06-20 22:00:00,5.661780911496645
2025-06-20 23:00:00,4.807921688155997
2025-06-21 00:00:00,2.5411126833479534
2025-06-21 01:00:00,2.618710148126422
2025-06-21 02:00:00,2.6344832926491466
2025-06-21 03:00:00,2.981881669472135
2025-06-21 04:00:00,3.4001654666866497
2025-06-21 05:00:00,4.094005662184528
2025-06-21 06:00:00,5.2669943817271045
2025-06-21 07:00:00,6.202976959690753
2025-06-21 08:00:00,6.494897273273652
2025-06-21 09:00:00,6.267552680630397
2025-06-21 10:00:00,5.265934548190146
2025-06-21 11:00:00,4.209610332791381
2025-06-21 12:00:00,3.463005678838902
2025-06-21 13:00:00,3.233673863799884
2025-06-21 14:00:00,3.4279274045278636
2025-06-21 15:00:00,4.043317962438673
2025-06-21 16:00:00,4.928192938816551
2025-06-21 17:00:00,6.271154352665405
2025-06-21 18:00:00,6.785521588648962
2025-06-21 19:00:00,7.327332118883814
2025-06-21 20:00:00,6.886613220622099
2025-06-21 21:00:00,6.2781767830292825
2025-06-21 22:00:00,4.896726529216219
2025-06-21 23:00:00,3.9542966568300253
2025-06-22 00:00:00,2.533350685275692
2025-06-22 01:00:00,2.6201771300231878
2025-06-22 02:00:00,2.6013033074002294
2025-06-22 03:00:00,2.8516589423184984
2025-06-22 04:00:00,3.197260174853879
2025-06-22 05:00:00,4.170488585575563
2025-06-22 06:00:00,5.161659020896102
2025-06-22 07:00:00,5.987824872602619
2025-06-22 08:00:00,6.705549500400279
2025-06-22 09:00:00,6.012782491359128
2025-06-22 10:00:00,5.3088137699978
2025-06-22 11:00:00,4.132976729754475
2025-06-22 12:00:00,3.57711755013584
2025-06-22 13:00:00,3.2542670618909995
2025-06-22 14:00:00,3.3436537639252792
2025-06-22 15:00:00,3.9646797039672643
2025-06-22 16:00:00,5.052917984879322
2025-06-22 17:00:00,6.034164629761949
2025-06-22 18:00:00,6.9080219160071366
2025-06-22 19:00:00,7.450447698714659
2025-06-22 20:00:00,6.8275804891690735
2025-06-22 21:00:00,6.076145197964093
2025-06-22 22:00:00,5.082315470906938
2025-06-22 23:00:00,4.078472664026847
2025-06-23 00:00:00,2.9473825107721408
2025-06-23 01:00:00,2.962352411436149
2025-06-23 02:00:00,2.95484858796258
2025-06-23 03:00:00,3.225704747833756
2025-06-23 04:00:00,3.8482853403175246
2025-06-23 05:00:00,4.737264898373741
2025-06-23 06:00:00,5.9762617326915715
2025-06-23 07:00:00,7.21021174466984
2025-06-23 08:00:00,7.333169194489916
2025-06-23 09:00:00,7.033182767208996
2025-06-23 10:00:00,6.003288786745125
2025-06-23 11:00:00,4.729974153714521
2025-06-23 12:00:00,4.080586312024674
2025-06-23 13:00:00,3.7362447480044643
2025-06-23 14:00:00,3.928281738904283
2025-06-23 15:00:00,4.788311777521034
2025-06-23 16:00:00,5.54267264249833
2025-06-23 17:00:00,6.941579694305063
2025-06-23 18:00:00,7.991360853816436
2025-06-23 19:00:00,8.163494541022223
2025-06-23 20:00:00,7.980800830324961
2025-06-23 21:00:00,6.787964692358849
2025-06-23 22:00:00,5.786664955642436
2025-06-23 23:00:00,4.690742400659105
2025-06-24 00:00:00,2.9620331778059112
2025-06-24 01:00:00,2.8586450779838275
2025-06-24 02:00:00,2.9911165153463855
2025-06-24 03:00:00,3.3203252670238417
2025-06-24 04:00:00,3.8115416628781427
2025-06-24 05:00:00,4.4779468549680255
2025-06-24 06:00:00,6.093238471238109
2025-06-24 07:00:00,7.056751993127352
2025-06-24 08:00:00,7.361419339570664
2025-06-24 09:00:00,7.180772954287026
2025-06-24 10:00:00,5.87805580616024
2025-06-24 11:00:00,4.714144739554779
2025-06-24 12:00:00,3.9808046645073256
2025-06-24 13:00:00,3.7863504999433912
2025-06-24 14:00:00,4.0176657435166705
2025-06-24 15:00:00,4.638633283385001
2025-06-24 16:00:00,5.745676349063319
2025-06-24 17:00:00,7.026713331157361
2025-06-24 18:00:00,7.705459776466192
2025-06-24 19:00:00,8.39186383507662
2025-06-24 20:00:00,7.787978696670163
2025-06-24 21:00:00,6.9602118599419684
2025-06-24 22:00:00,5.661047398322025
2025-06-24 23:00:00,4.622604538696557
2025-06-25 00:00:00,2.970722686066562
2025-06-25 01:00:00,2.80296905032092
2025-06-25 02:00:00,3.079432652569498
2025-06-25 03:00:00,3.345429477454082
2025-06-25 04:00:00,3.867045702452313
2025-06-25 05:00:00,4.751682122469777
2025-06-25 06:00:00,6.177689666333336
2025-06-25 07:00:00,7.123973015978959
2025-06-25 08:00:00,7.5949779191301365
2025-06-25 09:00:00,7.231018481576104
2025-06-25 10:00:00,6.0381467989568725
2025-06-25 11:00:00,4.722368916334689
2025-06-25 12:00:00,3.7823611105536283
2025-06-25 13:00:00,3.6430283620360235
2025-06-25 14:00:00,3.9743117911616634
2025-06-25 15:00:00,4.60050581088605
2025-06-25 16:00:00,5.819072602911942
2025-06-25 17:00:00,6.979555079101964
2025-06-25 18:00:00,8.156598581467815
2025-06-25 19:00:00,8.285790535506678
2025-06-25 20:00:00,8.025969204729757
2025-06-25 21:00:00,7.028191032639462
2025-06-25 22:00:00,5.892972302191701
2025-06-25 23:00:00,4.447121835121303
2025-06-26 00:00:00,2.9775419682966713
2025-06-26 01:00:00,3.0796015270140407
2025-06-26 02:00:00,3.2074817498520094
2025-06-26 03:00:00,3.3651964244991524
2025-06-26 04:00:00,3.8636143880068534
2025-06-26 05:00:00,4.901023105094662
2025-06-26 06:00:00,6.170108311145032
2025-06-26 07:00:00,7.127074182967285
2025-06-26 08:00:00,7.68460421522097
2025-06-26 09:00:00,7.351497151682897
2025-06-26 10:00:00,6.308172320132203
2025-06-26 11:00:00,4.948278065817338
2025-06-26 12:00:00,4.0353353693057
2025-06-26 13:00:00,3.7254366052680865
2025-06-26 14:00:00,4.013630472001963
2025-06-26 15:00:00,4.687032723052636
2025-06-26 16:00:00,5.829274755445945
2025-06-26 17:00:00,6.906707713438175
2025-06-26 18:00:00,8.271907486889194
2025-06-26 19:00:00,8.258630531034967
2025-06-26 20:00:00,7.992922044708787
2025-06-26 21:00:00,7.068689171870578
2025-06-26 22:00:00,6.032011696354466
2025-06-26 23:00:00,4.629083903642463
2025-06-27 00:00:00,2.9753943630225774
2025-06-27 01:00:00,3.005285763483568
2025-06-27 02:00:00,3.2257123520828683
2025-06-27 03:00:00,3.1717500625102986
2025-06-27 04:00:00,3.8216935490854245
2025-06-27 05:00:00,5.109384512893118
2025-06-27 06:00:00,6.157788774734262
2025-06-27 07:00:00,7.044378101995352
2025-06-27 08:00:00,7.654345989774771
2025-06-27 09:00:00,7.216671885431386
2025-06-27 10:00:00,6.202750452791183
2025-06-27 11:00:00,5.072856400318487
2025-06-27 12:00:00,4.077262743604015
2025-06-27 13:00:00,3.7020603929525753
2025-06-27 14:00:00,4.045911465687615
2025-06-27 15:00:00,4.648433134302954
2025-06-27 16:00:00,5.707045762378356
2025-06-27 17:00:00,6.831354082749113
2025-06-27 18:00:00,7.837576271234939
2025-06-27 19:00:00,8.328744906122875
2025-06-27 20:00:00,7.900107608736338
2025-06-27 21:00:00,7.12384871416109
2025-06-27 22:00:00,5.68158710433756
2025-06-27 23:00:00,4.390265110016929
2025-06-28 00:00:00,2.5727163138305245
2025-06-28 01:00:00,2.6228020864555734
2025-06-28 02:00:00,2.6874871137870784
2025-06-28 03:00:00,3.0173749010940947
2025-06-28 04:00:00,3.3564390724238313
2025-06-28 05:00:00,4.2957800124601935
2025-06-28 06:00:00,5.3008372974537465
2025-06-28 07:00:00,6.271568890114189
2025-06-28 08:00:00,6.563596319381614
2025-06-28 09:00:00,6.272308605168072
2025-06-28 10:00:00,5.233429601899322
2025-06-28 11:00:00,4.277823928541716
2025-06-28 12:00:00,3.5086235339936684
2025-06-28 13:00:00,3.1993440708824936
2025-06-28 14:00:00,3.5395747275067584
2025-06-28 15:00:00,4.142789634210629
2025-06-28 16:00:00,5.032205117398889
2025-06-28 17:00:00,6.187531580751555
2025-06-28 18:00:00,7.038041018014759
2025-06-28 19:00:00,7.26141957717835
2025-06-28 20:00:00,7.059668558455332
2025-06-28 21:00:00,6.0920220397437514
2025-06-28 22:00:00,4.976399475820196
2025-06-28 23:00:00,3.9495744985198487
2025-06-29 00:00:00,2.6191011586227
2025-06-29 01:00:00,2.6884598806250373
2025-06-29 02:00:00,2.6932981993439857
2025-06-29 03:00:00,3.088240597717488
2025-06-29 04:00:00,3.472079402011487
2025-06-29 05:00:00,4.348747517382402
2025-06-29 06:00:00,5.408608529519714
2025-06-29 07:00:00,6.535362530581546
2025-06-29 08:00:00,6.59617433731147
2025-06-29 09:00:00,5.98176500642906
2025-06-29 10:00:00,5.28827501220447
2025-06-29 11:00:00,4.328062078383343
2025-06-29 12:00:00,3.5500205535668616
2025-06-29 13:00:00,3.29195326137061
2025-06-29 14:00:00,3.5765756226899432
2025-06-29 15:00:00,4.155565642979642
2025-06-29 16:00:00,5.179349760476075
2025-06-29 17:00:00,6.07771123021515
2025-06-29 18:00:00,6.922825182488892
2025-06-29 19:00:00,7.658523919150799
2025-06-29 20:00:00,7.092038450886779
2025-06-29 21:00:00,6.115966348148022
2025-06-29 22:00:00,5.029135246127941
2025-06-29 23:00:00,4.045081594917883
2025-06-30 00:00:00,3.0182657579124204
2025-06-30 01:00:00,3.006055624733351
2025-06-30 02:00:00,3.07474866629968
2025-06-30 03:00:00,3.398870572249723
2025-06-30 04:00:00,3.912589851760507
2025-06-30 05:00:00,5.027743173071951
2025-06-30 06:00:00,6.215153814107178
2025-06-30 07:00:00,7.352694625856984
2025-06-30 08:00:00,7.662321483001368
2025-06-30 09:00:00,7.299449008906261
2025-06-30 10:00:00,6.2375198659752105
2025-06-30 11:00:00,5.038828280463593
2025-06-30 12:00:00,4.0999793348986895
2025-06-30 13:00:00,3.881701255231231
2025-06-30 14:00:00,4.044768101902862
2025-06-30 15:00:00,4.862257725309201
2025-06-30 16:00:00,5.858631934126857
2025-06-30 17:00:00,6.928247865808738
2025-06-30 18:00:00,8.258657892367273
2025-06-30 19:00:00,8.735396007135405
2025-06-30 20:00:00,8.308939282996548
2025-06-30 21:00:00,7.248451701361802
2025-06-30 22:00:00,5.869042810524004
2025-06-30 23:00:00,4.679712059536091
2025-07-01 00:00:00,3.1014517014473406
2025-07-01 01:00:00,3.117566272641574
2025-07-01 02:00:00,3.1403766514397167
2025-07-01 03:00:00,3.4946383364976614
2025-07-01 04:00:00,3.897155528794798
2025-07-01 05:00:00,4.87082636273967
2025-07-01 06:00:00,6.393510360486938
2025-07-01 07:00:00,7.455336602713167
2025-07-01 08:00:00,7.737170907826551
2025-07-01 09:00:00,7.373456658929313
2025-07-01 10:00:00,6.223999524610958
2025-07-01 11:00:00,4.703969990867689
2025-07-01 12:00:00,4.041026678438858
2025-07-01 13:00:00,3.8031751676547088
2025-07-01 14:00:00,4.0230476801323105
2025-07-01 15:00:00,4.819322277720916
2025-07-01 16:00:00,6.061957889805311
2025-07-01 17:00:00,7.15644778515035
2025-07-01 18:00:00,8.056363850615295
2025-07-01 19:00:00,8.683199894085549
2025-07-01 20:00:00,8.17654671722139
2025-07-01 21:00:00,7.1791898061805535
2025-07-01 22:00:00,5.887127739640361
2025-07-01 23:00:00,4.979337428913696
2025-07-02 00:00:00,2.92447264253716
2025-07-02 01:00:00,3.061270935511343
2025-07-02 02:00:00,3.169638773341209
2025-07-02 03:00:00,3.358871672619608
2025-07-02 04:00:00,4.030803685505039
2025-07-02 05:00:00,4.998832032910124
2025-07-02 06:00:00,6.173036632118723
2025-07-02 07:00:00,7.274293756773756
2025-07-02 08:00:00,7.760507182476767
2025-07-02 09:00:00,7.301828611555342
2025-07-02 10:00:00,6.183102988778734
2025-07-02 11:00:00,4.948995267646164
2025-07-02 12:00:00,4.128434139987246
2025-07-02 13:00:00,3.8569353991676674
2025-07-02 14:00:00,3.9446169421701627
2025-07-02 15:00:00,4.685785304889361
2025-07-02 16:00:00,5.709693698780695
2025-07-02 17:00:00,7.313427492622462
2025-07-02 18:00:00,8.255697870976261
2025-07-02 19:00:00,8.697503374393412
2025-07-02 20:00:00,7.979569539575767
2025-07-02 21:00:00,7.444358536777433
2025-07-02 22:00:00,5.838280507762668
2025-07-02 23:00:00,4.7724601980779395
2025-07-03 00:00:00,3.1376014855648884
2025-07-03 01:00:00,3.047257470935807
2025-07-03 02:00:00,3.159003560812625
2025-07-03 03:00:00,3.4503654897740494
2025-07-03 04:00:00,4.217562015176467
2025-07-03 05:00:00,4.985961614836695
2025-07-03 06:00:00,6.425794107533488
2025-07-03 07:00:00,7.547029869283615
2025-07-03 08:00:00,7.894564148950759
2025-07-03 09:00:00,7.226771268458706
2025-07-03 10:00:00,6.372006257484971
2025-07-03 11:00:00,4.855360040663181
2025-07-03 12:00:00,4.271347672712358
2025-07-03 13:00:00,3.843813644569825
2025-07-03 14:00:00,3.85879812570071
2025-07-03 15:00:00,4.789802415345791
2025-07-03 16:00:00,6.039419294552835
2025-07-03 17:00:00,7.209017092772643
2025-07-03 18:00:00,8.395201792360371
2025-07-03 19:00:00,8.528270521436307
2025-07-03 20:00:00,8.06050425715666
2025-07-03 21:00:00,7.231900777453899
2025-07-03 22:00:00,5.958811540111633
2025-07-03 23:00:00,4.759122238390671
2025-07-04 00:00:00,3.1686007381919135
2025-07-04 01:00:00,3.063487584325733
2025-07-04 02:00:00,3.2220326130046146
2025-07-04 03:00:00,3.4514242411267677
2025-07-04 04:00:00,3.8751222361073303
2025-07-04 05:00:00,4.837569368578382
2025-07-04 06:00:00,6.243006223207681
2025-07-04 07:00:00,7.680704196007103
2025-07-04 08:00:00,7.947722040999214
2025-07-04 09:00:00,7.136180083524771
2025-07-04 10:00:00,5.866376611666545
2025-07-04 11:00:00,5.091556096304284
2025-07-04 12:00:00,4.141313468420177
2025-07-04 13:00:00,3.925787473679624
2025-07-04 14:00:00,4.013126836155287
2025-07-04 15:00:00,4.868703942586645
2025-07-04 16:00:00,6.077667091583298
2025-07-04 17:00:00,7.196682575633216
2025-07-04 18:00:00,8.227059196487021
2025-07-04 19:00:00,8.702094353085124
2025-07-04 20:00:00,8.387674868027165
2025-07-04 21:00:00,7.258480218860688
2025-07-04 22:00:00,6.086406984193574
2025-07-04 23:00:00,4.760244515974684
2025-07-05 00:00:00,2.642320681917377
2025-07-05 01:00:00,2.8434733925513016
2025-07-05 02:00:00,2.776375665919607
2025-07-05 03:00:00,2.9907932414419975
2025-07-05 04:00:00,3.505852395247894
2025-07-05 05:00:00,4.366815617469318
2025-07-05 06:00:00,5.435785446013111
2025-07-05 07:00:00,6.482119273995828
2025-07-05 08:00:00,6.890303336793415
2025-07-05 09:00:00,6.5099668555801085
2025-07-05 10:00:00,5.231576926086907
2025-07-05 11:00:00,4.569940686715613
2025-07-05 12:00:00,3.6310909072153534
2025-07-05 13:00:00,3.407871510103923
2025-07-05 14:00:00,3.486635274250268
2025-07-05 15:00:00,4.2035415694926295
2025-07-05 16:00:00,5.175032597080363
2025-07-05 17:00:00,6.56087897477398
2025-07-05 18:00:00,7.197584776814403
2025-07-05 19:00:00,7.749672059268375
2025-07-05 20:00:00,7.1880409034840635
2025-07-05 21:00:00,6.314873409375334
2025-07-05 22:00:00,5.214203353751521
2025-07-05 23:00:00,4.325283064633564
2025-07-06 00:00:00,2.61080550438412
2025-07-06 01:00:00,2.6622902083170596
2025-07-06 02:00:00,2.699838226329511
2025-07-06 03:00:00,2.9582161864882712
2025-07-06 04:00:00,3.452122750868792
2025-07-06 05:00:00,4.218471220614248
2025-07-06 06:00:00,5.395578595788908
2025-07-06 07:00:00,6.220632239189532
2025-07-06 08:00:00,6.75271520134359
2025-07-06 09:00:00,6.640403375028048
2025-07-06 10:00:00,5.532575979565313
2025-07-06 11:00:00,4.419025603437098
2025-07-06 12:00:00,3.567366772254176
2025-07-06 13:00:00,3.263965127849171
2025-07-06 14:00:00,3.5023822580226263
2025-07-06 15:00:00,4.23816919172101
2025-07-06 16:00:00,5.334534274184345
2025-07-06 17:00:00,6.4859880651777155
2025-07-06 18:00:00,7.371846686016011
2025-07-06 19:00:00,7.51834170583445
2025-07-06 20:00:00,7.283468505733299
2025-07-06 21:00:00,6.3290972741065294
2025-07-06 22:00:00,5.216785473317548
2025-07-06 23:00:00,4.387076906742852
2025-07-07 00:00:00,2.9831286398051162
2025-07-07 01:00:00,3.101257492162753
2025-07-07 02:00:00,3.2789474700971333
2025-07-07 03:00:00,3.3450451308475153
2025-07-07 04:00:00,3.9473948508656633
2025-07-07 05:00:00,4.915128746591057
2025-07-07 06:00:00,6.21245236638821
2025-07-07 07:00:00,7.150772117670175
2025-07-07 08:00:00,7.948711476350518
2025-07-07 09:00:00,7.488328257983947
2025-07-07 10:00:00,6.31792098603484
2025-07-07 11:00:00,4.929689363653414
2025-07-07 12:00:00,4.155678547049566
2025-07-07 13:00:00,3.7684114662010955
2025-07-07 14:00:00,4.057129717522774
2025-07-07 15:00:00,5.042104167376974
2025-07-07 16:00:00,5.986811789041391
2025-07-07 17:00:00,7.087838876405401
2025-07-07 18:00:00,8.326098253744764
2025-07-07 19:00:00,8.46092380226884
2025-07-07 20:00:00,8.097082127395158
2025-07-07 21:00:00,7.108013172320243
2025-07-07 22:00:00,5.915921479283185
2025-07-07 23:00:00,4.893728664293047
2025-07-08 00:00:00,3.10236107412472
2025-07-08 01:00:00,3.1228035822282987
2025-07-08 02:00:00,3.10547360812599
2025-07-08 03:00:00,3.3809759112528406
2025-07-08 04:00:00,3.987853045621691
2025-07-08 05:00:00,4.865270971460778
2025-07-08 06:00:00,6.154982894284018
2025-07-08 07:00:00,7.390990745157836
2025-07-08 08:00:00,7.736797794140136
2025-07-08 09:00:00,7.3627402779724935
2025-07-08 10:00:00,6.400941644294973
2025-07-08 11:00:00,4.959014293558833
2025-07-08 12:00:00,4.211728924490828
2025-07-08 13:00:00,3.848735878462892
2025-07-08 14:00:00,3.9321220636093797
2025-07-08 15:00:00,4.688814826942062
2025-07-08 16:00:00,5.827848092468335
2025-07-08 17:00:00,7.077964836018314
2025-07-08 18:00:00,8.213676646992907
2025-07-08 19:00:00,8.73115583054044
2025-07-08 20:00:00,8.434941527135095
2025-07-08 21:00:00,7.244358301426331
2025-07-08 22:00:00,5.867525347594907
2025-07-08 23:00:00,4.56612571940488
2025-07-09 00:00:00,3.1056359267422997
2025-07-09 01:00:00,3.1267267398301577
2025-07-09 02:00:00,3.222597025274426
2025-07-09 03:00:00,3.601884722153087
2025-07-09 04:00:00,4.11024505755353
2025-07-09 05:00:00,5.060642646619557
2025-07-09 06:00:00,6.138384569917479
2025-07-09 07:00:00,7.3324248513001224
2025-07-09 08:00:00,7.863524351464269
2025-07-09 09:00:00,7.296810569598479
2025-07-09 10:00:00,6.335651939100512
2025-07-09 11:00:00,5.067809745361875
2025-07-09 12:00:00,4.07023048687504
2025-07-09 13:00:00,3.940941408882342
2025-07-09 14:00:00,4.104784268826159
2025-07-09 15:00:00,4.680577320172471
2025-07-09 16:00:00,5.9869297046578795
2025-07-09 17:00:00,7.322744101690584
2025-07-09 18:00:00,8.482649923265722
2025-07-09 19:00:00,8.662931940386049
2025-07-09 20:00:00,8.458387073687128
2025-07-09 21:00:00,7.307930163986022
2025-07-09 22:00:00,5.8291965916797475
2025-07-09 23:00:00,4.681582164453458
2025-07-10 00:00:00,3.202271598016522
2025-07-10 01:00:00,3.231541775207999
2025-07-10 02:00:00,3.263574061020808
2025-07-10 03:00:00,3.5949166731252213
2025-07-10 04:00:00,4.136025877486484
2025-07-10 05:00:00,5.100527912654439
2025-07-10 06:00:00,6.205563028219667
2025-07-10 07:00:00,7.740850061044225
2025-07-10 08:00:00,8.041795269273445
2025-07-10 09:00:00,7.427357476355735
2025-07-10 10:00:00,6.25028783466044
2025-07-10 11:00:00,5.107797435127938
2025-07-10 12:00:00,4.061545538080608
2025-07-10 13:00:00,3.941303823556776
2025-07-10 14:00:00,4.058052984149483
2025-07-10 15:00:00,4.932518200772203
2025-07-10 16:00:00,5.9892652205103
2025-07-10 17:00:00,7.314979283615021
2025-07-10 18:00:00,8.275917471820861
2025-07-10 19:00:00,8.77973025252854
2025-07-10 20:00:00,8.720497739365817
2025-07-10 21:00:00,7.5564275563450645
2025-07-10 22:00:00,6.088774020669325
2025-07-10 23:00:00,4.863175175813864
2025-07-11 00:00:00,3.175664776157797
2025-07-11 01:00:00,3.2180817451606427
2025-07-11 02:00:00,3.179634473763188
2025-07-11 03:00:00,3.475060061528666
2025-07-11 04:00:00,3.8915988727845323
2025-07-11 05:00:00,5.129939914630775
2025-07-11 06:00:00,6.562865273116782
2025-07-11 07:00:00,7.472172184900728
2025-07-11 08:00:00,7.596366422607621
2025-07-11 09:00:00,7.554455058570502
2025-07-11 10:00:00,6.202498180158328
2025-07-11 11:00:00,4.999842084802845
2025-07-11 12:00:00,4.242386775267778
2025-07-11 13:00:00,3.895451757789667
2025-07-11 14:00:00,4.084768860122506
2025-07-11 15:00:00,4.818698813518
2025-07-11 16:00:00,6.0501669373553
2025-07-11 17:00:00,7.272644237356293
2025-07-11 18:00:00,8.19304459933076
2025-07-11 19:00:00,8.724353462848807
2025-07-11 20:00:00,8.43568093390119
2025-07-11 21:00:00,7.305459978697042
2025-07-11 22:00:00,5.858075165979174
2025-07-11 23:00:00,4.947597542701933
2025-07-12 00:00:00,2.5586892820717875
2025-07-12 01:00:00,2.703439991102683
2025-07-12 02:00:00,2.76786186352038
2025-07-12 03:00:00,3.0258006450634887
2025-07-12 04:00:00,3.5401360423900274
2025-07-12 05:00:00,4.446958528072576
2025-07-12 06:00:00,5.385235861484422
2025-07-12 07:00:00,6.542396495414411
2025-07-12 08:00:00,6.903740152497431
2025-07-12 09:00:00,6.247976298618314
2025-07-12 10:00:00,5.683461072486428
2025-07-12 11:00:00,4.265755361684171
2025-07-12 12:00:00,3.6622661187940864
2025-07-12 13:00:00,3.3856815463853276
2025-07-12 14:00:00,3.595300856620746
2025-07-12 15:00:00,4.18997680170896
2025-07-12 16:00:00,5.317678186367838
2025-07-12 17:00:00,6.157636976007866
2025-07-12 18:00:00,7.253306644104453
2025-07-12 19:00:00,7.527064128950615
2025-07-12 20:00:00,7.164353327201949
2025-07-12 21:00:00,6.409515199173724
2025-07-12 22:00:00,5.338122535912375
2025-07-12 23:00:00,4.1765265708264
2025-07-13 00:00:00,2.7706729182727354
2025-07-13 01:00:00,2.7518000669183595
2025-07-13 02:00:00,2.7740524687713832
2025-07-13 03:00:00,3.0247022820098635
2025-07-13 04:00:00,3.5069802581350755
2025-07-13 05:00:00,4.321802699942668
2025-07-13 06:00:00,5.552861377925255
2025-07-13 07:00:00,6.547548090335147
2025-07-13 08:00:00,6.709960741413621
2025-07-13 09:00:00,6.304528488324606
2025-07-13 10:00:00,5.564908501197142
2025-07-13 11:00:00,4.354219186223906
2025-07-13 12:00:00,3.6822292542740978
2025-07-13 13:00:00,3.438559825483201
2025-07-13 14:00:00,3.511877877777338
2025-07-13 15:00:00,4.144439730581807
2025-07-13 16:00:00,5.448474873214477
2025-07-13 17:00:00,6.450599711846974
2025-07-13 18:00:00,7.258137541715875
2025-07-13 19:00:00,7.528980995698127
2025-07-13 20:00:00,7.244652324493905
2025-07-13 21:00:00,6.252080200922042
2025-07-13 22:00:00,5.359313263919886
2025-07-13 23:00:00,4.172353625432347
2025-07-14 00:00:00,3.1766502345858507
2025-07-14 01:00:00,3.1074770403293015
2025-07-14 02:00:00,3.1513548140751206
2025-07-14 03:00:00,3.43500209592711
2025-07-14 04:00:00,3.8093073496706307
2025-07-14 05:00:00,4.98224478261928
2025-07-14 06:00:00,6.2524105969779145
2025-07-14 07:00:00,7.548614582463218
2025-07-14 08:00:00,7.599344803482692
2025-07-14 09:00:00,7.602088702306107
2025-07-14 10:00:00,6.391037038113135
2025-07-14 11:00:00,5.17020830120906
2025-07-14 12:00:00,4.166330902903715
2025-07-14 13:00:00,3.9362360459139123
2025-07-14 14:00:00,3.9853581662249398
2025-07-14 15:00:00,4.929116613898738
2025-07-14 16:00:00,5.914738315743305
2025-07-14 17:00:00,7.058097760342487
2025-07-14 18:00:00,8.15310698223905
2025-07-14 19:00:00,8.743589852443362
2025-07-14 20:00:00,8.202972096105826
2025-07-14 21:00:00,7.352954066772714
2025-07-14 22:00:00,5.78392215643978
2025-07-14 23:00:00,4.623994483508742
2025-07-15 00:00:00,3.174156703576344
2025-07-15 01:00:00,3.1694005310848214
2025-07-15 02:00:00,3.131408384631465
2025-07-15 03:00:00,3.4428238076552056
2025-07-15 04:00:00,4.0768109628729645
2025-07-15 05:00:00,5.0049117755061205
2025-07-15 06:00:00,6.253286891005154
2025-07-15 07:00:00,7.5416598089822315
2025-07-15 08:00:00,7.733549741405693
2025-07-15 09:00:00,7.387924503207639
2025-07-15 10:00:00,6.246570705950952
2025-07-15 11:00:00,4.985243248214263
2025-07-15 12:00:00,4.112519984944976
2025-07-15 13:00:00,3.839637866753377
2025-07-15 14:00:00,4.083495893766133
2025-07-15 15:00:00,4.728367152096141
2025-07-15 16:00:00,6.0658293045620235
2025-07-15 17:00:00,7.1122051695965505
2025-07-15 18:00:00,8.252664690873964
2025-07-15 19:00:00,8.63703188464804
2025-07-15 20:00:00,8.348053163000737
2025-07-15 21:00:00,6.9453633440800555
2025-07-15 22:00:00,6.069948517255648
2025-07-15 23:00:00,4.734479931412585
2025-07-16 00:00:00,3.176821965925901
2025-07-16 01:00:00,3.095128260426357
2025-07-16 02:00:00,3.2076082528183525
2025-07-16 03:00:00,3.5884636490635873
2025-07-16 04:00:00,3.988353877766483
2025-07-16 05:00:00,5.105694714097657
2025-07-16 06:00:00,6.263496192243642
2025-07-16 07:00:00,7.469742044386153
2025-07-16 08:00:00,7.8892339176486255
2025-07-16 09:00:00,7.537187589168676
2025-07-16 10:00:00,6.186657453539074
2025-07-16 11:00:00,4.932697167892735
2025-07-16 12:00:00,4.107520786298058
2025-07-16 13:00:00,3.856363929804398
2025-07-16 14:00:00,4.078177372571154
2025-07-16 15:00:00,4.916946806184282
2025-07-16 16:00:00,6.149269684911824
2025-07-16 17:00:00,7.13943955274106
2025-07-16 18:00:00,8.198353674863556
2025-07-16 19:00:00,8.47099069205378
2025-07-16 20:00:00,8.658203280336389
2025-07-16 21:00:00,7.324803881411686
2025-07-16 22:00:00,6.043902334201284
2025-07-16 23:00:00,4.688651521389133
2025-07-17 00:00:00,3.0915557251192425
2025-07-17 01:00:00,3.147142782458911
2025-07-17 02:00:00,3.184699131293738
2025-07-17 03:00:00,3.519685400648577
2025-07-17 04:00:00,4.1831444463596705
2025-07-17 05:00:00,4.8728619812258085
2025-07-17 06:00:00,6.111836121687575
2025-07-17 07:00:00,7.255778986843908
2025-07-17 08:00:00,8.106307952259021
2025-07-17 09:00:00,7.542773136307815
2025-07-17 10:00:00,6.236437354544482
2025-07-17 11:00:00,5.01993485227544
2025-07-17 12:00:00,4.080137137114877
2025-07-17 13:00:00,3.905162431233285
2025-07-17 14:00:00,4.052654720401861
2025-07-17 15:00:00,4.808042313626555
2025-07-17 16:00:00,6.047218965733272
2025-07-17 17:00:00,7.231886339286791
2025-07-17 18:00:00,8.25594562849683
2025-07-17 19:00:00,8.6965574044765
2025-07-17 20:00:00,8.42671809600427
2025-07-17 21:00:00,7.497080281164479
2025-07-17 22:00:00,6.037947663112846
2025-07-17 23:00:00,4.880152336313948
2025-07-18 00:00:00,3.077996985973686
2025-07-18 01:00:00,3.0700404853588372
2025-07-18 02:00:00,3.2414054942217194
2025-07-18 03:00:00,3.4559277230897107
2025-07-18 04:00:00,3.882909663840399
2025-07-18 05:00:00,4.93231118902541
2025-07-18 06:00:00,6.226459069666156
2025-07-18 07:00:00,7.307008650266905
2025-07-18 08:00:00,8.08341249749428
2025-07-18 09:00:00,7.456562084562882
2025-07-18 10:00:00,6.422469962787378
2025-07-18 11:00:00,5.0406095490778595
2025-07-18 12:00:00,4.152908932331238
2025-07-18 13:00:00,3.763434982839327
2025-07-18 14:00:00,4.082967594685247
2025-07-18 15:00:00,4.832444561846902
2025-07-18 16:00:00,5.808715733224045
2025-07-18 17:00:00,7.177879562643201
2025-07-18 18:00:00,8.237885414390291
2025-07-18 19:00:00,8.762994304067428
2025-07-18 20:00:00,8.367845743837384
2025-07-18 21:00:00,7.170720850128438
2025-07-18 22:00:00,6.021536601498639
2025-07-18 23:00:00,4.783516449138894
2025-07-19 00:00:00,2.5306343391100534
2025-07-19 01:00:00,2.6791446338403495
2025-07-19 02:00:00,2.839572140109144
2025-07-19 03:00:00,2.891421362542276
2025-07-19 04:00:00,3.4798608949620498
2025-07-19 05:00:00,4.449958349554015
2025-07-19 06:00:00,5.335747678496585
2025-07-19 07:00:00,6.413657101518721
2025-07-19 08:00:00,6.642408587218871
2025-07-19 09:00:00,6.625068780558087
2025-07-19 10:00:00,5.421283749093495
2025-07-19 11:00:00,4.360102200230943
2025-07-19 12:00:00,3.699506127860606
2025-07-19 13:00:00,3.3759460495071654
2025-07-19 14:00:00,3.4840967655376502
2025-07-19 15:00:00,4.142719211181376
2025-07-19 16:00:00,5.239486752332641
2025-07-19 17:00:00,6.225061214211472
2025-07-19 18:00:00,6.898153956379353
2025-07-19 19:00:00,7.542304311845399
2025-07-19 20:00:00,6.989797099889946
2025-07-19 21:00:00,6.506527341331439
2025-07-19 22:00:00,5.200887837240359
2025-07-19 23:00:00,4.095324016167646
2025-07-20 00:00:00,2.651464833670106
2025-07-20 01:00:00,2.607330032072144
2025-07-20 02:00:00,2.7228436511823593
2025-07-20 03:00:00,3.0577944963142216
2025-07-20 04:00:00,3.6328501495581524
2025-07-20 05:00:00,4.382912227175532
2025-07-20 06:00:00,5.416900914986865
2025-07-20 07:00:00,6.368208408715125
2025-07-20 08:00:00,6.700579820881365
2025-07-20 09:00:00,6.691326442628218
2025-07-20 10:00:00,5.41854216549054
2025-07-20 11:00:00,4.547663248078297
2025-07-20 12:00:00,3.708290447710654
2025-07-20 13:00:00,3.2210408904682417
2025-07-20 14:00:00,3.5045995530496814
2025-07-20 15:00:00,4.147556951279388
2025-07-20 16:00:00,5.1881834438271675
2025-07-20 17:00:00,6.306276974706187
2025-07-20 18:00:00,7.647108241841958
2025-07-20 19:00:00,7.39956592334283
2025-07-20 20:00:00,7.247669848738398
2025-07-20 21:00:00,6.390769737144873
2025-07-20 22:00:00,5.19074187748248
2025-07-20 23:00:00,4.186749426154862
2025-07-21 00:00:00,3.0492096980428065
2025-07-21 01:00:00,3.144928653427881
2025-07-21 02:00:00,3.2573175592955734
2025-07-21 03:00:00,3.4935503106042
2025-07-21 04:00:00,4.073511275826732
2025-07-21 05:00:00,5.144699732508833
2025-07-21 06:00:00,6.402886601309851
2025-07-21 07:00:00,7.450166409300134
2025-07-21 08:00:00,7.726158516164278
2025-07-21 09:00:00,7.353575346969051
2025-07-21 10:00:00,6.271548034182691
2025-07-21 11:00:00,5.078533063794718
2025-07-21 12:00:00,4.138302918352473
2025-07-21 13:00:00,3.7926523749246255
2025-07-21 14:00:00,4.0158559360406265
2025-07-21 15:00:00,4.707825670019391
2025-07-21 16:00:00,5.98998156709959
2025-07-21 17:00:00,7.097447005947518
2025-07-21 18:00:00,8.188516805098647
2025-07-21 19:00:00,8.689442049938922
2025-07-21 20:00:00,8.132317171096975
2025-07-21 21:00:00,7.3667962114602465
2025-07-21 22:00:00,6.100804277776945
2025-07-21 23:00:00,4.7850223092264805
2025-07-22 00:00:00,3.082040268210263
2025-07-22 01:00:00,3.1668130064736104
2025-07-22 02:00:00,3.17312177302686
2025-07-22 03:00:00,3.4109133139708683
2025-07-22 04:00:00,4.11724700860558
2025-07-22 05:00:00,5.08353320552961
2025-07-22 06:00:00,6.350369161566582
2025-07-22 07:00:00,7.564950801565806
2025-07-22 08:00:00,7.586329737694647
2025-07-22 09:00:00,7.631975192639778
2025-07-22 10:00:00,6.338276681562603
2025-07-22 11:00:00,5.146788719388714
2025-07-22 12:00:00,4.203773765876595
2025-07-22 13:00:00,3.8624680232049036
2025-07-22 14:00:00,4.084301565844135
2025-07-22 15:00:00,4.896369927890685
2025-07-22 16:00:00,5.971001590387383
2025-07-22 17:00:00,7.427196223234682
2025-07-22 18:00:00,8.077428330795383
2025-07-22 19:00:00,8.649470418830749
2025-07-22 20:00:00,8.683118436877118
2025-07-22 21:00:00,7.207964748619739
2025-07-22 22:00:00,5.973364270940734
2025-07-22 23:00:00,4.745047857110472
2025-07-23 00:00:00,3.13536637482604
2025-07-23 01:00:00,3.0921928421446907
2025-07-23 02:00:00,3.2125352119666903
2025-07-23 03:00:00,3.5299165455533283
2025-07-23 04:00:00,3.971498850493428
2025-07-23 05:00:00,5.082520278150696
2025-07-23 06:00:00,6.388793174427287
2025-07-23 07:00:00,7.596918109016695
2025-07-23 08:00:00,7.934214355180397
2025-07-23 09:00:00,7.925786080185068
2025-07-23 10:00:00,6.432404418173999
2025-07-23 11:00:00,5.086125319702137
2025-07-23 12:00:00,4.105289566933039
2025-07-23 13:00:00,3.857680448597937
2025-07-23 14:00:00,4.23117688581903
2025-07-23 15:00:00,5.035324773698187
2025-07-23 16:00:00,6.196520263443811
2025-07-23 17:00:00,7.427597467188705
2025-07-23 18:00:00,8.146300032580006
2025-07-23 19:00:00,8.844232791530708
2025-07-23 20:00:00,8.148531672463431
2025-07-23 21:00:00,7.094126488516193
2025-07-23 22:00:00,6.040869630703021
2025-07-23 23:00:00,4.889065647470455
2025-07-24 00:00:00,3.12386662888838
2025-07-24 01:00:00,3.1227768015556956
2025-07-24 02:00:00,3.2106353144875635
2025-07-24 03:00:00,3.352356583146718
2025-07-24 04:00:00,3.9599419499038553
2025-07-24 05:00:00,4.781077139166841
2025-07-24 06:00:00,5.944438405511985
2025-07-24 07:00:00,7.438587272873325
2025-07-24 08:00:00,7.677654371108574
2025-07-24 09:00:00,7.461258000652816
2025-07-24 10:00:00,6.344038766768888
2025-07-24 11:00:00,4.916956654979648
2025-07-24 12:00:00,4.1653520712097425
2025-07-24 13:00:00,3.7577166932244364
2025-07-24 14:00:00,3.9034093353654984
2025-07-24 15:00:00,4.80874288544509
2025-07-24 16:00:00,5.873798696923581
2025-07-24 17:00:00,7.141291102632705
2025-07-24 18:00:00,8.557926154513515
2025-07-24 19:00:00,8.366124223194976
2025-07-24 20:00:00,8.29556604765896
2025-07-24 21:00:00,7.060282469747844
2025-07-24 22:00:00,6.030875062806125
2025-07-24 23:00:00,4.7953954250777935
2025-07-25 00:00:00,3.08874858426929
2025-07-25 01:00:00,3.030697652561053
2025-07-25 02:00:00,3.125222667793234
2025-07-25 03:00:00,3.479785806162224
2025-07-25 04:00:00,4.104881334067267
2025-07-25 05:00:00,4.972260791915808
2025-07-25 06:00:00,6.07559119562662
2025-07-25 07:00:00,7.37263464214527
2025-07-25 08:00:00,8.165691202833266
2025-07-25 09:00:00,7.341281508348238
2025-07-25 10:00:00,6.381804063966028
2025-07-25 11:00:00,4.900212954857888
2025-07-25 12:00:00,4.10934705685096
2025-07-25 13:00:00,3.8515686353692846
2025-07-25 14:00:00,4.081335623265436
2025-07-25 15:00:00,4.718866294641403
2025-07-25 16:00:00,5.8280549283399505
2025-07-25 17:00:00,7.340079754967354
2025-07-25 18:00:00,8.42080511220684
2025-07-25 19:00:00,8.881942385140638
2025-07-25 20:00:00,8.521381027601018
2025-07-25 21:00:00,7.216088615920506
2025-07-25 22:00:00,5.880777410434126
2025-07-25 23:00:00,4.891059810521503
2025-07-26 00:00:00,2.689160662367137
2025-07-26 01:00:00,2.6192485657976388
2025-07-26 02:00:00,2.6882946918751234
2025-07-26 03:00:00,2.9839466988239205
2025-07-26 04:00:00,3.4167250795996726
2025-07-26 05:00:00,4.257347360755423
2025-07-26 06:00:00,5.465607554486742
2025-07-26 07:00:00,6.42982036589673
2025-07-26 08:00:00,6.9146632188321515
2025-07-26 09:00:00,6.09172373562547
2025-07-26 10:00:00,5.390020122450959
2025-07-26 11:00:00,4.3616691048137035
2025-07-26 12:00:00,3.4485691668334626
2025-07-26 13:00:00,3.2473575431742288
2025-07-26 14:00:00,3.4432550219189006
2025-07-26 15:00:00,4.146686628618706
2025-07-26 16:00:00,5.290459960881744
2025-07-26 17:00:00,6.477227485414173
2025-07-26 18:00:00,6.997793167032711
2025-07-26 19:00:00,7.535027512389658
2025-07-26 20:00:00,7.193012543433055
2025-07-26 21:00:00,6.272704602128417
2025-07-26 22:00:00,5.158991066751305
2025-07-26 23:00:00,4.144014319099337
2025-07-27 00:00:00,2.720120906538369
2025-07-27 01:00:00,2.710018538458688
2025-07-27 02:00:00,2.666532325141069
2025-07-27 03:00:00,2.979212328146354
2025-07-27 04:00:00,3.4637018276832072
2025-07-27 05:00:00,4.254035829105036
2025-07-27 06:00:00,5.430554465302155
2025-07-27 07:00:00,6.309446078608921
2025-07-27 08:00:00,6.71141111390126
2025-07-27 09:00:00,6.303866480456527
2025-07-27 10:00:00,5.107475946892273
2025-07-27 11:00:00,4.262521723138592
2025-07-27 12:00:00,3.483109171298097
2025-07-27 13:00:00,3.1880981718624595
2025-07-27 14:00:00,3.57533956572086
2025-07-27 15:00:00,4.155043590647065
2025-07-27 16:00:00,5.0818918110656774
2025-07-27 17:00:00,6.108557827162469
2025-07-27 18:00:00,7.1016994025640825
2025-07-27 19:00:00,7.546882993839713
2025-07-27 20:00:00,6.942986548146838
2025-07-27 21:00:00,6.176810005814939
2025-07-27 22:00:00,5.167654869677249
2025-07-27 23:00:00,3.929579593514471
2025-07-28 00:00:00,3.0068197764933697
2025-07-28 01:00:00,3.007399760776104
2025-07-28 02:00:00,3.108321282656683
2025-07-28 03:00:00,3.321244674486271
2025-07-28 04:00:00,3.903796608419853
2025-07-28 05:00:00,5.022322607609758
2025-07-28 06:00:00,6.035860765527658
2025-07-28 07:00:00,7.2330713398769735
2025-07-28 08:00:00,7.952454221738848
2025-07-28 09:00:00,7.115197959009516
2025-07-28 10:00:00,6.309843798984885
2025-07-28 11:00:00,4.884806508256016
2025-07-28 12:00:00,4.182675321874663
2025-07-28 13:00:00,3.791968114883461
2025-07-28 14:00:00,4.000661704372171
2025-07-28 15:00:00,4.699841660212184
2025-07-28 16:00:00,5.744679068943231
2025-07-28 17:00:00,7.078901680749406
2025-07-28 18:00:00,8.22163660361174
2025-07-28 19:00:00,8.463736078281894
2025-07-28 20:00:00,8.025388407112835
2025-07-28 21:00:00,7.031663303678536
2025-07-28 22:00:00,5.926387026881163
2025-07-28 23:00:00,4.791209475953444
2025-07-29 00:00:00,2.967106679914259
2025-07-29 01:00:00,2.98984596827573
2025-07-29 02:00:00,3.137124525635347
2025-07-29 03:00:00,3.4538902753526113
2025-07-29 04:00:00,3.9782699908265857
2025-07-29 05:00:00,4.71039075090344
2025-07-29 06:00:00,6.037002302110088
2025-07-29 07:00:00,7.050116395560649
2025-07-29 08:00:00,7.598732023132769
2025-07-29 09:00:00,7.417659252828026
2025-07-29 10:00:00,5.909616808971041
2025-07-29 11:00:00,4.721352345661656
2025-07-29 12:00:00,3.9677876033443136
2025-07-29 13:00:00,3.7535702882521007
2025-07-29 14:00:00,4.021520848700889
2025-07-29 15:00:00,4.742376166340077
2025-07-29 16:00:00,5.948029766288801
2025-07-29 17:00:00,6.812034055743637
2025-07-29 18:00:00,8.260251269864067
2025-07-29 19:00:00,8.404578236103847
2025-07-29 20:00:00,8.186378860813958
2025-07-29 21:00:00,6.87307457150925
2025-07-29 22:00:00,5.805721431589679
2025-07-29 23:00:00,4.693949894160438
2025-07-30 00:00:00,3.096450593560362
2025-07-30 01:00:00,2.953082969672468
2025-07-30 02:00:00,3.135370633930602
2025-07-30 03:00:00,3.299756498899312
2025-07-30 04:00:00,3.9536118741357096
2025-07-30 05:00:00,4.937878920120716
2025-07-30 06:00:00,6.265166510349243
2025-07-30 07:00:00,7.152470173955054
2025-07-30 08:00:00,7.8311168040842
2025-07-30 09:00:00,7.4299421189292865
2025-07-30 10:00:00,5.9204527893956485
2025-07-30 11:00:00,4.9707228732548385
2025-07-30 12:00:00,4.138327900315924
2025-07-30 13:00:00,3.7365928086104407
2025-07-30 14:00:00,3.900842087321398
2025-07-30 15:00:00,4.820585171322561
2025-07-30 16:00:00,5.708294725840735
2025-07-30 17:00:00,7.0808943543635126
2025-07-30 18:00:00,8.113650995367268
2025-07-30 19:00:00,8.633343250552509
2025-07-30 20:00:00,8.01825146079288
2025-07-30 21:00:00,7.00787715947284
2025-07-30 22:00:00,5.853885081885925
2025-07-30 23:00:00,4.796432949976347
2025-07-31 00:00:00,3.1380157301543776
2025-07-31 01:00:00,2.932653168133348
2025-07-31 02:00:00,3.126369061396466
2025-07-31 03:00:00,3.2715858195407095
2025-07-31 04:00:00,3.9598040076576573
2025-07-31 05:00:00,4.730422570445919
2025-07-31 06:00:00,5.974231338137454
2025-07-31 07:00:00,7.08382016841545
2025-07-31 08:00:00,7.611483053971106
2025-07-31 09:00:00,7.217868822087379
2025-07-31 10:00:00,6.128256631220638
2025-07-31 11:00:00,4.868228577452815
2025-07-31 12:00:00,3.9188482829867413
2025-07-31 13:00:00,3.7782678787196944
2025-07-31 14:00:00,3.959425439620128
2025-07-31 15:00:00,4.80008410839899
2025-07-31 16:00:00,5.7167460520096816
2025-07-31 17:00:00,6.819977393155165
2025-07-31 18:00:00,8.045578810866699
2025-07-31 19:00:00,8.657829624675319
2025-07-31 20:00:00,8.076822964984226
2025-07-31 21:00:00,7.016555477282876
2025-07-31 22:00:00,5.691772444230495
2025-07-31 23:00:00,4.82566619667384
2025-08-01 00:00:00,2.940711494331287
2025-08-01 01:00:00,2.9817433259827677
2025-08-01 02:00:00,3.144084424338691
2025-08-01 03:00:00,3.222055439337021
2025-08-01 04:00:00,3.9820498668496924
2025-08-01 05:00:00,4.884034928948446
2025-08-01 06:00:00,6.16856581267126
2025-08-01 07:00:00,7.252676261177868
2025-08-01 08:00:00,7.603105574793757
2025-08-01 09:00:00,7.023246558911506
2025-08-01 10:00:00,6.056176285689634
2025-08-01 11:00:00,4.776697091117703
2025-08-01 12:00:00,4.067518783957461
2025-08-01 13:00:00,3.7864274795824455
2025-08-01 14:00:00,4.083148290682897
2025-08-01 15:00:00,4.728810527537282
2025-08-01 16:00:00,5.909608519572122
2025-08-01 17:00:00,7.00810273901679
2025-08-01 18:00:00,7.978841130935521
2025-08-01 19:00:00,8.524167440101813
2025-08-01 20:00:00,7.9934841562613554
2025-08-01 21:00:00,7.086874282883668
2025-08-01 22:00:00,5.673072767611226
2025-08-01 23:00:00,4.582335191958983
2025-08-02 00:00:00,2.6374516422727883
2025-08-02 01:00:00,2.6709311366015864
2025-08-02 02:00:00,2.643233530395002
2025-08-02 03:00:00,2.941430453938425
2025-08-02 04:00:00,3.3322208370980193
2025-08-02 05:00:00,4.185481049472895
2025-08-02 06:00:00,5.4049369868021
2025-08-02 07:00:00,6.321883790056762
2025-08-02 08:00:00,6.721444047039711
2025-08-02 09:00:00,6.461810107115582
2025-08-02 10:00:00,5.193630221356686
2025-08-02 11:00:00,4.1423313648138125
2025-08-02 12:00:00,3.443663075407669
2025-08-02 13:00:00,3.215682444442209
2025-08-02 14:00:00,3.2780559053428093
2025-08-02 15:00:00,4.054531416389485
2025-08-02 16:00:00,4.978020282595663
2025-08-02 17:00:00,6.210911807491691
2025-08-02 18:00:00,7.036809682112455
2025-08-02 19:00:00,7.2363453710456795
2025-08-02 20:00:00,7.069875220822456
2025-08-02 21:00:00,6.202566825120111
2025-08-02 22:00:00,4.950157568352
2025-08-02 23:00:00,4.00608974895067
2025-08-03 00:00:00,2.483431625809039
2025-08-03 01:00:00,2.561975208758555
2025-08-03 02:00:00,2.650999273958849
2025-08-03 03:00:00,2.9009535423074864
2025-08-03 04:00:00,3.2977703352644903
2025-08-03 05:00:00,4.1327946804071605
2025-08-03 06:00:00,5.1168576752075
2025-08-03 07:00:00,6.230130840122832
2025-08-03 08:00:00,6.659028315086983
2025-08-03 09:00:00,6.261650643213716
2025-08-03 10:00:00,5.258480555276868
2025-08-03 11:00:00,4.087163479631556
2025-08-03 12:00:00,3.443854415551199
2025-08-03 13:00:00,3.199349541308918
2025-08-03 14:00:00,3.405433335048899
2025-08-03 15:00:00,4.069317157240965
2025-08-03 16:00:00,5.1659023293349255
2025-08-03 17:00:00,6.201864252733555
2025-08-03 18:00:00,6.835759784273595
2025-08-03 19:00:00,7.4087683178679145
2025-08-03 20:00:00,7.0626604651750675
2025-08-03 21:00:00,6.003443689087044
2025-08-03 22:00:00,5.102491181162035
2025-08-03 23:00:00,4.0248867196786415
2025-08-04 00:00:00,2.920485589440702
2025-08-04 01:00:00,3.0559202439989583
2025-08-04 02:00:00,3.124930392675799
2025-08-04 03:00:00,3.3340176338792107
2025-08-04 04:00:00,3.883631577537534
2025-08-04 05:00:00,4.758700450809471
2025-08-04 06:00:00,6.13902497860535
2025-08-04 07:00:00,7.172801239751282
2025-08-04 08:00:00,7.659935263592867
2025-08-04 09:00:00,7.233557335366517
2025-08-04 10:00:00,5.938266057822655
2025-08-04 11:00:00,4.788871806752077
2025-08-04 12:00:00,3.8537520228247875
2025-08-04 13:00:00,3.7717659322727393
2025-08-04 14:00:00,3.87332238856689
2025-08-04 15:00:00,4.710572045320182
2025-08-04 16:00:00,5.8506043458874775
2025-08-04 17:00:00,7.14132494013322
2025-08-04 18:00:00,7.868955815230221
2025-08-04 19:00:00,8.440723667350827
2025-08-04 20:00:00,8.33231723109616
2025-08-04 21:00:00,7.297138910289418
2025-08-04 22:00:00,5.91583622714616
2025-08-04 23:00:00,4.700276785339917
2025-08-05 00:00:00,2.9500003164837394
2025-08-05 01:00:00,3.077279849245471
2025-08-05 02:00:00,3.1070531368751273
2025-08-05 03:00:00,3.392775168318608
2025-08-05 04:00:00,3.844103380087355
2025-08-05 05:00:00,4.8199043827985735
2025-08-05 06:00:00,6.09563380568591
2025-08-05 07:00:00,7.227094809970713
2025-08-05 08:00:00,7.7234727981186095
2025-08-05 09:00:00,7.111548250160934
2025-08-05 10:00:00,5.9257337440503965
2025-08-05 11:00:00,5.04339405516683
2025-08-05 12:00:00,4.240139284729997
2025-08-05 13:00:00,3.769635795958103
2025-08-05 14:00:00,3.8712475567820195
2025-08-05 15:00:00,4.633603019135671
2025-08-05 16:00:00,5.8769707600340535
2025-08-05 17:00:00,7.2583327843087995
2025-08-05 18:00:00,7.881368110017709
2025-08-05 19:00:00,8.445555941243818
2025-08-05 20:00:00,8.10880751340745
2025-08-05 21:00:00,7.1898657323523905
2025-08-05 22:00:00,5.771552400527925
2025-08-05 23:00:00,4.53069964554835
2025-08-06 00:00:00,3.065662914364376
2025-08-06 01:00:00,3.1199805019291413
2025-08-06 02:00:00,3.1298691183818392
2025-08-06 03:00:00,3.4020438498525083
2025-08-06 04:00:00,3.8788825748400892
2025-08-06 05:00:00,4.782497085110417
2025-08-06 06:00:00,6.236505693875258
2025-08-06 07:00:00,7.289594514930116
2025-08-06 08:00:00,7.767915867313074
2025-08-06 09:00:00,7.4541847523594855
2025-08-06 10:00:00,5.99556088288441
2025-08-06 11:00:00,4.858854421795575
2025-08-06 12:00:00,4.075398643996071
2025-08-06 13:00:00,3.715538275786393
2025-08-06 14:00:00,4.062339854501157
2025-08-06 15:00:00,4.716036238741012
2025-08-06 16:00:00,5.735440095709333
2025-08-06 17:00:00,7.119233388641478
2025-08-06 18:00:00,8.15200242808077
2025-08-06 19:00:00,8.675087536151068
2025-08-06 20:00:00,8.188052861062053
2025-08-06 21:00:00,7.174360323337297
2025-08-06 22:00:00,5.882762469658956
2025-08-06 23:00:00,4.686494601326032
2025-08-07 00:00:00,2.9714070933977452
2025-08-07 01:00:00,3.0553294668840247
2025-08-07 02:00:00,3.100324386149503
2025-08-07 03:00:00,3.473244957502884
2025-08-07 04:00:00,4.003300251233328
2025-08-07 05:00:00,4.904472168330213
2025-08-07 06:00:00,6.1299548469796115
2025-08-07 07:00:00,7.188728430756433
2025-08-07 08:00:00,7.465134493115415
2025-08-07 09:00:00,7.173473946617277
2025-08-07 10:00:00,6.109928109585265
2025-08-07 11:00:00,4.913715626393445
2025-08-07 12:00:00,4.082497528251301
2025-08-07 13:00:00,3.810193752130077
2025-08-07 14:00:00,3.9268012061626054
2025-08-07 15:00:00,4.648363189155098
2025-08-07 16:00:00,5.9946420160412135
2025-08-07 17:00:00,7.187436633305983
2025-08-07 18:00:00,8.025015825418896
2025-08-07 19:00:00,8.459879925895123
2025-08-07 20:00:00,8.071463501391555
2025-08-07 21:00:00,7.081681524628807
2025-08-07 22:00:00,5.874362030054247
2025-08-07 23:00:00,4.920745580275434
2025-08-08 00:00:00,3.0033882782707217
2025-08-08 01:00:00,3.0550066328840395
2025-08-08 02:00:00,2.9932794441453017
2025-08-08 03:00:00,3.3022221571670523
2025-08-08 04:00:00,3.9645728641865565
2025-08-08 05:00:00,4.84561311656177
2025-08-08 06:00:00,5.508319029162364
2025-08-08 07:00:00,7.243865684886377
2025-08-08 08:00:00,7.892593008240632
2025-08-08 09:00:00,6.865272140528091
2025-08-08 10:00:00,6.235843187966343
2025-08-08 11:00:00,4.5855323019250385
2025-08-08 12:00:00,4.089561559216117
2025-08-08 13:00:00,3.712619589244069
2025-08-08 14:00:00,3.7663814940834346
2025-08-08 15:00:00,4.7192202376599495
2025-08-08 16:00:00,5.915094201626032
2025-08-08 17:00:00,7.076458502537478
2025-08-08 18:00:00,8.121606590861672
2025-08-08 19:00:00,8.345341295221251
2025-08-08 20:00:00,7.728712729027263
2025-08-08 21:00:00,7.121455101049331
2025-08-08 22:00:00,5.977930470322259
2025-08-08 23:00:00,4.753272596704378
2025-08-09 00:00:00,2.489462506415494
2025-08-09 01:00:00,2.5333274097374363
2025-08-09 02:00:00,2.638736232962281
2025-08-09 03:00:00,2.797275824807719
2025-08-09 04:00:00,3.355784273633935
2025-08-09 05:00:00,4.197882927342549
2025-08-09 06:00:00,5.082468530557742
2025-08-09 07:00:00,6.289431871630275
2025-08-09 08:00:00,6.665283830150402
2025-08-09 09:00:00,6.128020850481422
2025-08-09 10:00:00,5.225786660573636
2025-08-09 11:00:00,4.042437001828677
2025-08-09 12:00:00,3.4551549370834036
2025-08-09 13:00:00,3.2179404030735856
2025-08-09 14:00:00,3.4359962120806258
2025-08-09 15:00:00,4.083655353410138
2025-08-09 16:00:00,5.034466680000722
2025-08-09 17:00:00,6.055121381476656
2025-08-09 18:00:00,6.995660509794488
2025-08-09 19:00:00,7.437216593945154
2025-08-09 20:00:00,6.942431757839836
2025-08-09 21:00:00,6.125035786564212
2025-08-09 22:00:00,4.985982758807545
2025-08-09 23:00:00,3.975524593410368
2025-08-10 00:00:00,2.6166313704034314
2025-08-10 01:00:00,2.5804957692361525
2025-08-10 02:00:00,2.701766156740772
2025-08-10 03:00:00,2.8876332900852786
2025-08-10 04:00:00,3.328604179794915
2025-08-10 05:00:00,4.133012340239462
2025-08-10 06:00:00,5.173001216207935
2025-08-10 07:00:00,5.982424830630096
2025-08-10 08:00:00,6.628901315933787
2025-08-10 09:00:00,6.217475771800224
2025-08-10 10:00:00,5.326852717977104
2025-08-10 11:00:00,4.156970762489392
2025-08-10 12:00:00,3.605966202303341
2025-08-10 13:00:00,3.189353818328027
2025-08-10 14:00:00,3.360630691775507
2025-08-10 15:00:00,3.9678242442316534
2025-08-10 16:00:00,4.8306876772265515
2025-08-10 17:00:00,6.266673504900417
2025-08-10 18:00:00,7.138357905012775
2025-08-10 19:00:00,7.370206244534837
2025-08-10 20:00:00,6.823194605448534
2025-08-10 21:00:00,6.299596790248331
2025-08-10 22:00:00,4.96369217380069
2025-08-10 23:00:00,4.001340509396448
2025-08-11 00:00:00,3.0562631935675553
2025-08-11 01:00:00,3.03317233388099
2025-08-11 02:00:00,3.2112548619686896
2025-08-11 03:00:00,3.3274396699952176
2025-08-11 04:00:00,3.811591136704762
2025-08-11 05:00:00,4.714525015406551
2025-08-11 06:00:00,5.774182513477634
2025-08-11 07:00:00,7.0574031857967805
2025-08-11 08:00:00,7.719988431679926
2025-08-11 09:00:00,7.1851616861095
2025-08-11 10:00:00,6.0115628930663085
2025-08-11 11:00:00,4.7244070576643615
2025-08-11 12:00:00,4.0039399136325855
2025-08-11 13:00:00,3.7616760680892036
2025-08-11 14:00:00,3.957973141365657
2025-08-11 15:00:00,4.659879670456607
2025-08-11 16:00:00,5.649596031616526
2025-08-11 17:00:00,7.096610036432536
2025-08-11 18:00:00,7.471632763218029
2025-08-11 19:00:00,8.419065871445419
2025-08-11 20:00:00,8.380516676795636
2025-08-11 21:00:00,6.764158448875455
2025-08-11 22:00:00,5.707258324877092
2025-08-11 23:00:00,4.6146451875823296
2025-08-12 00:00:00,2.9149174877991584
2025-08-12 01:00:00,3.0262236916963183
2025-08-12 02:00:00,3.0748891411748334
2025-08-12 03:00:00,3.2889403628419824
2025-08-12 04:00:00,3.865618603170173
2025-08-12 05:00:00,4.7283567651200595
2025-08-12 06:00:00,6.315304903433996
2025-08-12 07:00:00,7.049594210965528
2025-08-12 08:00:00,7.503429262924663
2025-08-12 09:00:00,6.790926100336936
2025-08-12 10:00:00,5.88633292396419
2025-08-12 11:00:00,4.883258122478737
2025-08-12 12:00:00,3.841882114426478
2025-08-12 13:00:00,3.493779045461459
2025-08-12 14:00:00,3.8887341718393498
2025-08-12 15:00:00,4.725575405658635
2025-08-12 16:00:00,5.69040763943242
2025-08-12 17:00:00,6.861733444931055
2025-08-12 18:00:00,7.600425650279868
2025-08-12 19:00:00,8.34914035848609
2025-08-12 20:00:00,7.998089280506369
2025-08-12 21:00:00,6.660987143836234
2025-08-12 22:00:00,5.808357967189312
2025-08-12 23:00:00,4.640741136237643
2025-08-13 00:00:00,3.0035581861879246
2025-08-13 01:00:00,2.994180547349642
2025-08-13 02:00:00,3.0805890882581224
2025-08-13 03:00:00,3.3073667752329707
2025-08-13 04:00:00,3.8643369072246605
2025-08-13 05:00:00,4.546952688402965
2025-08-13 06:00:00,5.749459619758464
2025-08-13 07:00:00,6.9128765090514595
2025-08-13 08:00:00,7.441928740201706
2025-08-13 09:00:00,7.073787167056135
2025-08-13 10:00:00,5.979291449930535
2025-08-13 11:00:00,4.871921083289138
2025-08-13 12:00:00,4.030991901018703
2025-08-13 13:00:00,3.5814216012666416
2025-08-13 14:00:00,3.8980073669064987
2025-08-13 15:00:00,4.51366371725322
2025-08-13 16:00:00,5.654379024341015
2025-08-13 17:00:00,6.940599904474332
2025-08-13 18:00:00,7.342950212099562
2025-08-13 19:00:00,8.658314071683222
2025-08-13 20:00:00,7.969295324095592
2025-08-13 21:00:00,6.813015773973801
2025-08-13 22:00:00,5.888207271785152
2025-08-13 23:00:00,4.531128772424288
2025-08-14 00:00:00,2.94130870382204
2025-08-14 01:00:00,2.9273025433728006
2025-08-14 02:00:00,3.1375475226140237
2025-08-14 03:00:00,3.262499637157529
2025-08-14 04:00:00,3.8051628588362925
2025-08-14 05:00:00,4.826418480696317
2025-08-14 06:00:00,5.989605510747711
2025-08-14 07:00:00,7.000150461250531
2025-08-14 08:00:00,7.617882464920388
2025-08-14 09:00:00,7.366848020475907
2025-08-14 10:00:00,5.971280335390324
2025-08-14 11:00:00,4.77086873068428
2025-08-14 12:00:00,3.949199601883737
2025-08-14 13:00:00,3.7360777917424386
2025-08-14 14:00:00,3.8284222118228484
2025-08-14 15:00:00,4.560503825646867
2025-08-14 16:00:00,5.4946484102442295
2025-08-14 17:00:00,6.724883647118073
2025-08-14 18:00:00,7.789244919500195
2025-08-14 19:00:00,8.2408731382054
2025-08-14 20:00:00,8.149083681013924
2025-08-14 21:00:00,6.960748889158184
2025-08-14 22:00:00,5.559578915396423
2025-08-14 23:00:00,4.491025670388034
2025-08-15 00:00:00,3.0507816907746577
2025-08-15 01:00:00,3.05940328282034
2025-08-15 02:00:00,3.075799518541982
2025-08-15 03:00:00,3.2797656490055624
2025-08-15 04:00:00,3.9262673911565544
2025-08-15 05:00:00,4.675397023279206
2025-08-15 06:00:00,6.039172970971995
2025-08-15 07:00:00,7.415229962934336
2025-08-15 08:00:00,7.57382831171771
2025-08-15 09:00:00,6.985940308795501
2025-08-15 10:00:00,6.054933746176917
2025-08-15 11:00:00,4.772248770302943
2025-08-15 12:00:00,3.8724760991615113
2025-08-15 13:00:00,3.736521086729912
2025-08-15 14:00:00,4.009577528564173
2025-08-15 15:00:00,4.612840354585107
2025-08-15 16:00:00,5.694490593587295
2025-08-15 17:00:00,6.837515916997681
2025-08-15 18:00:00,7.942412269144731
2025-08-15 19:00:00,8.25633600717038
2025-08-15 20:00:00,7.805072299857422
2025-08-15 21:00:00,7.234313588172069
2025-08-15 22:00:00,5.785098041940375
2025-08-15 23:00:00,4.66550909009632
2025-08-16 00:00:00,2.6439596401309267
2025-08-16 01:00:00,2.6584165778834823
2025-08-16 02:00:00,2.6676431563473195
2025-08-16 03:00:00,2.911265902396659
2025-08-16 04:00:00,3.3418836828355474
2025-08-16 05:00:00,4.210584698249078
2025-08-16 06:00:00,5.279109753649714
2025-08-16 07:00:00,6.158866475110528
2025-08-16 08:00:00,6.424662125085241
2025-08-16 09:00:00,6.227305236569888
2025-08-16 10:00:00,5.233580524571846
2025-08-16 11:00:00,4.056057480499234
2025-08-16 12:00:00,3.5210682499434625
2025-08-16 13:00:00,3.2865695616090655
2025-08-16 14:00:00,3.60526558170948
2025-08-16 15:00:00,4.02979892895533
2025-08-16 16:00:00,4.966570786943075
2025-08-16 17:00:00,5.964914370559719
2025-08-16 18:00:00,6.999748855261414
2025-08-16 19:00:00,7.336193117678416
2025-08-16 20:00:00,6.857428753804408
2025-08-16 21:00:00,6.078000167677613
2025-08-16 22:00:00,4.8168054285323265
2025-08-16 23:00:00,4.110982020980942
2025-08-17 00:00:00,2.5280588055697084
2025-08-17 01:00:00,2.585595089446475
2025-08-17 02:00:00,2.582516816787655
2025-08-17 03:00:00,2.8282488569967605
2025-08-17 04:00:00,3.3020505792358343
2025-08-17 05:00:00,4.124175206402164
2025-08-17 06:00:00,5.23160039403321
2025-08-17 07:00:00,6.310228566034002
2025-08-17 08:00:00,6.618436176155024
2025-08-17 09:00:00,6.254524473206719
2025-08-17 10:00:00,5.343722797755201
2025-08-17 11:00:00,4.2135405288107055
2025-08-17 12:00:00,3.442332828498991
2025-08-17 13:00:00,3.2508750213283495
2025-08-17 14:00:00,3.464332147712832
2025-08-17 15:00:00,4.066084615115809
2025-08-17 16:00:00,4.817521601295594
2025-08-17 17:00:00,5.927378139766303
2025-08-17 18:00:00,6.8511689321147
2025-08-17 19:00:00,7.333664953460202
2025-08-17 20:00:00,6.885969668270758
2025-08-17 21:00:00,6.164978210346829
2025-08-17 22:00:00,5.086930949756245
2025-08-17 23:00:00,4.084607681306741
2025-08-18 00:00:00,3.000513297624343
2025-08-18 01:00:00,2.8911790033984572
2025-08-18 02:00:00,3.0626881722802874
2025-08-18 03:00:00,3.225608003582071
2025-08-18 04:00:00,3.6641156019821595
2025-08-18 05:00:00,4.680004957668874
2025-08-18 06:00:00,6.0695923444830715
2025-08-18 07:00:00,7.0635145457824855
2025-08-18 08:00:00,7.743452635844705
2025-08-18 09:00:00,7.026974645735338
2025-08-18 10:00:00,6.2163291181953415
2025-08-18 11:00:00,4.7706901008737574
2025-08-18 12:00:00,3.932622865059088
2025-08-18 13:00:00,3.54307625747623
2025-08-18 14:00:00,3.9559793045126805
2025-08-18 15:00:00,4.534308712899316
2025-08-18 16:00:00,5.588615663589949
2025-08-18 17:00:00,7.055655533440398
2025-08-18 18:00:00,8.04302336235279
2025-08-18 19:00:00,8.426361719428641
2025-08-18 20:00:00,7.8038412797593475
2025-08-18 21:00:00,6.871312422302125
2025-08-18 22:00:00,5.649039129262384
2025-08-18 23:00:00,4.6229258752170175
2025-08-19 00:00:00,2.979401427725461
2025-08-19 01:00:00,2.9332872785569633
2025-08-19 02:00:00,3.1098974675750526
2025-08-19 03:00:00,3.2782071976772644
2025-08-19 04:00:00,3.7194761852469846
2025-08-19 05:00:00,4.719340119239304
2025-08-19 06:00:00,6.030661499443672
2025-08-19 07:00:00,7.178736057251209
2025-08-19 08:00:00,7.515070576371145
2025-08-19 09:00:00,6.90949610276644
2025-08-19 10:00:00,5.819452966090801
2025-08-19 11:00:00,4.742515939372807
2025-08-19 12:00:00,4.006643166707897
2025-08-19 13:00:00,3.6172700317822173
2025-08-19 14:00:00,3.851547430078725
2025-08-19 15:00:00,4.522019845145607
2025-08-19 16:00:00,5.547475924733781
2025-08-19 17:00:00,6.76285516196189
2025-08-19 18:00:00,7.773924397196038
2025-08-19 19:00:00,8.405840871340287
2025-08-19 20:00:00,7.715612645209107
2025-08-19 21:00:00,6.790959734325621
2025-08-19 22:00:00,5.4815593683733965
2025-08-19 23:00:00,4.553494490613299
2025-08-20 00:00:00,2.9473718484620024
2025-08-20 01:00:00,2.9849536283623284
2025-08-20 02:00:00,2.9824174112528885
2025-08-20 03:00:00,3.2341191960732703
2025-08-20 04:00:00,3.698906675234017
2025-08-20 05:00:00,4.6578721798418545
2025-08-20 06:00:00,5.826344718876448
2025-08-20 07:00:00,6.861480602271739
2025-08-20 08:00:00,7.308399861265801
2025-08-20 09:00:00,6.918536896710903
2025-08-20 10:00:00,5.768847061816679
2025-08-20 11:00:00,4.632393283321056
2025-08-20 12:00:00,3.9805611548729383
2025-08-20 13:00:00,3.75353219488426
2025-08-20 14:00:00,3.6982745229812797
2025-08-20 15:00:00,4.372095192025402
2025-08-20 16:00:00,5.438030281637501
2025-08-20 17:00:00,6.722420842360834
2025-08-20 18:00:00,7.835387905736299
2025-08-20 19:00:00,8.163890249101868
2025-08-20 20:00:00,7.723823646569115
2025-08-20 21:00:00,6.806560008408105
2025-08-20 22:00:00,5.461554200497479
2025-08-20 23:00:00,4.435289022014048
2025-08-21 00:00:00,2.864186858091389
2025-08-21 01:00:00,2.7958971434442597
2025-08-21 02:00:00,2.8976910751492073
2025-08-21 03:00:00,3.121730693457498
2025-08-21 04:00:00,3.7622563207097977
2025-08-21 05:00:00,4.625979378206981
2025-08-21 06:00:00,5.853364259690106
2025-08-21 07:00:00,6.593015819573964
2025-08-21 08:00:00,7.063155548314363
2025-08-21 09:00:00,6.938758449392198
2025-08-21 10:00:00,5.473589658339048
2025-08-21 11:00:00,4.762973272269963
2025-08-21 12:00:00,3.704087940850455
2025-08-21 13:00:00,3.6160066003456763
2025-08-21 14:00:00,3.7175183056265895
2025-08-21 15:00:00,4.573390324705344
2025-08-21 16:00:00,5.892460378061086
2025-08-21 17:00:00,6.421977339605516
2025-08-21 18:00:00,7.7947027408832055
2025-08-21 19:00:00,7.766899442864614
2025-08-21 20:00:00,7.753258859566457
2025-08-21 21:00:00,6.699004735039586
2025-08-21 22:00:00,5.545591999306138
2025-08-21 23:00:00,4.370268578433336
2025-08-22 00:00:00,2.9206536080820893
2025-08-22 01:00:00,2.813940814923225
2025-08-22 02:00:00,3.051320922550674
2025-08-22 03:00:00,3.178744605300882
2025-08-22 04:00:00,3.6147698739224685
2025-08-22 05:00:00,4.7675106228139414
2025-08-22 06:00:00,5.795909527292864
2025-08-22 07:00:00,7.1318563846988265
2025-08-22 08:00:00,7.484069080387719
2025-08-22 09:00:00,6.763123227789537
2025-08-22 10:00:00,5.80686852008211
2025-08-22 11:00:00,4.677310340060843
2025-08-22 12:00:00,3.976034923073951
2025-08-22 13:00:00,3.6001916090860995
2025-08-22 14:00:00,3.81193990271885
2025-08-22 15:00:00,4.477741849638189
2025-08-22 16:00:00,5.551698627946939
2025-08-22 17:00:00,6.928501224770355
2025-08-22 18:00:00,7.716319420677887
2025-08-22 19:00:00,8.023733340289276
2025-08-22 20:00:00,7.628494209780902
2025-08-22 21:00:00,6.67651827759714
2025-08-22 22:00:00,5.395683228303713
2025-08-22 23:00:00,4.400578271206794
2025-08-23 00:00:00,2.553523170769389
2025-08-23 01:00:00,2.487974880547465
2025-08-23 02:00:00,2.6029978229622874
2025-08-23 03:00:00,2.626067750646923
2025-08-23 04:00:00,3.242724467466203
2025-08-23 05:00:00,3.9702147504448617
2025-08-23 06:00:00,4.955278784240549
2025-08-23 07:00:00,5.943927065185594
2025-08-23 08:00:00,6.2357932534369125
2025-08-23 09:00:00,5.673459915379643
2025-08-23 10:00:00,5.107184691734612
2025-08-23 11:00:00,4.0421740816025435
2025-08-23 12:00:00,3.3053610980881434
2025-08-23 13:00:00,3.0173852253438014
2025-08-23 14:00:00,3.17849995739269
2025-08-23 15:00:00,3.893159507107995
2025-08-23 16:00:00,4.945625358932384
2025-08-23 17:00:00,5.844903392503454
2025-08-23 18:00:00,6.467872699649442
2025-08-23 19:00:00,7.003822509646083
2025-08-23 20:00:00,6.644610782055619
2025-08-23 21:00:00,5.9209428053027455
2025-08-23 22:00:00,4.843958092458961
2025-08-23 23:00:00,3.621586268903525
2025-08-24 00:00:00,2.4864417106576675
2025-08-24 01:00:00,2.4287988475185087
2025-08-24 02:00:00,2.474128302675116
2025-08-24 03:00:00,2.7308640910139843
2025-08-24 04:00:00,3.2070724128574377
2025-08-24 05:00:00,3.821902045725946
2025-08-24 06:00:00,5.033839334430775
2025-08-24 07:00:00,5.965361824763935
2025-08-24 08:00:00,6.254316145958366
2025-08-24 09:00:00,5.776288453167887
2025-08-24 10:00:00,4.877585811537085
2025-08-24 11:00:00,4.072699337471368
2025-08-24 12:00:00,3.2002043509627955
2025-08-24 13:00:00,3.1174967975429184
2025-08-24 14:00:00,3.2381389107201923
2025-08-24 15:00:00,3.837785781494309
2025-08-24 16:00:00,4.590763384086189
2025-08-24 17:00:00,5.758270975209051
2025-08-24 18:00:00,6.6802141743938765
2025-08-24 19:00:00,6.732407969152347
2025-08-24 20:00:00,6.664918943046163
2025-08-24 21:00:00,5.784616276161976
2025-08-24 22:00:00,4.686906446019196
2025-08-24 23:00:00,3.8864489206557415
2025-08-25 00:00:00,2.6585338910720906
2025-08-25 01:00:00,2.8218502313818443
2025-08-25 02:00:00,2.972557186129993
2025-08-25 03:00:00,3.188654930374601
2025-08-25 04:00:00,3.6246260170834828
2025-08-25 05:00:00,4.440975394032335
2025-08-25 06:00:00,5.541164973065342
2025-08-25 07:00:00,6.603196806869087
2025-08-25 08:00:00,7.141784615683308
2025-08-25 09:00:00,6.539116387661041
2025-08-25 10:00:00,5.710346756378006
2025-08-25 11:00:00,4.7048119104290045
2025-08-25 12:00:00,3.7265370827005455
2025-08-25 13:00:00,3.35858907384705
2025-08-25 14:00:00,3.574615318797546
2025-08-25 15:00:00,4.415135767844604
2025-08-25 16:00:00,5.3678214286081385
2025-08-25 17:00:00,6.6443911590976
2025-08-25 18:00:00,7.381932934096349
2025-08-25 19:00:00,7.951124020673506
2025-08-25 20:00:00,7.4378067113913
2025-08-25 21:00:00,6.433234550792263
2025-08-25 22:00:00,5.325420689113559
2025-08-25 23:00:00,4.217013019087132
2025-08-26 00:00:00,2.8842037699000898
2025-08-26 01:00:00,2.7897919347589797
2025-08-26 02:00:00,2.908881585812833
2025-08-26 03:00:00,3.058195953797374
2025-08-26 04:00:00,3.5118241909936976
2025-08-26 05:00:00,4.435546198492425
2025-08-26 06:00:00,5.7213260502268275
2025-08-26 07:00:00,6.557274302682578
2025-08-26 08:00:00,6.9240073655559655
2025-08-26 09:00:00,6.649865009223154
2025-08-26 10:00:00,5.666599849572646
2025-08-26 11:00:00,4.64852382377731
2025-08-26 12:00:00,3.747846314085396
2025-08-26 13:00:00,3.4868124880846736
2025-08-26 14:00:00,3.7166294113314957
2025-08-26 15:00:00,4.236382479232487
2025-08-26 16:00:00,5.2570841620404885
2025-08-26 17:00:00,6.371822378458302
2025-08-26 18:00:00,7.244008531244673
2025-08-26 19:00:00,7.925098163931071
2025-08-26 20:00:00,7.485326796964936
2025-08-26 21:00:00,6.522371170747433
2025-08-26 22:00:00,5.0769480686103865
2025-08-26 23:00:00,4.4864413899481566
2025-08-27 00:00:00,2.701658700588407
2025-08-27 01:00:00,2.885775194587156
2025-08-27 02:00:00,2.765518134038207
2025-08-27 03:00:00,3.0159642323771614
2025-08-27 04:00:00,3.4008387391737784
2025-08-27 05:00:00,4.451478015161021
2025-08-27 06:00:00,5.429379730328226
2025-08-27 07:00:00,6.4303635484877635
2025-08-27 08:00:00,6.796481396940285
2025-08-27 09:00:00,6.676540799367287
2025-08-27 10:00:00,5.643292696885498
2025-08-27 11:00:00,4.6251132707723395
2025-08-27 12:00:00,3.6400690508315305
2025-08-27 13:00:00,3.428893617294304
2025-08-27 14:00:00,3.5398685453746945
2025-08-27 15:00:00,4.2716371985890795
2025-08-27 16:00:00,5.260786305157926
2025-08-27 17:00:00,6.519048395469902
2025-08-27 18:00:00,7.530758388380307
2025-08-27 19:00:00,7.889703969101364
2025-08-27 20:00:00,7.256088714918045
2025-08-27 21:00:00,6.587028557532717
2025-08-27 22:00:00,5.305562379034602
2025-08-27 23:00:00,4.245841980011553
2025-08-28 00:00:00,2.6998157301644183
2025-08-28 01:00:00,2.728786283136889
2025-08-28 02:00:00,2.9342032726927463
2025-08-28 03:00:00,3.070905059529762
2025-08-28 04:00:00,3.55411857772483
2025-08-28 05:00:00,4.376734566859714
2025-08-28 06:00:00,5.797337364660977
2025-08-28 07:00:00,6.7129062453839685
2025-08-28 08:00:00,6.856895264506336
2025-08-28 09:00:00,6.50926840574436
2025-08-28 10:00:00,5.515633393284244
2025-08-28 11:00:00,4.456467872722133
2025-08-28 12:00:00,3.6227368341731467
2025-08-28 13:00:00,3.4285955789673292
2025-08-28 14:00:00,3.722459168545023
2025-08-28 15:00:00,4.168842939368315
2025-08-28 16:00:00,5.1728930984945665
2025-08-28 17:00:00,6.368181834427905
2025-08-28 18:00:00,7.283612778774493
2025-08-28 19:00:00,8.009787639220011
2025-08-28 20:00:00,7.494870715618241
2025-08-28 21:00:00,6.550765707843001
2025-08-28 22:00:00,5.258671347322967
2025-08-28 23:00:00,4.230213208169326
2025-08-29 00:00:00,2.64173713722618
2025-08-29 01:00:00,2.784527488942179
2025-08-29 02:00:00,2.8445411841380293
2025-08-29 03:00:00,3.110188154408245
2025-08-29 04:00:00,3.503775033428598
2025-08-29 05:00:00,4.358672680263518
2025-08-29 06:00:00,5.509526908482744
2025-08-29 07:00:00,6.615350789447172
2025-08-29 08:00:00,6.708539350698596
2025-08-29 09:00:00,6.598047384730513
2025-08-29 10:00:00,5.5009243086041435
2025-08-29 11:00:00,4.321008125523903
2025-08-29 12:00:00,3.4980754005648986
2025-08-29 13:00:00,3.3673463927602096
2025-08-29 14:00:00,3.697825767443025
2025-08-29 15:00:00,4.395814824288236
2025-08-29 16:00:00,5.295097644586053
2025-08-29 17:00:00,6.638987638050591
2025-08-29 18:00:00,7.293529893115652
2025-08-29 19:00:00,7.797515572227139
2025-08-29 20:00:00,7.233787021022338
2025-08-29 21:00:00,6.321596986093836
2025-08-29 22:00:00,5.180918998947647
2025-08-29 23:00:00,4.052592697663552
2025-08-30 00:00:00,2.424529116434683
2025-08-30 01:00:00,2.3513020449430178
2025-08-30 02:00:00,2.407985625886111
2025-08-30 03:00:00,2.57211029671927
2025-08-30 04:00:00,3.044362416606084
2025-08-30 05:00:00,3.931377539276005
2025-08-30 06:00:00,4.97003422155256
2025-08-30 07:00:00,5.458920824631355
2025-08-30 08:00:00,5.9621604255552345
2025-08-30 09:00:00,5.532149192464881
2025-08-30 10:00:00,4.875490125107887
2025-08-30 11:00:00,3.857135947317315
2025-08-30 12:00:00,3.130856330399015
2025-08-30 13:00:00,2.9377065970550746
2025-08-30 14:00:00,3.0923407872388076
2025-08-30 15:00:00,3.814475642824138
2025-08-30 16:00:00,4.617712276007628
2025-08-30 17:00:00,5.624307391279807
2025-08-30 18:00:00,6.003567485281012
2025-08-30 19:00:00,6.638609227078905
2025-08-30 20:00:00,6.605935096045247
2025-08-30 21:00:00,5.696287825259335
2025-08-30 22:00:00,4.394283237898778
2025-08-30 23:00:00,3.6490723741737425
2025-08-31 00:00:00,2.2792599330503758
2025-08-31 01:00:00,2.433882753058194
2025-08-31 02:00:00,2.429720569088259
2025-08-31 03:00:00,2.5627667071037807
2025-08-31 04:00:00,3.022315884317731
2025-08-31 05:00:00,3.556315349128604
2025-08-31 06:00:00,4.610883492344969
2025-08-31 07:00:00,5.582935402723559
2025-08-31 08:00:00,6.033170016409247
2025-08-31 09:00:00,5.36466429239707
2025-08-31 10:00:00,4.687726933332634
2025-08-31 11:00:00,3.8657485975161094
2025-08-31 12:00:00,3.0423016150896443
2025-08-31 13:00:00,2.911607653896942
2025-08-31 14:00:00,3.0888369108408935
2025-08-31 15:00:00,3.776111530142594
2025-08-31 16:00:00,4.492276862571922
2025-08-31 17:00:00,5.46468112151619
2025-08-31 18:00:00,6.373032797487535
2025-08-31 19:00:00,6.3936633401216225
2025-08-31 20:00:00,6.238094772133819
2025-08-31 21:00:00,5.432692467969218
2025-08-31 22:00:00,4.495681000506531
2025-08-31 23:00:00,3.689682534983783
2025-09-01 00:00:00,2.6894479858605864
2025-09-01 01:00:00,2.6402946727643353
2025-09-01 02:00:00,2.7614942137289034
2025-09-01 03:00:00,3.052847349444045
2025-09-01 04:00:00,3.382829313888757
2025-09-01 05:00:00,4.285852046398742
2025-09-01 06:00:00,5.347482983714561
2025-09-01 07:00:00,6.346251127068492
2025-09-01 08:00:00,6.537028942190701
2025-09-01 09:00:00,6.5364717450392416
2025-09-01 10:00:00,5.2969488762928
2025-09-01 11:00:00,4.404450947212518
2025-09-01 12:00:00,3.52438783748671
2025-09-01 13:00:00,3.259853556735235
2025-09-01 14:00:00,3.598754724091861
2025-09-01 15:00:00,4.241019468200258
2025-09-01 16:00:00,5.161755450955633
2025-09-01 17:00:00,6.3407119814523485
2025-09-01 18:00:00,7.095580417301341
2025-09-01 19:00:00,7.479487437831825
2025-09-01 20:00:00,7.042199266708474
2025-09-01 21:00:00,6.357593989406972
2025-09-01 22:00:00,5.063576259795348
2025-09-01 23:00:00,4.2551254708180695
2025-09-02 00:00:00,2.6796643224461514
2025-09-02 01:00:00,2.718559241714001
2025-09-02 02:00:00,2.834361778832378
2025-09-02 03:00:00,3.0068506983791927
2025-09-02 04:00:00,3.4667518758220015
2025-09-02 05:00:00,4.329855405041539
2025-09-02 06:00:00,5.539640952219603
2025-09-02 07:00:00,6.356602306844479
2025-09-02 08:00:00,6.833426308918912
2025-09-02 09:00:00,6.446215764283691
2025-09-02 10:00:00,5.548888512096559
2025-09-02 11:00:00,4.366743525480864
2025-09-02 12:00:00,3.7488684688887224
2025-09-02 13:00:00,3.336259079955529
2025-09-02 14:00:00,3.545093769425589
2025-09-02 15:00:00,4.201363074609722
2025-09-02 16:00:00,5.074058012760611
2025-09-02 17:00:00,6.200592130580423
2025-09-02 18:00:00,7.158528013619463
2025-09-02 19:00:00,7.756324685215487
2025-09-02 20:00:00,7.230391207280443
2025-09-02 21:00:00,6.269550177634851
2025-09-02 22:00:00,5.333392529484259
2025-09-02 23:00:00,4.319416416876681
2025-09-03 00:00:00,2.7371435479358905
2025-09-03 01:00:00,2.6447377895149273
2025-09-03 02:00:00,2.737077790894281
2025-09-03 03:00:00,3.0837221386488842
2025-09-03 04:00:00,3.4697907114124398
2025-09-03 05:00:00,4.2667690276316605
2025-09-03 06:00:00,5.466097639618564
2025-09-03 07:00:00,6.506973441123497
2025-09-03 08:00:00,6.705635721242475
2025-09-03 09:00:00,6.409336348450825
2025-09-03 10:00:00,5.5008593196586135
2025-09-03 11:00:00,4.231794794426969
2025-09-03 12:00:00,3.583222659062666
2025-09-03 13:00:00,3.239875490161541
2025-09-03 14:00:00,3.457517824808687
2025-09-03 15:00:00,4.127197542951368
2025-09-03 16:00:00,5.209129630396335
2025-09-03 17:00:00,6.229057391152686
2025-09-03 18:00:00,7.071058908151361
2025-09-03 19:00:00,7.516989572537511
2025-09-03 20:00:00,6.999497944198419
2025-09-03 21:00:00,6.322238052746353
2025-09-03 22:00:00,5.270985792811579
2025-09-03 23:00:00,4.141557485706517
2025-09-04 00:00:00,2.638340902663468
2025-09-04 01:00:00,2.689394978014694
2025-09-04 02:00:00,2.631421422858446
2025-09-04 03:00:00,2.984041046677473
2025-09-04 04:00:00,3.6384827117369225
2025-09-04 05:00:00,4.245508051671206
2025-09-04 06:00:00,5.33350765625492
2025-09-04 07:00:00,6.422359547504104
2025-09-04 08:00:00,6.951199223962125
2025-09-04 09:00:00,6.454531610972808
2025-09-04 10:00:00,5.127242049848969
2025-09-04 11:00:00,4.346646593675005
2025-09-04 12:00:00,3.7369481262662436
2025-09-04 13:00:00,3.328564182942334
2025-09-04 14:00:00,3.4183227919370096
2025-09-04 15:00:00,4.164680341641444
2025-09-04 16:00:00,4.988136485626972
2025-09-04 17:00:00,6.373428583698746
2025-09-04 18:00:00,6.971670850022729
2025-09-04 19:00:00,7.46117710202508
2025-09-04 20:00:00,6.985486637435466
2025-09-04 21:00:00,6.151148989158853
2025-09-04 22:00:00,5.265762542361914
2025-09-04 23:00:00,4.123979138855393
2025-09-05 00:00:00,2.6472620220901293
2025-09-05 01:00:00,2.636008217173288
2025-09-05 02:00:00,2.6680510250303318
2025-09-05 03:00:00,2.9090213393779982
2025-09-05 04:00:00,3.4700724798684535
2025-09-05 05:00:00,4.385459862377285
2025-09-05 06:00:00,5.34245689010904
2025-09-05 07:00:00,6.59632099901504
2025-09-05 08:00:00,6.703601281572348
2025-09-05 09:00:00,6.367842133068733
2025-09-05 10:00:00,5.298217322190692
2025-09-05 11:00:00,4.42992489869418
2025-09-05 12:00:00,3.742543965623923
2025-09-05 13:00:00,3.2054690312333234
2025-09-05 14:00:00,3.511793992983473
2025-09-05 15:00:00,4.29117760250383
2025-09-05 16:00:00,5.02389464553852
2025-09-05 17:00:00,6.357352120848256
2025-09-05 18:00:00,7.358491626818395
2025-09-05 19:00:00,7.540995868035586
2025-09-05 20:00:00,7.261930804755094
2025-09-05 21:00:00,6.506499304184734
2025-09-05 22:00:00,5.369452906005671
2025-09-05 23:00:00,4.154004746170437
2025-09-06 00:00:00,2.3381580083005895
2025-09-06 01:00:00,2.3376842936772935
2025-09-06 02:00:00,2.4946461428913973
2025-09-06 03:00:00,2.56161270491499
2025-09-06 04:00:00,3.040949008336556
2025-09-06 05:00:00,3.8046588375283643
2025-09-06 06:00:00,4.721563853435003
2025-09-06 07:00:00,5.67721248517461
2025-09-06 08:00:00,6.311745170689379
2025-09-06 09:00:00,5.634410046845815
2025-09-06 10:00:00,4.738626498685952
2025-09-06 11:00:00,3.912433238644763
2025-09-06 12:00:00,3.185938080382343
2025-09-06 13:00:00,3.017431060400341
2025-09-06 14:00:00,3.1319562129425838
2025-09-06 15:00:00,3.6762547824808465
2025-09-06 16:00:00,4.404118374040609
2025-09-06 17:00:00,5.369346095574834
2025-09-06 18:00:00,6.108061035388894
2025-09-06 19:00:00,6.696896227892457
2025-09-06 20:00:00,6.167988102640207
2025-09-06 21:00:00,5.687586815098138
2025-09-06 22:00:00,4.564903941624082
2025-09-06 23:00:00,3.6535978757811804
2025-09-07 00:00:00,2.294261207534631
2025-09-07 01:00:00,2.380865557563186
2025-09-07 02:00:00,2.3772376794637076
2025-09-07 03:00:00,2.54954650386529
2025-09-07 04:00:00,3.0897395905542804
2025-09-07 05:00:00,3.775776118636623
2025-09-07 06:00:00,4.687527845791443
2025-09-07 07:00:00,5.64624401355561
2025-09-07 08:00:00,5.92948004105495
2025-09-07 09:00:00,5.619947840584398
2025-09-07 10:00:00,4.643115694811506
2025-09-07 11:00:00,3.9432049517836214
2025-09-07 12:00:00,3.094636219834379
2025-09-07 13:00:00,2.9863010108842576
2025-09-07 14:00:00,3.070832991556063
2025-09-07 15:00:00,3.7071090291819817
2025-09-07 16:00:00,4.575921535989322
2025-09-07 17:00:00,5.605111855460789
2025-09-07 18:00:00,6.1559727946197285
2025-09-07 19:00:00,6.7042022149315095
2025-09-07 20:00:00,6.4923393310335005
2025-09-07 21:00:00,5.450248772250736
2025-09-07 22:00:00,4.507986190517687
2025-09-07 23:00:00,3.5874725012474453
2025-09-08 00:00:00,2.646334418504625
2025-09-08 01:00:00,2.777212398244386
2025-09-08 02:00:00,2.703553756662619
2025-09-08 03:00:00,2.913904555103046
2025-09-08 04:00:00,3.5573077874780874
2025-09-08 05:00:00,4.334682772527815
2025-09-08 06:00:00,5.606037307694088
2025-09-08 07:00:00,6.308450885265088
2025-09-08 08:00:00,6.786780034274045
2025-09-08 09:00:00,6.284497961442554
2025-09-08 10:00:00,5.405493181587306
2025-09-08 11:00:00,4.170307454381788
2025-09-08 12:00:00,3.624197363519806
2025-09-08 13:00:00,3.3285424410438207
2025-09-08 14:00:00,3.5158379671198543
2025-09-08 15:00:00,4.1333889102185335
2025-09-08 16:00:00,5.057486095502607
2025-09-08 17:00:00,6.3480437985857545
2025-09-08 18:00:00,6.9822695812884525
2025-09-08 19:00:00,7.571052396449781
2025-09-08 20:00:00,7.446226272702446
2025-09-08 21:00:00,6.441892958509964
2025-09-08 22:00:00,4.9892618461137115
2025-09-08 23:00:00,4.095445500909164
2025-09-09 00:00:00,2.6821070710271626
2025-09-09 01:00:00,2.6763825827620953
2025-09-09 02:00:00,2.6766064174025335
2025-09-09 03:00:00,2.98701218664279
2025-09-09 04:00:00,3.4389785390768957
2025-09-09 05:00:00,4.436595612208706
2025-09-09 06:00:00,5.340474717748361
2025-09-09 07:00:00,6.502013331376344
2025-09-09 08:00:00,6.585475226934077
2025-09-09 09:00:00,6.22574938465246
2025-09-09 10:00:00,5.457356814167676
2025-09-09 11:00:00,4.408966344060516
2025-09-09 12:00:00,3.50003834420065
2025-09-09 13:00:00,3.302395200283548
2025-09-09 14:00:00,3.4160669219249553
2025-09-09 15:00:00,4.142855585758019
2025-09-09 16:00:00,5.225796979412385
2025-09-09 17:00:00,6.190654677575289
2025-09-09 18:00:00,7.100477691155907
2025-09-09 19:00:00,7.310939875236682
2025-09-09 20:00:00,7.043355383769415
2025-09-09 21:00:00,6.463582224255684
2025-09-09 22:00:00,5.14173763775514
2025-09-09 23:00:00,4.04911858627278
2025-09-10 00:00:00,2.658956167316424
2025-09-10 01:00:00,2.6102412026615136
2025-09-10 02:00:00,2.714167301411497
2025-09-10 03:00:00,3.0632610774444187
2025-09-10 04:00:00,3.450644694939706
2025-09-10 05:00:00,4.461444849734661
2025-09-10 06:00:00,5.389880218842523
2025-09-10 07:00:00,6.387484897255645
2025-09-10 08:00:00,6.884766932259772
2025-09-10 09:00:00,6.053126542115555
2025-09-10 10:00:00,5.434485541933393
2025-09-10 11:00:00,4.337321323582038
2025-09-10 12:00:00,3.696679920773836
2025-09-10 13:00:00,3.3848729313208072
2025-09-10 14:00:00,3.4542850185243967
2025-09-10 15:00:00,4.287035390390257
2025-09-10 16:00:00,5.143775048433818
2025-09-10 17:00:00,6.169164101588804
2025-09-10 18:00:00,7.207552726329595
2025-09-10 19:00:00,7.49475365879645
2025-09-10 20:00:00,7.400014957789929
2025-09-10 21:00:00,6.324650845607203
2025-09-10 22:00:00,5.1865998132506235
2025-09-10 23:00:00,4.231859989296832
2025-09-11 00:00:00,2.7026869676326477
2025-09-11 01:00:00,2.7069938561931486
2025-09-11 02:00:00,2.816080964694091
2025-09-11 03:00:00,2.983545738301502
2025-09-11 04:00:00,3.4319812565461225
2025-09-11 05:00:00,4.354511031603392
2025-09-11 06:00:00,5.328063565230935
2025-09-11 07:00:00,6.322411077815024
2025-09-11 08:00:00,6.950422088186821
2025-09-11 09:00:00,6.526084988435439
2025-09-11 10:00:00,5.348875877155333
2025-09-11 11:00:00,4.25247105560462
2025-09-11 12:00:00,3.6523339167970947
2025-09-11 13:00:00,3.3349698091897246
2025-09-11 14:00:00,3.5156260745596564
2025-09-11 15:00:00,4.108152740195881
2025-09-11 16:00:00,5.145048939402429
2025-09-11 17:00:00,6.207506346983524
2025-09-11 18:00:00,7.001993049016822
2025-09-11 19:00:00,7.457497630447577
2025-09-11 20:00:00,7.133817757817193
2025-09-11 21:00:00,6.1626369621851484
2025-09-11 22:00:00,5.197949266287608
2025-09-11 23:00:00,4.214852142139989
2025-09-12 00:00:00,2.6799388869915868
2025-09-12 01:00:00,2.6345310663924097
2025-09-12 02:00:00,2.762988970185695
2025-09-12 03:00:00,2.934472230210169
2025-09-12 04:00:00,3.315877022428062
2025-09-12 05:00:00,4.280428847864655
2025-09-12 06:00:00,5.321116353573189
2025-09-12 07:00:00,6.605903256941134
2025-09-12 08:00:00,6.873245626642122
2025-09-12 09:00:00,6.372321682336577
2025-09-12 10:00:00,5.344020632273534
2025-09-12 11:00:00,4.279512364859229
2025-09-12 12:00:00,3.456312366959897
2025-09-12 13:00:00,3.1491746215673726
2025-09-12 14:00:00,3.4119292588709578
2025-09-12 15:00:00,4.1059381356407405
2025-09-12 16:00:00,4.866412527644609
2025-09-12 17:00:00,6.105589779335509
2025-09-12 18:00:00,7.0185974151224215
2025-09-12 19:00:00,7.361633635251149
2025-09-12 20:00:00,6.96004948068909
2025-09-12 21:00:00,6.129692548880747
2025-09-12 22:00:00,5.249869626749879
2025-09-12 23:00:00,4.138269797102602
2025-09-13 00:00:00,2.2625009198998076
2025-09-13 01:00:00,2.302593044658512
2025-09-13 02:00:00,2.367658782676846
2025-09-13 03:00:00,2.510921011042837
2025-09-13 04:00:00,2.9136417723208163
2025-09-13 05:00:00,3.7503740573202053
2025-09-13 06:00:00,4.579051690170078
2025-09-13 07:00:00,5.346351578855777
2025-09-13 08:00:00,5.807805474021175
2025-09-13 09:00:00,5.481379393762739
2025-09-13 10:00:00,4.445587667774323
2025-09-13 11:00:00,3.7095590476378546
2025-09-13 12:00:00,3.123172078500894
2025-09-13 13:00:00,2.865324945468329
2025-09-13 14:00:00,3.1571558023596076
2025-09-13 15:00:00,3.6665882900992024
2025-09-13 16:00:00,4.549899780886987
2025-09-13 17:00:00,5.67345879429213
2025-09-13 18:00:00,6.232238496429815
2025-09-13 19:00:00,6.45602695572437
2025-09-13 20:00:00,6.258592440693539
2025-09-13 21:00:00,5.3116836407235475
2025-09-13 22:00:00,4.4265306195925955
2025-09-13 23:00:00,3.5086835048629217
2025-09-14 00:00:00,2.301194532366961
2025-09-14 01:00:00,2.270590558304696
2025-09-14 02:00:00,2.331226005955422
2025-09-14 03:00:00,2.565423202513306
2025-09-14 04:00:00,2.94440857425937
2025-09-14 05:00:00,3.52645655559795
2025-09-14 06:00:00,4.473360285794472
2025-09-14 07:00:00,5.328655508339724
2025-09-14 08:00:00,5.697393719416797
2025-09-14 09:00:00,5.501461400517469
2025-09-14 10:00:00,4.638053955141528
2025-09-14 11:00:00,3.7831998068846384
2025-09-14 12:00:00,3.1091284481260373
2025-09-14 13:00:00,2.894085699201689
2025-09-14 14:00:00,3.052301896642237
2025-09-14 15:00:00,3.5840457361654603
2025-09-14 16:00:00,4.508873595199742
2025-09-14 17:00:00,5.459135602678394
2025-09-14 18:00:00,6.171488848126408
2025-09-14 19:00:00,6.583863864437226
2025-09-14 20:00:00,5.837927261039476
2025-09-14 21:00:00,5.328610398526493
2025-09-14 22:00:00,4.380181730063854
2025-09-14 23:00:00,3.6285463730276986
2025-09-15 00:00:00,2.6870276449551596
2025-09-15 01:00:00,2.549054918518991
2025-09-15 02:00:00,2.773338497493696
2025-09-15 03:00:00,2.8353675217582057
2025-09-15 04:00:00,3.2922409907629517
2025-09-15 05:00:00,4.165770630688203
2025-09-15 06:00:00,5.2241388515176475
2025-09-15 07:00:00,6.029345772750579
2025-09-15 08:00:00,6.704179685716187
2025-09-15 09:00:00,6.310704472413901
2025-09-15 10:00:00,5.380485730274914
2025-09-15 11:00:00,4.190301791652281
2025-09-15 12:00:00,3.4924306429543317
2025-09-15 13:00:00,3.2311571077005077
2025-09-15 14:00:00,3.557277069688206
2025-09-15 15:00:00,3.8418108558599786
2025-09-15 16:00:00,4.938024972925824
2025-09-15 17:00:00,6.117608989915756
2025-09-15 18:00:00,6.837943880277966
2025-09-15 19:00:00,7.2887320130925355
2025-09-15 20:00:00,6.97194614072334
2025-09-15 21:00:00,6.035550029673282
2025-09-15 22:00:00,5.035458803921025
2025-09-15 23:00:00,4.098070299250338
2025-09-16 00:00:00,2.579246931232903
2025-09-16 01:00:00,2.587759611343364
2025-09-16 02:00:00,2.6741756138101356
2025-09-16 03:00:00,2.887736810428772
2025-09-16 04:00:00,3.23481992763014
2025-09-16 05:00:00,4.201868365297953
2025-09-16 06:00:00,5.1828547748820375
2025-09-16 07:00:00,6.3468785010166915
2025-09-16 08:00:00,6.66127980218094
2025-09-16 09:00:00,6.338391331327367
2025-09-16 10:00:00,5.135782318224693
2025-09-16 11:00:00,4.173548931974022
2025-09-16 12:00:00,3.3904726324182004
2025-09-16 13:00:00,3.1708108493458
2025-09-16 14:00:00,3.508782310861608
2025-09-16 15:00:00,4.17183980036596
2025-09-16 16:00:00,4.892982190562194
2025-09-16 17:00:00,6.029084883823083
2025-09-16 18:00:00,6.942452555303209
2025-09-16 19:00:00,7.373525753952227
2025-09-16 20:00:00,6.708203030317248
2025-09-16 21:00:00,5.888877149549898
2025-09-16 22:00:00,5.051592380291965
2025-09-16 23:00:00,3.869066059168571
2025-09-17 00:00:00,2.536591347517235
2025-09-17 01:00:00,2.5875140974351027
2025-09-17 02:00:00,2.6719384421125403
2025-09-17 03:00:00,2.844384621458438
2025-09-17 04:00:00,3.2858360155945676
2025-09-17 05:00:00,4.181433759933273
2025-09-17 06:00:00,5.1948522754387465
2025-09-17 07:00:00,6.035048998461008
2025-09-17 08:00:00,6.506992458862156
2025-09-17 09:00:00,6.163783292087935
2025-09-17 10:00:00,5.354890485869899
2025-09-17 11:00:00,4.218120257690303
2025-09-17 12:00:00,3.517310233526158
2025-09-17 13:00:00,3.137629407315386
2025-09-17 14:00:00,3.345311024916926
2025-09-17 15:00:00,3.9824047954095376
2025-09-17 16:00:00,4.931879287842606
2025-09-17 17:00:00,5.888491570332416
2025-09-17 18:00:00,7.040977093899352
2025-09-17 19:00:00,7.325255379280885
2025-09-17 20:00:00,6.825001867405611
2025-09-17 21:00:00,6.085849850838398
2025-09-17 22:00:00,4.962799572394157
2025-09-17 23:00:00,4.0334868690282635
2025-09-18 00:00:00,2.480125959095588
2025-09-18 01:00:00,2.5607745535393294
2025-09-18 02:00:00,2.635650577928402
2025-09-18 03:00:00,2.8758464761260965
2025-09-18 04:00:00,3.254637689004027
2025-09-18 05:00:00,3.889879750479531
2025-09-18 06:00:00,5.03228959432107
2025-09-18 07:00:00,6.080903503822771
2025-09-18 08:00:00,6.482889288370392
2025-09-18 09:00:00,6.296180644537054
2025-09-18 10:00:00,5.215195379894865
2025-09-18 11:00:00,4.1420092980877525
2025-09-18 12:00:00,3.4171742121665707
2025-09-18 13:00:00,3.2328511751563727
2025-09-18 14:00:00,3.3267388301153136
2025-09-18 15:00:00,3.9731577636485422
2025-09-18 16:00:00,4.8178894667026
2025-09-18 17:00:00,6.154081456973756
2025-09-18 18:00:00,6.8917775920255995
2025-09-18 19:00:00,7.066249985202541
2025-09-18 20:00:00,6.822319002588698
2025-09-18 21:00:00,6.044335038234284
2025-09-18 22:00:00,4.895229575342277
2025-09-18 23:00:00,3.9171196238372783
2025-09-19 00:00:00,2.504647928861308
2025-09-19 01:00:00,2.5747182039024126
2025-09-19 02:00:00,2.60872378457138
2025-09-19 03:00:00,2.8027224835188043
2025-09-19 04:00:00,3.1944058705505696
2025-09-19 05:00:00,4.083596815167578
2025-09-19 06:00:00,5.103221157535548
2025-09-19 07:00:00,6.023555684176644
2025-09-19 08:00:00,6.472830133754775
2025-09-19 09:00:00,6.156008259636129
2025-09-19 10:00:00,5.2053101431580755
2025-09-19 11:00:00,4.163275439310044
2025-09-19 12:00:00,3.388520679913032
2025-09-19 13:00:00,3.113890284582436
2025-09-19 14:00:00,3.2822266201448054
2025-09-19 15:00:00,3.920398199132325
2025-09-19 16:00:00,4.906257024174064
2025-09-19 17:00:00,5.865210621669408
2025-09-19 18:00:00,6.822223902362626
2025-09-19 19:00:00,6.999508693644111
2025-09-19 20:00:00,6.582821831645695
2025-09-19 21:00:00,6.05565066481783
2025-09-19 22:00:00,4.852582606308811
2025-09-19 23:00:00,3.8766743167471147
2025-09-20 00:00:00,2.1573542200655216
2025-09-20 01:00:00,2.241378779088114
2025-09-20 02:00:00,2.3463412376874113
2025-09-20 03:00:00,2.438287729274631
2025-09-20 04:00:00,2.8401237022120367
2025-09-20 05:00:00,3.6194247239087205
2025-09-20 06:00:00,4.290076707996008
2025-09-20 07:00:00,5.476122024308102
2025-09-20 08:00:00,5.87703915156624
2025-09-20 09:00:00,4.985905090529195
2025-09-20 10:00:00,4.452545164826152
2025-09-20 11:00:00,3.527210174490055
2025-09-20 12:00:00,2.9434763480244226
2025-09-20 13:00:00,2.714362261446757
2025-09-20 14:00:00,2.960649089617851
2025-09-20 15:00:00,3.4402897465802664
2025-09-20 16:00:00,4.18461462789559
2025-09-20 17:00:00,5.160955693523707
2025-09-20 18:00:00,5.978630890768628
2025-09-20 19:00:00,6.0560703052396665
2025-09-20 20:00:00,5.722759430742263
2025-09-20 21:00:00,5.384368480708451
2025-09-20 22:00:00,4.202985920619357
2025-09-20 23:00:00,3.4170976057851394
2025-09-21 00:00:00,2.1747728904948778
2025-09-21 01:00:00,2.233294358233207
2025-09-21 02:00:00,2.350155838821217
2025-09-21 03:00:00,2.471515978747563
2025-09-21 04:00:00,2.749007275981023
2025-09-21 05:00:00,3.424466392831737
2025-09-21 06:00:00,4.3889219986402574
2025-09-21 07:00:00,5.2087729948797215
2025-09-21 08:00:00,5.377329227517072
2025-09-21 09:00:00,5.325066819445035
2025-09-21 10:00:00,4.337818383969511
2025-09-21 11:00:00,3.6631699821236623
2025-09-21 12:00:00,3.0482748240151856
2025-09-21 13:00:00,2.7071383097796535
2025-09-21 14:00:00,2.921083093652916
2025-09-21 15:00:00,3.3426759589995476
2025-09-21 16:00:00,4.289227850813806
2025-09-21 17:00:00,5.096057505800026
2025-09-21 18:00:00,5.753875016469795
2025-09-21 19:00:00,6.129580957753235
2025-09-21 20:00:00,5.8268758555219815
2025-09-21 21:00:00,5.1130907457655175
2025-09-21 22:00:00,4.312216622957211
2025-09-21 23:00:00,3.352214522097888
2025-09-22 00:00:00,2.6087764267024807
2025-09-22 01:00:00,2.4733521251508312
2025-09-22 02:00:00,2.6947217527088507
2025-09-22 03:00:00,2.7527968868524666
2025-09-22 04:00:00,3.2606119815641303
2025-09-22 05:00:00,4.010931799040752
2025-09-22 06:00:00,5.053363169863588
2025-09-22 07:00:00,6.119502846361171
2025-09-22 08:00:00,6.597235242528361
2025-09-22 09:00:00,6.169143864244202
2025-09-22 10:00:00,5.05847337241017
2025-09-22 11:00:00,4.105944743409158
2025-09-22 12:00:00,3.3297679388728474
2025-09-22 13:00:00,3.06699001569623
2025-09-22 14:00:00,3.2539765271711807
2025-09-22 15:00:00,3.907065648034943
2025-09-22 16:00:00,4.896631001568056
2025-09-22 17:00:00,5.693652145949798
2025-09-22 18:00:00,6.7584124335651214
2025-09-22 19:00:00,7.305716955772732
2025-09-22 20:00:00,6.916342957401796
2025-09-22 21:00:00,5.849833212875601
2025-09-22 22:00:00,4.731105205180703
2025-09-22 23:00:00,3.9529570656169573
2025-09-23 00:00:00,2.4124515931748944
2025-09-23 01:00:00,2.605760128286005
2025-09-23 02:00:00,2.6079059876598594
2025-09-23 03:00:00,2.922558920246608
2025-09-23 04:00:00,3.1585607815788665
2025-09-23 05:00:00,4.138789867364789
2025-09-23 06:00:00,5.095059315091367
2025-09-23 07:00:00,6.003057762078324
2025-09-23 08:00:00,6.250411225606747
2025-09-23 09:00:00,6.117811040748027
2025-09-23 10:00:00,5.18597647443953
2025-09-23 11:00:00,4.251061535045226
2025-09-23 12:00:00,3.4623912197047026
2025-09-23 13:00:00,3.1021924301189343
2025-09-23 14:00:00,3.2743532318218795
2025-09-23 15:00:00,3.8464723048418703
2025-09-23 16:00:00,5.032604665770938
2025-09-23 17:00:00,5.847321678286371
2025-09-23 18:00:00,6.98818986587868
2025-09-23 19:00:00,7.1890939532318265
2025-09-23 20:00:00,6.831911848298169
2025-09-23 21:00:00,5.902410235001214
2025-09-23 22:00:00,4.947844806848121
2025-09-23 23:00:00,3.9287884083842166
2025-09-24 00:00:00,2.5042516029048203
2025-09-24 01:00:00,2.5776790587747938
2025-09-24 02:00:00,2.6045136438350056
2025-09-24 03:00:00,2.766806816736385
2025-09-24 04:00:00,3.301881879189399
2025-09-24 05:00:00,4.0480189186360045
2025-09-24 06:00:00,5.141347830445232
2025-09-24 07:00:00,5.9720748008773015
2025-09-24 08:00:00,6.254166335913394
2025-09-24 09:00:00,6.238712571872129
2025-09-24 10:00:00,5.260839137460647
2025-09-24 11:00:00,4.165811475010002
2025-09-24 12:00:00,3.3585643276983554
2025-09-24 13:00:00,3.1122150176284036
2025-09-24 14:00:00,3.4245642704108015
2025-09-24 15:00:00,3.9161424599441963
2025-09-24 16:00:00,4.813710280816644
2025-09-24 17:00:00,6.145568873103288
2025-09-24 18:00:00,6.762507604931815
2025-09-24 19:00:00,7.346154148643931
2025-09-24 20:00:00,6.579526871472522
2025-09-24 21:00:00,5.984234810008517
2025-09-24 22:00:00,5.0718872023877655
2025-09-24 23:00:00,3.9217439654585853
2025-09-25 00:00:00,2.5058303392612427
2025-09-25 01:00:00,2.47922460511102
2025-09-25 02:00:00,2.6646110128769003
2025-09-25 03:00:00,2.7642784506700746
2025-09-25 04:00:00,3.2517135117778833
2025-09-25 05:00:00,3.9472566543256495
2025-09-25 06:00:00,5.242299017782142
2025-09-25 07:00:00,6.156821664240963
2025-09-25 08:00:00,6.395586997744821
2025-09-25 09:00:00,5.881547800245312
2025-09-25 10:00:00,5.251929320194768
2025-09-25 11:00:00,4.057458850354852
2025-09-25 12:00:00,3.3050798515108024
2025-09-25 13:00:00,3.0161869840186433
2025-09-25 14:00:00,3.2844923848722027
2025-09-25 15:00:00,3.8236182168999995
2025-09-25 16:00:00,4.807503720369171
2025-09-25 17:00:00,6.003014268861638
2025-09-25 18:00:00,6.708155903887037
2025-09-25 19:00:00,7.135061314675457
2025-09-25 20:00:00,6.660999227940291
2025-09-25 21:00:00,5.921757545798679
2025-09-25 22:00:00,5.049742641715545
2025-09-25 23:00:00,3.8863099973702755
2025-09-26 00:00:00,2.5299020345406746
2025-09-26 01:00:00,2.450700521351266
2025-09-26 02:00:00,2.678343466529717
2025-09-26 03:00:00,2.7713075639260243
2025-09-26 04:00:00,3.315074916794695
2025-09-26 05:00:00,4.023536723519807
2025-09-26 06:00:00,5.128748934412223
2025-09-26 07:00:00,6.0779280136739615
2025-09-26 08:00:00,6.320240661161033
2025-09-26 09:00:00,6.13115886918102
2025-09-26 10:00:00,5.001064521076577
2025-09-26 11:00:00,4.136907309706732
2025-09-26 12:00:00,3.342052491773393
2025-09-26 13:00:00,3.1375611883535326
2025-09-26 14:00:00,3.2855693409286886
2025-09-26 15:00:00,3.928775057597304
2025-09-26 16:00:00,4.747373682068107
2025-09-26 17:00:00,5.924103560473747
2025-09-26 18:00:00,6.741961787223594
2025-09-26 19:00:00,6.984388751294757
2025-09-26 20:00:00,6.728470590834588
2025-09-26 21:00:00,5.909814399954772
2025-09-26 22:00:00,4.786704982209315
2025-09-26 23:00:00,3.8902869396350193
2025-09-27 00:00:00,2.1327617646394734
2025-09-27 01:00:00,2.296175452713285
2025-09-27 02:00:00,2.301181913628672
2025-09-27 03:00:00,2.4389524094747856
2025-09-27 04:00:00,2.880809417231455
2025-09-27 05:00:00,3.358352273553415
2025-09-27 06:00:00,4.16788366226476
2025-09-27 07:00:00,5.157888759713107
2025-09-27 08:00:00,5.376841614202767
2025-09-27 09:00:00,5.1771241018667835
2025-09-27 10:00:00,4.420549203624675
2025-09-27 11:00:00,3.596506165950641
2025-09-27 12:00:00,2.8536640711614867
2025-09-27 13:00:00,2.722776625217842
2025-09-27 14:00:00,2.8757769477059933
2025-09-27 15:00:00,3.426252763306998
2025-09-27 16:00:00,4.162360336909559
2025-09-27 17:00:00,5.251899502047637
2025-09-27 18:00:00,5.827613842460319
2025-09-27 19:00:00,6.338361511231064
2025-09-27 20:00:00,5.747283714133621
2025-09-27 21:00:00,5.185662234205106
2025-09-27 22:00:00,4.196556513092313
2025-09-27 23:00:00,3.3591815195919397
2025-09-28 00:00:00,2.187318644694452
2025-09-28 01:00:00,2.163596078471369
2025-09-28 02:00:00,2.1172719887569222
2025-09-28 03:00:00,2.2598158476546306
2025-09-28 04:00:00,2.864532826982167
2025-09-28 05:00:00,3.5555981429867796
2025-09-28 06:00:00,4.5237632996199535
2025-09-28 07:00:00,5.158110094896344
2025-09-28 08:00:00,5.345433013988889
2025-09-28 09:00:00,5.118910509856696
2025-09-28 10:00:00,4.370001570883974
2025-09-28 11:00:00,3.434087560527678
2025-09-28 12:00:00,2.9935125716367614
2025-09-28 13:00:00,2.800738011408975
2025-09-28 14:00:00,2.8804050884224734
2025-09-28 15:00:00,3.3760263790743177
2025-09-28 16:00:00,4.0660303382290595
2025-09-28 17:00:00,5.228573574977694
2025-09-28 18:00:00,5.804192942587564
2025-09-28 19:00:00,6.039536522242661
2025-09-28 20:00:00,5.851011334009906
2025-09-28 21:00:00,5.011536533653294
2025-09-28 22:00:00,4.181906527607888
2025-09-28 23:00:00,3.2588545656284316
2025-09-29 00:00:00,2.5353701300826708
2025-09-29 01:00:00,2.4952880601432543
2025-09-29 02:00:00,2.628649885309525
2025-09-29 03:00:00,2.7543675721033916
2025-09-29 04:00:00,3.200378205948906
2025-09-29 05:00:00,3.889934368841109
2025-09-29 06:00:00,5.083981395111742
2025-09-29 07:00:00,5.823900902550749
2025-09-29 08:00:00,6.242499591467777
2025-09-29 09:00:00,5.93051529185155
2025-09-29 10:00:00,5.0312975076237105
2025-09-29 11:00:00,3.888802939627574
2025-09-29 12:00:00,3.3138230490874276
2025-09-29 13:00:00,3.1285445514964527
2025-09-29 14:00:00,3.2528668129462104
2025-09-29 15:00:00,3.8617999132016183
2025-09-29 16:00:00,4.810841986792856
2025-09-29 17:00:00,5.811725649948647
2025-09-29 18:00:00,6.520502143874514
2025-09-29 19:00:00,6.973530428989354
2025-09-29 20:00:00,6.789959059328962
2025-09-29 21:00:00,5.70304210394509
2025-09-29 22:00:00,4.754243925581849
2025-09-29 23:00:00,3.748475765117835
2025-09-30 00:00:00,2.5200616461738163
2025-09-30 01:00:00,2.4879164904029794
2025-09-30 02:00:00,2.517354403376362
2025-09-30 03:00:00,2.76174356779908
2025-09-30 04:00:00,3.121863605327759
2025-09-30 05:00:00,3.8917183411520533
2025-09-30 06:00:00,4.84610935431866
2025-09-30 07:00:00,5.78272919652332
2025-09-30 08:00:00,6.454267047998377
2025-09-30 09:00:00,5.824767822479469
2025-09-30 10:00:00,5.049744019785015
2025-09-30 11:00:00,3.946193636393515
2025-09-30 12:00:00,3.36896534829439
2025-09-30 13:00:00,3.006730304064138
2025-09-30 14:00:00,3.269759348715634
2025-09-30 15:00:00,3.870928914102768
2025-09-30 16:00:00,5.002481232419094
2025-09-30 17:00:00,5.881015835149796
2025-09-30 18:00:00,6.557752957888346
2025-09-30 19:00:00,7.051615013279891
2025-09-30 20:00:00,6.920117810394078
2025-09-30 21:00:00,5.617639735709516
2025-09-30 22:00:00,4.69436189570398
2025-09-30 23:00:00,3.824476416780359
2025-10-01 00:00:00,2.477766644607588
2025-10-01 01:00:00,2.5010751312324784
2025-10-01 02:00:00,2.5194268499620494
2025-10-01 03:00:00,2.8628405028058244
2025-10-01 04:00:00,3.1394116547244653
2025-10-01 05:00:00,3.998137429761853
2025-10-01 06:00:00,5.148050994280547
2025-10-01 07:00:00,5.96519614686927
2025-10-01 08:00:00,6.223160990742608
2025-10-01 09:00:00,5.8104015061363645
2025-10-01 10:00:00,5.0306502354924945
2025-10-01 11:00:00,3.992693932350545
2025-10-01 12:00:00,3.3660132638072984
2025-10-01 13:00:00,3.013983421924225
2025-10-01 14:00:00,3.3540402074696876
2025-10-01 15:00:00,3.9151355513951347
2025-10-01 16:00:00,4.846817420541317
2025-10-01 17:00:00,6.0358544263327705
2025-10-01 18:00:00,6.645142095275655
2025-10-01 19:00:00,6.9249412114973605
2025-10-01 20:00:00,6.630274915148078
2025-10-01 21:00:00,5.843283720113602
2025-10-01 22:00:00,4.814528111652998
2025-10-01 23:00:00,3.8172140806453494
2025-10-02 00:00:00,2.410019656347373
2025-10-02 01:00:00,2.5025737043108114
2025-10-02 02:00:00,2.6191154808484236
2025-10-02 03:00:00,2.8068061659488497
2025-10-02 04:00:00,3.326137142112205
2025-10-02 05:00:00,4.192967932492077
2025-10-02 06:00:00,5.145864805310013
2025-10-02 07:00:00,6.165840479978348
2025-10-02 08:00:00,6.478460641245342
2025-10-02 09:00:00,6.2079049972605045
2025-10-02 10:00:00,5.2683216176847
2025-10-02 11:00:00,4.152750036626883
2025-10-02 12:00:00,3.4173491588177685
2025-10-02 13:00:00,3.1042819733626343
2025-10-02 14:00:00,3.3148495413549437
2025-10-02 15:00:00,3.8999570816047635
2025-10-02 16:00:00,4.913983031665754
2025-10-02 17:00:00,5.812409868601982
2025-10-02 18:00:00,6.71305873035362
2025-10-02 19:00:00,6.7308875063782185
2025-10-02 20:00:00,6.970917686984535
2025-10-02 21:00:00,5.870473166850353
2025-10-02 22:00:00,4.892644412058751
2025-10-02 23:00:00,4.015720405865963
2025-10-03 00:00:00,2.5197351605673126
2025-10-03 01:00:00,2.5968706370564436
2025-10-03 02:00:00,2.528801597017942
2025-10-03 03:00:00,2.9252713339382406
2025-10-03 04:00:00,3.3096450261241506
2025-10-03 05:00:00,4.040820485251781
2025-10-03 06:00:00,5.198924832432852
2025-10-03 07:00:00,5.843483928291625
2025-10-03 08:00:00,6.3262190945799075
2025-10-03 09:00:00,6.158916597524245
2025-10-03 10:00:00,4.877023700473551
2025-10-03 11:00:00,4.109498036270206
2025-10-03 12:00:00,3.396181223961403
2025-10-03 13:00:00,3.2308724090850074
2025-10-03 14:00:00,3.203667249068006
2025-10-03 15:00:00,4.041671977392452
2025-10-03 16:00:00,4.786080444769701
2025-10-03 17:00:00,5.828470170370893
2025-10-03 18:00:00,6.5559194607188145
2025-10-03 19:00:00,6.890796014185922
2025-10-03 20:00:00,6.7742698050165515
2025-10-03 21:00:00,5.74933727811298
2025-10-03 22:00:00,4.906631609637458
2025-10-03 23:00:00,3.8395604657515046
2025-10-04 00:00:00,2.1065136750937405
2025-10-04 01:00:00,2.152533508401533
2025-10-04 02:00:00,2.250232713095197
2025-10-04 03:00:00,2.3926928001951193
2025-10-04 04:00:00,2.793915198104843
2025-10-04 05:00:00,3.5167200551060644
2025-10-04 06:00:00,4.451292534674979
2025-10-04 07:00:00,5.125275853014036
2025-10-04 08:00:00,5.369927396043022
2025-10-04 09:00:00,5.167423102761195
2025-10-04 10:00:00,4.407856682289394
2025-10-04 11:00:00,3.40053426394334
2025-10-04 12:00:00,2.844877055987093
2025-10-04 13:00:00,2.6407513954872375
2025-10-04 14:00:00,2.8397907481707745
2025-10-04 15:00:00,3.3236503291953667
2025-10-04 16:00:00,4.230982620039765
2025-10-04 17:00:00,4.906367787318945
2025-10-04 18:00:00,5.609356733157827
2025-10-04 19:00:00,6.030994160094724
2025-10-04 20:00:00,5.771906834318943
2025-10-04 21:00:00,4.92087404348851
2025-10-04 22:00:00,4.116937384543216
2025-10-04 23:00:00,3.3270329642342134
2025-10-05 00:00:00,2.120204911564529
2025-10-05 01:00:00,2.159996356634215
2025-10-05 02:00:00,2.1832571422939044
2025-10-05 03:00:00,2.452053828385759
2025-10-05 04:00:00,2.790699728458497
2025-10-05 05:00:00,3.3778599841534946
2025-10-05 06:00:00,4.320975632744569
2025-10-05 07:00:00,5.11766608537862
2025-10-05 08:00:00,5.560787292723476
2025-10-05 09:00:00,5.045964256233408
2025-10-05 10:00:00,4.388842331551866
2025-10-05 11:00:00,3.4702780945327625
2025-10-05 12:00:00,2.9526506337017997
2025-10-05 13:00:00,2.7206138902380106
2025-10-05 14:00:00,2.833869272042835
2025-10-05 15:00:00,3.3232978179528745
2025-10-05 16:00:00,4.171556889845643
2025-10-05 17:00:00,4.9996270861515715
2025-10-05 18:00:00,5.926357530896825
2025-10-05 19:00:00,6.0194500440134515
2025-10-05 20:00:00,5.687049035920657
2025-10-05 21:00:00,4.970853279150411
2025-10-05 22:00:00,4.025199923562272
2025-10-05 23:00:00,3.3569052704417475
2025-10-06 00:00:00,2.428033068221178
2025-10-06 01:00:00,2.5421410342128365
2025-10-06 02:00:00,2.4896614401004986
2025-10-06 03:00:00,2.758113993411624
2025-10-06 04:00:00,3.2658738952131516
2025-10-06 05:00:00,3.795155499952866
2025-10-06 06:00:00,5.182940575322169
2025-10-06 07:00:00,5.846756499287173
2025-10-06 08:00:00,6.288744869247419
2025-10-06 09:00:00,5.966981250148178
2025-10-06 10:00:00,5.065542864017367
2025-10-06 11:00:00,4.027189002623629
2025-10-06 12:00:00,3.3779448368316545
2025-10-06 13:00:00,3.095356733237174
2025-10-06 14:00:00,3.3754570034568134
2025-10-06 15:00:00,3.899379041386588
2025-10-06 16:00:00,4.957772138050672
2025-10-06 17:00:00,5.900563522482843
2025-10-06 18:00:00,6.383908865519683
2025-10-06 19:00:00,7.304859330656149
2025-10-06 20:00:00,6.546901966296989
2025-10-06 21:00:00,5.96856474536453
2025-10-06 22:00:00,4.767766928803912
2025-10-06 23:00:00,3.916339673065135
2025-10-07 00:00:00,2.431071302266619
2025-10-07 01:00:00,2.515063925178001
2025-10-07 02:00:00,2.539198722079443
2025-10-07 03:00:00,2.8339649579060917
2025-10-07 04:00:00,3.2158709286463445
2025-10-07 05:00:00,4.034367918825161
2025-10-07 06:00:00,4.759459626987473
2025-10-07 07:00:00,5.8784658702516905
2025-10-07 08:00:00,6.31356613779074
2025-10-07 09:00:00,5.917528631208921
2025-10-07 10:00:00,5.081789591399956
2025-10-07 11:00:00,3.970295339630507
2025-10-07 12:00:00,3.310406546777771
2025-10-07 13:00:00,3.131476605547973
2025-10-07 14:00:00,3.1076092913354247
2025-10-07 15:00:00,3.899009850340808
2025-10-07 16:00:00,4.731752214034504
2025-10-07 17:00:00,5.682273742986274
2025-10-07 18:00:00,6.658217465950559
2025-10-07 19:00:00,7.102648583315218
2025-10-07 20:00:00,6.751027901485945
2025-10-07 21:00:00,5.771360775127139
2025-10-07 22:00:00,4.841793054522991
2025-10-07 23:00:00,3.8959972037412016
2025-10-08 00:00:00,2.4607438744886205
2025-10-08 01:00:00,2.449582927086493
2025-10-08 02:00:00,2.5197369985141473
2025-10-08 03:00:00,2.79328601932097
2025-10-08 04:00:00,3.185264038668992
2025-10-08 05:00:00,3.8774338085834774
2025-10-08 06:00:00,4.80721312348022
2025-10-08 07:00:00,5.986601328630196
2025-10-08 08:00:00,6.19376245034066
2025-10-08 09:00:00,5.930200098837322
2025-10-08 10:00:00,5.1096447523426365
2025-10-08 11:00:00,3.8949217708311195
2025-10-08 12:00:00,3.304244805527598
2025-10-08 13:00:00,3.0488073970296616
2025-10-08 14:00:00,3.280776638159716
2025-10-08 15:00:00,3.9491524754033027
2025-10-08 16:00:00,4.636974551517741
2025-10-08 17:00:00,5.853929919044531
2025-10-08 18:00:00,6.750248911537301
2025-10-08 19:00:00,6.906728422012969
2025-10-08 20:00:00,6.595499704546443
2025-10-08 21:00:00,5.835519721888911
2025-10-08 22:00:00,4.79133916987818
2025-10-08 23:00:00,3.874173719991972
2025-10-09 00:00:00,2.459792362097098
2025-10-09 01:00:00,2.403059500286979
2025-10-09 02:00:00,2.568324100713734
2025-10-09 03:00:00,2.7742189398588804
2025-10-09 04:00:00,3.1575438138005802
2025-10-09 05:00:00,3.791196654756237
2025-10-09 06:00:00,4.897864487005034
2025-10-09 07:00:00,5.833434330160298
2025-10-09 08:00:00,6.038053300138688
2025-10-09 09:00:00,5.7715711137268215
2025-10-09 10:00:00,4.781465430158373
2025-10-09 11:00:00,3.9947249971286793
2025-10-09 12:00:00,3.2743714786357865
2025-10-09 13:00:00,2.9194693530591347
2025-10-09 14:00:00,3.2356179926916973
2025-10-09 15:00:00,3.798439483782329
2025-10-09 16:00:00,4.749254092389937
2025-10-09 17:00:00,5.666782276671878
2025-10-09 18:00:00,6.421813808605672
2025-10-09 19:00:00,6.735518757454323
2025-10-09 20:00:00,6.456063414177425
2025-10-09 21:00:00,5.712786022778315
2025-10-09 22:00:00,4.709554422658767
2025-10-09 23:00:00,3.7645645299193866
2025-10-10 00:00:00,2.4231116349875617
2025-10-10 01:00:00,2.44529502456135
2025-10-10 02:00:00,2.6570598709799915
2025-10-10 03:00:00,2.6815855202187766
2025-10-10 04:00:00,3.125201015973265
2025-10-10 05:00:00,4.184802476913638
2025-10-10 06:00:00,4.9734956077035
2025-10-10 07:00:00,5.6767493258558614
2025-10-10 08:00:00,6.312893493247178
2025-10-10 09:00:00,5.734185907297365
2025-10-10 10:00:00,5.0329100731905445
2025-10-10 11:00:00,3.9484179166883613
2025-10-10 12:00:00,3.2498816315129333
2025-10-10 13:00:00,3.130487644428675
2025-10-10 14:00:00,3.2645458612818317
2025-10-10 15:00:00,3.894771781514971
2025-10-10 16:00:00,4.763649700319707
2025-10-10 17:00:00,5.687071110562842
2025-10-10 18:00:00,6.636960308788974
2025-10-10 19:00:00,7.039022961215821
2025-10-10 20:00:00,6.574336873570062
2025-10-10 21:00:00,5.943928782095443
2025-10-10 22:00:00,4.797746258924848
2025-10-10 23:00:00,3.8126544411739416
2025-10-11 00:00:00,2.139180922419222
2025-10-11 01:00:00,2.1507370093944007
2025-10-11 02:00:00,2.1485444773455202
2025-10-11 03:00:00,2.3678695858583234
2025-10-11 04:00:00,2.7648480842712053
2025-10-11 05:00:00,3.3911052797965744
2025-10-11 06:00:00,4.324600195107102
2025-10-11 07:00:00,5.086771783878082
2025-10-11 08:00:00,5.490872173042452
2025-10-11 09:00:00,5.154346037200799
2025-10-11 10:00:00,4.3196261516280225
2025-10-11 11:00:00,3.3590863254557672
2025-10-11 12:00:00,2.957937903377751
2025-10-11 13:00:00,2.6340474178112196
2025-10-11 14:00:00,2.8069211676307266
2025-10-11 15:00:00,3.30467841234496
2025-10-11 16:00:00,4.073033361721358
2025-10-11 17:00:00,5.152020018762042
2025-10-11 18:00:00,5.8690670654585775
2025-10-11 19:00:00,6.039205229078872
2025-10-11 20:00:00,5.698375876300532
2025-10-11 21:00:00,5.058797134100732
2025-10-11 22:00:00,4.114862292260205
2025-10-11 23:00:00,3.2941039371585683
2025-10-12 00:00:00,2.1249938063928258
2025-10-12 01:00:00,2.1081924694106684
2025-10-12 02:00:00,2.196335060812367
2025-10-12 03:00:00,2.361963949068215
2025-10-12 04:00:00,2.7626267690292496
2025-10-12 05:00:00,3.349047680395747
2025-10-12 06:00:00,4.320258834985264
2025-10-12 07:00:00,4.95079646212467
2025-10-12 08:00:00,5.300695348608804
2025-10-12 09:00:00,4.991088232975788
2025-10-12 10:00:00,4.177783237942499
2025-10-12 11:00:00,3.4942802182347545
2025-10-12 12:00:00,2.776959602559081
2025-10-12 13:00:00,2.582893185487546
2025-10-12 14:00:00,2.8580198346754746
2025-10-12 15:00:00,3.2620620686470363
2025-10-12 16:00:00,4.063554032873004
2025-10-12 17:00:00,4.855685852353692
2025-10-12 18:00:00,5.757466296234683
2025-10-12 19:00:00,6.036596686772701
2025-10-12 20:00:00,5.746712409438479
2025-10-12 21:00:00,5.008514045451606
2025-10-12 22:00:00,4.080521757068121
2025-10-12 23:00:00,3.244712108779622
2025-10-13 00:00:00,2.378814697828588
2025-10-13 01:00:00,2.4996998991240282
2025-10-13 02:00:00,2.5419824255460983
2025-10-13 03:00:00,2.657699046139799
2025-10-13 04:00:00,3.1298909697083435
2025-10-13 05:00:00,3.8617566745150165
2025-10-13 06:00:00,4.770238536491329
2025-10-13 07:00:00,5.797311108688253
2025-10-13 08:00:00,6.0922491475862275
2025-10-13 09:00:00,5.66927233426823
2025-10-13 10:00:00,4.7466184557915065
2025-10-13 11:00:00,3.8009407618222055
2025-10-13 12:00:00,3.2203119194089957
2025-10-13 13:00:00,2.9960364888597453
2025-10-13 14:00:00,3.1382845458223927
2025-10-13 15:00:00,3.829652669984462
2025-10-13 16:00:00,4.667028709247476
2025-10-13 17:00:00,5.743545661904871
2025-10-13 18:00:00,6.464445769614831
2025-10-13 19:00:00,6.693831095187839
2025-10-13 20:00:00,6.502868603814959
2025-10-13 21:00:00,5.5337998418352
2025-10-13 22:00:00,4.718503237381519
2025-10-13 23:00:00,3.6864176979999357
2025-10-14 00:00:00,2.4669191058495548
2025-10-14 01:00:00,2.42454425515042
2025-10-14 02:00:00,2.5613333753837777
2025-10-14 03:00:00,2.6391356460072317
2025-10-14 04:00:00,3.0903665680826196
2025-10-14 05:00:00,3.9214769586131495
2025-10-14 06:00:00,5.003286989665564
2025-10-14 07:00:00,5.979710481346203
2025-10-14 08:00:00,6.159064229668934
2025-10-14 09:00:00,6.002204619995564
2025-10-14 10:00:00,4.8714290642367954
2025-10-14 11:00:00,4.0168481743007
2025-10-14 12:00:00,3.1888074988890884
2025-10-14 13:00:00,3.0316240221159076
2025-10-14 14:00:00,3.0498954101741655
2025-10-14 15:00:00,3.702069611567261
2025-10-14 16:00:00,4.724967235930164
2025-10-14 17:00:00,5.538599218556596
2025-10-14 18:00:00,6.554952790437184
2025-10-14 19:00:00,6.936218269934633
2025-10-14 20:00:00,6.434168486320732
2025-10-14 21:00:00,5.576822772322246
2025-10-14 22:00:00,4.63190222827824
2025-10-14 23:00:00,3.6906653735201815
2025-10-15 00:00:00,2.4182805967252814
2025-10-15 01:00:00,2.4468134721091923
2025-10-15 02:00:00,2.4934618970119597
2025-10-15 03:00:00,2.7910270278284757
2025-10-15 04:00:00,3.0887187365930404
2025-10-15 05:00:00,4.001375359108503
2025-10-15 06:00:00,4.788520098847151
2025-10-15 07:00:00,5.797049400380068
2025-10-15 08:00:00,6.301549132554036
2025-10-15 09:00:00,5.922255362983564
2025-10-15 10:00:00,4.860143268827016
2025-10-15 11:00:00,3.9753449893368735
2025-10-15 12:00:00,3.2784471166404177
2025-10-15 13:00:00,2.9748189312270474
2025-10-15 14:00:00,3.2401778389737
2025-10-15 15:00:00,3.9293075366030927
2025-10-15 16:00:00,4.7269080215502335
2025-10-15 17:00:00,5.754117155345865
2025-10-15 18:00:00,6.588876446304641
2025-10-15 19:00:00,6.615703347122091
2025-10-15 20:00:00,6.561197525620283
2025-10-15 21:00:00,5.573118875554649
2025-10-15 22:00:00,4.622519305042837
2025-10-15 23:00:00,3.9273043130592855
2025-10-16 00:00:00,2.4068763010402345
2025-10-16 01:00:00,2.4016534396292815
2025-10-16 02:00:00,2.5623525607448836
2025-10-16 03:00:00,2.6449713521966185
2025-10-16 04:00:00,3.1005671358991536
2025-10-16 05:00:00,3.9836103585442633
2025-10-16 06:00:00,4.886351100099557
2025-10-16 07:00:00,5.59844718557336
2025-10-16 08:00:00,6.212446549095237
2025-10-16 09:00:00,5.735679567874521
2025-10-16 10:00:00,5.043829789191417
2025-10-16 11:00:00,3.8775295381894095
2025-10-16 12:00:00,3.3138573715018627
2025-10-16 13:00:00,3.1088824725487294
2025-10-16 14:00:00,3.141008374372238
2025-10-16 15:00:00,3.767242843594295
2025-10-16 16:00:00,4.711228559602178
2025-10-16 17:00:00,5.582748962422288
2025-10-16 18:00:00,6.525681510759106
2025-10-16 19:00:00,6.77281798240983
2025-10-16 20:00:00,6.458661512518562
2025-10-16 21:00:00,5.6848382971871105
2025-10-16 22:00:00,4.676531868314835
2025-10-16 23:00:00,3.7705472075588577
2025-10-17 00:00:00,2.3898350031749986
2025-10-17 01:00:00,2.4103484525445635
2025-10-17 02:00:00,2.498340074536366
2025-10-17 03:00:00,2.693295190509011
2025-10-17 04:00:00,3.1006856082055756
2025-10-17 05:00:00,3.91117402611759
2025-10-17 06:00:00,4.704341622421336
2025-10-17 07:00:00,5.6937410836350555
2025-10-17 08:00:00,6.110354234795148
2025-10-17 09:00:00,5.681764610065634
2025-10-17 10:00:00,5.051892848457644
2025-10-17 11:00:00,3.926068372729812
2025-10-17 12:00:00,3.256655553885755
2025-10-17 13:00:00,2.972844103009169
2025-10-17 14:00:00,3.19395157577588
2025-10-17 15:00:00,3.6894415556716496
2025-10-17 16:00:00,4.658387781299509
2025-10-17 17:00:00,5.5729482142771385
2025-10-17 18:00:00,6.453714234532567
2025-10-17 19:00:00,6.4542290868686
2025-10-17 20:00:00,6.34319349390018
2025-10-17 21:00:00,5.844773089991818
2025-10-17 22:00:00,4.746793480856699
2025-10-17 23:00:00,3.8568545914788266
2025-10-18 00:00:00,2.1609726448266215
2025-10-18 01:00:00,2.147309895452338
2025-10-18 02:00:00,2.157200862989911
2025-10-18 03:00:00,2.294710682587499
2025-10-18 04:00:00,2.7815931494137205
2025-10-18 05:00:00,3.382378762034498
2025-10-18 06:00:00,4.455064084163224
2025-10-18 07:00:00,4.986154017406913
2025-10-18 08:00:00,5.5522730043238955
2025-10-18 09:00:00,5.0093225855045285
2025-10-18 10:00:00,4.3665702092216705
2025-10-18 11:00:00,3.527329768999222
2025-10-18 12:00:00,2.7632552938647343
2025-10-18 13:00:00,2.5841391308143242
2025-10-18 14:00:00,2.719933831016149
2025-10-18 15:00:00,3.2061887846362254
2025-10-18 16:00:00,4.117448521751173
2025-10-18 17:00:00,4.917552278213492
2025-10-18 18:00:00,5.647286299567462
2025-10-18 19:00:00,5.979060528839053
2025-10-18 20:00:00,5.431712744340896
2025-10-18 21:00:00,5.063249297034474
2025-10-18 22:00:00,4.030540263153678
2025-10-18 23:00:00,3.301292024171293
2025-10-19 00:00:00,2.132838244346916
2025-10-19 01:00:00,2.181093432680935
2025-10-19 02:00:00,2.1765572375348605
2025-10-19 03:00:00,2.248138402486759
2025-10-19 04:00:00,2.727603819386813
2025-10-19 05:00:00,3.3981406595054127
2025-10-19 06:00:00,4.163668721396606
2025-10-19 07:00:00,5.047397170868097
2025-10-19 08:00:00,5.3132042633979415
2025-10-19 09:00:00,4.899596205936694
2025-10-19 10:00:00,4.3183853587374434
2025-10-19 11:00:00,3.379627251315084
2025-10-19 12:00:00,2.8034573760464188
2025-10-19 13:00:00,2.5903129683002573
2025-10-19 14:00:00,2.8514463716816674
2025-10-19 15:00:00,3.29071340052057
2025-10-19 16:00:00,4.077544242438985
2025-10-19 17:00:00,4.90293027474429
2025-10-19 18:00:00,5.704621890239608
2025-10-19 19:00:00,6.084608283422911
2025-10-19 20:00:00,5.72542849133039
2025-10-19 21:00:00,5.0137098551594566
2025-10-19 22:00:00,4.116042286954261
2025-10-19 23:00:00,3.1824863294271584
2025-10-20 00:00:00,2.4023786928060815
2025-10-20 01:00:00,2.4539344015546365
2025-10-20 02:00:00,2.4948817941921666
2025-10-20 03:00:00,2.667133357137223
2025-10-20 04:00:00,3.0439024182825123
2025-10-20 05:00:00,3.822649493844526
2025-10-20 06:00:00,4.909520772240305
2025-10-20 07:00:00,5.833160975208457
2025-10-20 08:00:00,6.113349087011429
2025-10-20 09:00:00,5.853112839800981
2025-10-20 10:00:00,4.903003756627424
2025-10-20 11:00:00,4.05399282746533
2025-10-20 12:00:00,3.270025502556102
2025-10-20 13:00:00,3.076907969390177
2025-10-20 14:00:00,3.2429859144375524
2025-10-20 15:00:00,3.715459128718749
2025-10-20 16:00:00,4.716753095324399
2025-10-20 17:00:00,5.599532848832859
2025-10-20 18:00:00,6.546421112543088
2025-10-20 19:00:00,6.774328401805152
2025-10-20 20:00:00,6.6106034352478575
2025-10-20 21:00:00,5.586425014575921
2025-10-20 22:00:00,4.721637674186912
2025-10-20 23:00:00,3.8422585887799015
2025-10-21 00:00:00,2.4508561144582828
2025-10-21 01:00:00,2.388607658741762
2025-10-21 02:00:00,2.493110634322249
2025-10-21 03:00:00,2.692613449905723
2025-10-21 04:00:00,3.2094113963639823
2025-10-21 05:00:00,3.752718371504295
2025-10-21 06:00:00,4.76949830026472
2025-10-21 07:00:00,6.072876750353774
2025-10-21 08:00:00,6.0817788876058945
2025-10-21 09:00:00,5.535345298958845
2025-10-21 10:00:00,4.812199913217929
2025-10-21 11:00:00,3.689410155568896
2025-10-21 12:00:00,3.245124007153756
2025-10-21 13:00:00,3.035790293296689
2025-10-21 14:00:00,3.1216075522107545
2025-10-21 15:00:00,3.7277187800060982
2025-10-21 16:00:00,4.737697145859906
2025-10-21 17:00:00,5.4541984985342165
2025-10-21 18:00:00,6.2877760292227585
2025-10-21 19:00:00,6.738878070954551
2025-10-21 20:00:00,6.361186085087003
2025-10-21 21:00:00,5.617968445265116
2025-10-21 22:00:00,4.529325317407866
2025-10-21 23:00:00,3.7556650817356245
2025-10-22 00:00:00,2.4022222183412425
2025-10-22 01:00:00,2.454617621820837
2025-10-22 02:00:00,2.5045555579044643
2025-10-22 03:00:00,2.6963431434905867
2025-10-22 04:00:00,3.02586328673047
2025-10-22 05:00:00,3.9090466518863756
2025-10-22 06:00:00,4.83038904077564
2025-10-22 07:00:00,5.736545994934151
2025-10-22 08:00:00,6.249227039433792
2025-10-22 09:00:00,5.675447504249441
2025-10-22 10:00:00,5.0051823037307495
2025-10-22 11:00:00,4.022290931445944
2025-10-22 12:00:00,3.2812527663984463
2025-10-22 13:00:00,2.9315568798805027
2025-10-22 14:00:00,3.0433962198746682
2025-10-22 15:00:00,3.8479396257936958
2025-10-22 16:00:00,4.666489010041397
2025-10-22 17:00:00,5.5730154732215125
2025-10-22 18:00:00,6.6162554966200435
2025-10-22 19:00:00,6.659336970676693
2025-10-22 20:00:00,6.409566878027934
2025-10-22 21:00:00,5.7158497258439525
2025-10-22 22:00:00,4.547529714204522
2025-10-22 23:00:00,3.734938497979901
2025-10-23 00:00:00,2.4707519333529047
2025-10-23 01:00:00,2.446970375307972
2025-10-23 02:00:00,2.565989037852138
2025-10-23 03:00:00,2.7559999146946765
2025-10-23 04:00:00,3.127688482434116
2025-10-23 05:00:00,3.7032767005595257
2025-10-23 06:00:00,4.772130997968119
2025-10-23 07:00:00,5.864612546856926
2025-10-23 08:00:00,5.952454581179249
2025-10-23 09:00:00,5.741253926042618
2025-10-23 10:00:00,4.924121713555749
2025-10-23 11:00:00,4.038727241915893
2025-10-23 12:00:00,3.2069010377278855
2025-10-23 13:00:00,2.962335354410299
2025-10-23 14:00:00,3.1906528201226108
2025-10-23 15:00:00,3.806745618408588
2025-10-23 16:00:00,4.658447908452409
2025-10-23 17:00:00,5.796828192275139
2025-10-23 18:00:00,6.384082896334669
2025-10-23 19:00:00,6.816811949684391
2025-10-23 20:00:00,6.545423601931735
2025-10-23 21:00:00,5.631373084032698
2025-10-23 22:00:00,4.74624134208738
2025-10-23 23:00:00,3.7677891461386266
2025-10-24 00:00:00,2.46627906843106
2025-10-24 01:00:00,2.4561500138791765
2025-10-24 02:00:00,2.5326968116778508
2025-10-24 03:00:00,2.6717031084699547
2025-10-24 04:00:00,3.100387053940956
2025-10-24 05:00:00,3.9962493722688985
2025-10-24 06:00:00,4.962302750990293
2025-10-24 07:00:00,5.681394856974603
2025-10-24 08:00:00,6.19036120867449
2025-10-24 09:00:00,5.527173865317948
2025-10-24 10:00:00,4.85465045858221
2025-10-24 11:00:00,4.015184018043993
2025-10-24 12:00:00,3.2493312916731143
2025-10-24 13:00:00,3.0203413763042812
2025-10-24 14:00:00,3.0135963825126235
2025-10-24 15:00:00,3.7659045096280366
2025-10-24 16:00:00,4.72372585035325
2025-10-24 17:00:00,5.753961844705759
2025-10-24 18:00:00,6.639702962866601
2025-10-24 19:00:00,6.799579149794321
2025-10-24 20:00:00,6.492617927209847
2025-10-24 21:00:00,5.5481783446175115
2025-10-24 22:00:00,4.667775522153373
2025-10-24 23:00:00,3.676795379315165
2025-10-25 00:00:00,2.033820330306653
2025-10-25 01:00:00,2.0819287137455547
2025-10-25 02:00:00,2.252473579187731
2025-10-25 03:00:00,2.3409000722601663
2025-10-25 04:00:00,2.743206063595466
2025-10-25 05:00:00,3.358038806403514
2025-10-25 06:00:00,4.109447538546934
2025-10-25 07:00:00,5.13938904917224
2025-10-25 08:00:00,5.131939062488877
2025-10-25 09:00:00,4.991193267167466
2025-10-25 10:00:00,4.266979431272984
2025-10-25 11:00:00,3.44237276010703
2025-10-25 12:00:00,2.7922174714981782
2025-10-25 13:00:00,2.5245915600488096
2025-10-25 14:00:00,2.7448415693207875
2025-10-25 15:00:00,3.252072363260673
2025-10-25 16:00:00,4.018020356137735
2025-10-25 17:00:00,5.054899743994138
2025-10-25 18:00:00,5.52867564758219
2025-10-25 19:00:00,5.97505357550483
2025-10-25 20:00:00,5.684039540145337
2025-10-25 21:00:00,5.0531764930745435
2025-10-25 22:00:00,4.06588746465579
2025-10-25 23:00:00,3.3327985421340665
2025-10-26 00:00:00,2.087332727223641
2025-10-26 01:00:00,2.12899796682649
2025-10-26 02:00:00,2.1033798458894193
2025-10-26 03:00:00,2.211158441539873
2025-10-26 04:00:00,2.7292471324926995
2025-10-26 05:00:00,3.394072841774136
2025-10-26 06:00:00,4.267317782606377
2025-10-26 07:00:00,4.951025367385858
2025-10-26 08:00:00,5.47954731612898
2025-10-26 09:00:00,4.959756106193152
2025-10-26 10:00:00,4.272269677043678
2025-10-26 11:00:00,3.43888794986594
2025-10-26 12:00:00,2.906742496930054
2025-10-26 13:00:00,2.582955244540677
2025-10-26 14:00:00,2.730511127091558
2025-10-26 15:00:00,3.1763212644033327
2025-10-26 16:00:00,4.1733159111423035
2025-10-26 17:00:00,4.9594723182929545
2025-10-26 18:00:00,5.670651374652722
2025-10-26 19:00:00,6.25776927770833
2025-10-26 20:00:00,5.656158094471243
2025-10-26 21:00:00,4.789194680142019
2025-10-26 22:00:00,4.027461419561666
2025-10-26 23:00:00,3.1905369013192773
2025-10-27 00:00:00,2.4029154134159008
2025-10-27 01:00:00,2.4210733138466076
2025-10-27 02:00:00,2.47824250163718
2025-10-27 03:00:00,2.6241530421088637
2025-10-27 04:00:00,3.2321605144687418
2025-10-27 05:00:00,3.914538126916577
2025-10-27 06:00:00,4.866110566415704
2025-10-27 07:00:00,5.873684913149999
2025-10-27 08:00:00,6.211079778303237
2025-10-27 09:00:00,5.820519923977998
2025-10-27 10:00:00,4.966245299857983
2025-10-27 11:00:00,3.9404500421119315
2025-10-27 12:00:00,3.293153027217124
2025-10-27 13:00:00,3.051212776615672
2025-10-27 14:00:00,3.2097148114634675
2025-10-27 15:00:00,3.769797429053032
2025-10-27 16:00:00,4.823881519548156
2025-10-27 17:00:00,5.632743855997458
2025-10-27 18:00:00,6.549401177768193
2025-10-27 19:00:00,6.86814224641687
2025-10-27 20:00:00,6.419197989323012
2025-10-27 21:00:00,5.594364602104691
2025-10-27 22:00:00,4.642504867610192
2025-10-27 23:00:00,3.725788593873627
2025-10-28 00:00:00,2.3844529782343478
2025-10-28 01:00:00,2.4427249676440113
2025-10-28 02:00:00,2.556411010014646
2025-10-28 03:00:00,2.806554332768667
2025-10-28 04:00:00,3.211566006075403
2025-10-28 05:00:00,3.740733145333649
2025-10-28 06:00:00,5.020319218347767
2025-10-28 07:00:00,5.801704066937552
2025-10-28 08:00:00,6.295988642626312
2025-10-28 09:00:00,5.868168508094093
2025-10-28 10:00:00,4.948726733362774
2025-10-28 11:00:00,3.9769190766710456
2025-10-28 12:00:00,3.293714318987304
2025-10-28 13:00:00,3.130073766293643
2025-10-28 14:00:00,3.242919864058563
2025-10-28 15:00:00,3.9229805188474414
2025-10-28 16:00:00,4.835516927856561
2025-10-28 17:00:00,5.843838114334921
2025-10-28 18:00:00,6.3542622644885665
2025-10-28 19:00:00,7.061594615515724
2025-10-28 20:00:00,6.529258900736428
2025-10-28 21:00:00,5.848560806061795
2025-10-28 22:00:00,4.648982382410134
2025-10-28 23:00:00,3.7251948707492386
2025-10-29 00:00:00,2.5343483418246966
2025-10-29 01:00:00,2.409715056889846
2025-10-29 02:00:00,2.581992323449501
2025-10-29 03:00:00,2.7235152670504097
2025-10-29 04:00:00,3.1264492130012345
2025-10-29 05:00:00,3.9132943249877408
2025-10-29 06:00:00,4.79218523602773
2025-10-29 07:00:00,5.822363765965407
2025-10-29 08:00:00,6.0593538216128655
2025-10-29 09:00:00,5.780492956061858
2025-10-29 10:00:00,5.022522589805887
2025-10-29 11:00:00,3.975812467812832
2025-10-29 12:00:00,3.173949754496883
2025-10-29 13:00:00,3.077181092329245
2025-10-29 14:00:00,3.219832544399929
2025-10-29 15:00:00,3.7699974837815247
2025-10-29 16:00:00,4.781677854817341
2025-10-29 17:00:00,5.705264287664221
2025-10-29 18:00:00,6.388675038191073
2025-10-29 19:00:00,7.109824839408809
2025-10-29 20:00:00,6.538787927904789
2025-10-29 21:00:00,5.7142181764057
2025-10-29 22:00:00,4.668134467706692
2025-10-29 23:00:00,3.876897270766019
2025-10-30 00:00:00,2.4332198833566085
2025-10-30 01:00:00,2.4013837800724587
2025-10-30 02:00:00,2.51137380677216
2025-10-30 03:00:00,2.8132653390183724
2025-10-30 04:00:00,3.233095370374607
2025-10-30 05:00:00,3.9304804665436803
2025-10-30 06:00:00,5.099008810265455
2025-10-30 07:00:00,5.96213128693405
2025-10-30 08:00:00,6.2136490112207525
2025-10-30 09:00:00,5.857389749209542
2025-10-30 10:00:00,5.006608485044277
2025-10-30 11:00:00,3.923479891300559
2025-10-30 12:00:00,3.2994541524632086
2025-10-30 13:00:00,3.070613493674677
2025-10-30 14:00:00,3.1385102000205065
2025-10-30 15:00:00,3.829683523892032
2025-10-30 16:00:00,4.7232036840847345
2025-10-30 17:00:00,5.892559062195477
2025-10-30 18:00:00,6.354270412449102
2025-10-30 19:00:00,6.862879079264517
2025-10-30 20:00:00,6.533967342789904
2025-10-30 21:00:00,5.883809436998984
2025-10-30 22:00:00,4.742772187158816
2025-10-30 23:00:00,3.957451488199575
2025-10-31 00:00:00,2.4930290881694157
2025-10-31 01:00:00,2.4590289886670544
2025-10-31 02:00:00,2.5595995641161515
2025-10-31 03:00:00,2.722695548747465
2025-10-31 04:00:00,3.236682403514294
2025-10-31 05:00:00,3.8475721940070517
2025-10-31 06:00:00,4.883748169890569
2025-10-31 07:00:00,5.9311914943998705
2025-10-31 08:00:00,6.403767464060966
2025-10-31 09:00:00,5.621293978301878
2025-10-31 10:00:00,5.113504605693855
2025-10-31 11:00:00,3.9809588227490256
2025-10-31 12:00:00,3.1766715124744964
2025-10-31 13:00:00,2.8702138822958196
2025-10-31 14:00:00,3.1505505654823147
2025-10-31 15:00:00,3.8449255387752617
2025-10-31 16:00:00,4.748461651218904
2025-10-31 17:00:00,5.850310229122761
2025-10-31 18:00:00,6.528888736620598
2025-10-31 19:00:00,6.766263553795194
2025-10-31 20:00:00,6.546776105199335
2025-10-31 21:00:00,5.780150075492759
2025-10-31 22:00:00,4.771547197795998
2025-10-31 23:00:00,3.76207993937707
2025-11-01 00:00:00,2.1847703661557887
2025-11-01 01:00:00,2.1357124464378927
2025-11-01 02:00:00,2.1832682259163376
2025-11-01 03:00:00,2.3658162868530463
2025-11-01 04:00:00,2.8351000433483486
2025-11-01 05:00:00,3.4386861667054065
2025-11-01 06:00:00,4.27095611866543
2025-11-01 07:00:00,5.221614023906855
2025-11-01 08:00:00,5.685564325513837
2025-11-01 09:00:00,5.150462730884741
2025-11-01 10:00:00,4.447958225228034
2025-11-01 11:00:00,3.554236847481407
2025-11-01 12:00:00,2.8444055217717685
2025-11-01 13:00:00,2.6648093143722185
2025-11-01 14:00:00,2.7620085224379096
2025-11-01 15:00:00,3.341241308615634
2025-11-01 16:00:00,4.095291444108222
2025-11-01 17:00:00,4.998416117170338
2025-11-01 18:00:00,5.671632896500234
2025-11-01 19:00:00,6.000854241346919
2025-11-01 20:00:00,5.819174528202413
2025-11-01 21:00:00,5.026209958088183
2025-11-01 22:00:00,3.9883060766919955
2025-11-01 23:00:00,3.284280262203832
2025-11-02 00:00:00,2.073958738740088
2025-11-02 01:00:00,2.1659336804255913
2025-11-02 02:00:00,2.236836224559606
2025-11-02 03:00:00,2.3960562583764715
2025-11-02 04:00:00,2.7226642773745384
2025-11-02 05:00:00,3.453367926823032
2025-11-02 06:00:00,4.276156946083422
2025-11-02 07:00:00,4.9933265242470775
2025-11-02 08:00:00,5.514461234931593
2025-11-02 09:00:00,5.195567938417515
2025-11-02 10:00:00,4.408542115279923
2025-11-02 11:00:00,3.4283019778932213
2025-11-02 12:00:00,2.9374160798772198
2025-11-02 13:00:00,2.628347628457071
2025-11-02 14:00:00,2.86224192099152
2025-11-02 15:00:00,3.3096913582191623
2025-11-02 16:00:00,4.114952009402238
2025-11-02 17:00:00,4.77910021594857
2025-11-02 18:00:00,5.704230571882941
2025-11-02 19:00:00,6.026440638339889
2025-11-02 20:00:00,5.691713335259557
2025-11-02 21:00:00,5.1979068138287365
2025-11-02 22:00:00,4.033035307116852
2025-11-02 23:00:00,3.2855132207234217
2025-11-03 00:00:00,2.418937636855305
2025-11-03 01:00:00,2.4544821073328698
2025-11-03 02:00:00,2.603191010751171
2025-11-03 03:00:00,2.826704749956971
2025-11-03 04:00:00,3.141318118572787
2025-11-03 05:00:00,3.9006082096712844
2025-11-03 06:00:00,4.856704253321595
2025-11-03 07:00:00,6.038727940716009
2025-11-03 08:00:00,6.398669010472416
2025-11-03 09:00:00,5.8751351812138095
2025-11-03 10:00:00,4.843792239295608
2025-11-03 11:00:00,3.8926846714078316
2025-11-03 12:00:00,3.316456520642334
2025-11-03 13:00:00,3.0909425640816415
2025-11-03 14:00:00,3.1195603221324495
2025-11-03 15:00:00,3.8265055520571067
2025-11-03 16:00:00,4.914761511941446
2025-11-03 17:00:00,5.759214232634544
2025-11-03 18:00:00,6.806618372413971
2025-11-03 19:00:00,7.018201489079296
2025-11-03 20:00:00,6.46624207799111
2025-11-03 21:00:00,5.74964184036003
2025-11-03 22:00:00,4.74332844883285
2025-11-03 23:00:00,3.7542842436167096
2025-11-04 00:00:00,2.445107175356327
2025-11-04 01:00:00,2.588376505742979
2025-11-04 02:00:00,2.5311255571599607
2025-11-04 03:00:00,2.838864498008897
2025-11-04 04:00:00,3.196558395985377
2025-11-04 05:00:00,4.0039066279304505
2025-11-04 06:00:00,5.088759617810145
2025-11-04 07:00:00,5.885224967229489
2025-11-04 08:00:00,6.406396000099613
2025-11-04 09:00:00,5.715298098313074
2025-11-04 10:00:00,5.087864034463274
2025-11-04 11:00:00,3.84600181512434
2025-11-04 12:00:00,3.330185847743056
2025-11-04 13:00:00,3.1473947382019984
2025-11-04 14:00:00,3.3345821305295362
2025-11-04 15:00:00,3.796854064802943
2025-11-04 16:00:00,4.705838865136678
2025-11-04 17:00:00,5.774067642196971
2025-11-04 18:00:00,6.714977624849968
2025-11-04 19:00:00,6.7275252277609745
2025-11-04 20:00:00,6.688168303364451
2025-11-04 21:00:00,5.890275131623583
2025-11-04 22:00:00,4.78614229192373
2025-11-04 23:00:00,3.914425353599763
2025-11-05 00:00:00,2.520838952413449
2025-11-05 01:00:00,2.5015205859916674
2025-11-05 02:00:00,2.497678578049161
2025-11-05 03:00:00,2.8043724667720173
2025-11-05 04:00:00,3.183711240884286
2025-11-05 05:00:00,3.985247975527117
2025-11-05 06:00:00,5.1133107858724065
2025-11-05 07:00:00,6.165017989351822
2025-11-05 08:00:00,6.3705872376217
2025-11-05 09:00:00,6.064225901086279
2025-11-05 10:00:00,4.929500373991611
2025-11-05 11:00:00,4.091918416623627
2025-11-05 12:00:00,3.362977963132581
2025-11-05 13:00:00,3.191120312778181
2025-11-05 14:00:00,3.2790725217120773
2025-11-05 15:00:00,3.904345103264007
2025-11-05 16:00:00,4.952442248399911
2025-11-05 17:00:00,5.881747700481164
2025-11-05 18:00:00,6.5840299673793705
2025-11-05 19:00:00,7.418065900455702
2025-11-05 20:00:00,6.587981240848799
2025-11-05 21:00:00,5.884071448406808
2025-11-05 22:00:00,4.878128919615815
2025-11-05 23:00:00,3.9196617099002053
2025-11-06 00:00:00,2.5324126210848585
2025-11-06 01:00:00,2.552150163394786
2025-11-06 02:00:00,2.6195244540704588
2025-11-06 03:00:00,2.7698436195116685
2025-11-06 04:00:00,3.4289214229830067
2025-11-06 05:00:00,4.066048183542823
2025-11-06 06:00:00,5.191514345120831
2025-11-06 07:00:00,6.031950642292213
2025-11-06 08:00:00,6.412055344857833
2025-11-06 09:00:00,6.019975706528032
2025-11-06 10:00:00,4.982404202708152
2025-11-06 11:00:00,4.111324121914026
2025-11-06 12:00:00,3.3827856846871875
2025-11-06 13:00:00,3.228741169619627
2025-11-06 14:00:00,3.2774013545266225
2025-11-06 15:00:00,3.9281624025136224
2025-11-06 16:00:00,4.824179782500865
2025-11-06 17:00:00,6.140989387742871
2025-11-06 18:00:00,6.701823221064295
2025-11-06 19:00:00,7.229542144631728
2025-11-06 20:00:00,6.952626944560318
2025-11-06 21:00:00,5.950435042126455
2025-11-06 22:00:00,4.772053568552165
2025-11-06 23:00:00,3.841459559247075
2025-11-07 00:00:00,2.6068858280486586
2025-11-07 01:00:00,2.51742307622839
2025-11-07 02:00:00,2.674186276531542
2025-11-07 03:00:00,2.862740606392643
2025-11-07 04:00:00,3.3393874833289057
2025-11-07 05:00:00,4.156200287791595
2025-11-07 06:00:00,5.075577094094562
2025-11-07 07:00:00,6.002735455809272
2025-11-07 08:00:00,6.603701934527216
2025-11-07 09:00:00,6.047831245321635
2025-11-07 10:00:00,4.898647828864172
2025-11-07 11:00:00,4.212208393023662
2025-11-07 12:00:00,3.3671364739606524
2025-11-07 13:00:00,3.2102992028576445
2025-11-07 14:00:00,3.479484305912175
2025-11-07 15:00:00,4.0078289489571866
2025-11-07 16:00:00,5.0511968455707805
2025-11-07 17:00:00,6.036036047027546
2025-11-07 18:00:00,7.094419066032196
2025-11-07 19:00:00,7.054418446298589
2025-11-07 20:00:00,6.874854937499415
2025-11-07 21:00:00,6.0976116140792485
2025-11-07 22:00:00,4.928409655035278
2025-11-07 23:00:00,4.073204781270688
2025-11-08 00:00:00,2.2172821940229066
2025-11-08 01:00:00,2.347094412386119
2025-11-08 02:00:00,2.4139307021666774
2025-11-08 03:00:00,2.5067170765585174
2025-11-08 04:00:00,2.924483184373397
2025-11-08 05:00:00,3.678926284476683
2025-11-08 06:00:00,4.406642854570049
2025-11-08 07:00:00,5.202720141780885
2025-11-08 08:00:00,5.824681291511041
2025-11-08 09:00:00,5.3746026631012285
2025-11-08 10:00:00,4.503458399625804
2025-11-08 11:00:00,3.629776891063444
2025-11-08 12:00:00,2.8575424230718065
2025-11-08 13:00:00,2.7651630275530934
2025-11-08 14:00:00,2.9098059983570463
2025-11-08 15:00:00,3.5607197927825536
2025-11-08 16:00:00,4.408189778369234
2025-11-08 17:00:00,5.312152943946932
2025-11-08 18:00:00,6.0483456688908435
2025-11-08 19:00:00,6.101739990604657
2025-11-08 20:00:00,6.071658609054234
2025-11-08 21:00:00,5.316878913607856
2025-11-08 22:00:00,4.425060656028734
2025-11-08 23:00:00,3.6218754060966774
2025-11-09 00:00:00,2.184547219492245
2025-11-09 01:00:00,2.260779921875043
2025-11-09 02:00:00,2.3062373647205363
2025-11-09 03:00:00,2.5286309981493584
2025-11-09 04:00:00,2.9249572092734755
2025-11-09 05:00:00,3.615607635069055
2025-11-09 06:00:00,4.657005913816301
2025-11-09 07:00:00,5.282412710412658
2025-11-09 08:00:00,5.624486355076246
2025-11-09 09:00:00,5.29312117190419
2025-11-09 10:00:00,4.5405078078933725
2025-11-09 11:00:00,3.5785421025959776
2025-11-09 12:00:00,3.030636222842307
2025-11-09 13:00:00,2.796834659338187
2025-11-09 14:00:00,2.9396544724956897
2025-11-09 15:00:00,3.5965594286834524
2025-11-09 16:00:00,4.364282012708226
2025-11-09 17:00:00,5.4218946874904805
2025-11-09 18:00:00,6.042897265504596
2025-11-09 19:00:00,6.355877231350162
2025-11-09 20:00:00,5.998168534454061
2025-11-09 21:00:00,5.307503644122075
2025-11-09 22:00:00,4.426967332993411
2025-11-09 23:00:00,3.483805812973212
2025-11-10 00:00:00,2.6316274074193178
2025-11-10 01:00:00,2.5819961297190774
2025-11-10 02:00:00,2.7376023306067183
2025-11-10 03:00:00,2.8691318962902104
2025-11-10 04:00:00,3.425829278109588
2025-11-10 05:00:00,4.189632059609479
2025-11-10 06:00:00,5.416425760480169
2025-11-10 07:00:00,6.078434266081854
2025-11-10 08:00:00,6.421458932996688
2025-11-10 09:00:00,6.148117601288331
2025-11-10 10:00:00,5.122436422616639
2025-11-10 11:00:00,4.1092128495648135
2025-11-10 12:00:00,3.5379250933883077
2025-11-10 13:00:00,3.23219533924585
2025-11-10 14:00:00,3.407398220089309
2025-11-10 15:00:00,4.040326462857265
2025-11-10 16:00:00,4.973228901532598
2025-11-10 17:00:00,6.3175468563656345
2025-11-10 18:00:00,6.8854768336487675
2025-11-10 19:00:00,7.131395513724235
2025-11-10 20:00:00,7.099403866365857
2025-11-10 21:00:00,6.088365515916108
2025-11-10 22:00:00,5.232966355806899
2025-11-10 23:00:00,4.0038152271133285
2025-11-11 00:00:00,2.6612321588373664
2025-11-11 01:00:00,2.6941637130746465
2025-11-11 02:00:00,2.6811816105232715
2025-11-11 03:00:00,2.8732075261414045
2025-11-11 04:00:00,3.4345826028539967
2025-11-11 05:00:00,4.252682153146554
2025-11-11 06:00:00,5.132414712898125
2025-11-11 07:00:00,6.110418510591086
2025-11-11 08:00:00,6.3108882880500365
2025-11-11 09:00:00,6.3287818761796535
2025-11-11 10:00:00,5.265553532254445
2025-11-11 11:00:00,4.232322976720972
2025-11-11 12:00:00,3.3922561438346404
2025-11-11 13:00:00,3.1764425136187038
2025-11-11 14:00:00,3.4236502242214666
2025-11-11 15:00:00,4.036107052566857
2025-11-11 16:00:00,5.069100731037806
2025-11-11 17:00:00,6.216343984191113
2025-11-11 18:00:00,7.340077876511232
2025-11-11 19:00:00,7.356826090921374
2025-11-11 20:00:00,7.177862191855811
2025-11-11 21:00:00,6.041720645446553
2025-11-11 22:00:00,4.882526715407533
2025-11-11 23:00:00,4.036912360670285
2025-11-12 00:00:00,2.528329393360019
2025-11-12 01:00:00,2.6326528271072926
2025-11-12 02:00:00,2.66187472711682
2025-11-12 03:00:00,2.7970154642138008
2025-11-12 04:00:00,3.4949954130993404
2025-11-12 05:00:00,4.150928256136537
2025-11-12 06:00:00,5.098350761113779
2025-11-12 07:00:00,6.351241745230866
2025-11-12 08:00:00,6.538326625797506
2025-11-12 09:00:00,6.378055080450166
2025-11-12 10:00:00,5.2053338843217665
2025-11-12 11:00:00,4.1918668685600595
2025-11-12 12:00:00,3.5282651937374787
2025-11-12 13:00:00,3.2798149999503927
2025-11-12 14:00:00,3.502892342374881
2025-11-12 15:00:00,4.075713077818519
2025-11-12 16:00:00,5.100558860418747
2025-11-12 17:00:00,6.223960347854275
2025-11-12 18:00:00,7.03561023508838
2025-11-12 19:00:00,7.324285270665431
2025-11-12 20:00:00,6.804816125365722
2025-11-12 21:00:00,6.205051138647717
2025-11-12 22:00:00,5.046034245792896
2025-11-12 23:00:00,4.0239667793889495
2025-11-13 00:00:00,2.6813445811164565
2025-11-13 01:00:00,2.5594067485263214
2025-11-13 02:00:00,2.7959272619849136
2025-11-13 03:00:00,2.912542437654502
2025-11-13 04:00:00,3.4027374713543033
2025-11-13 05:00:00,4.167258622640761
2025-11-13 06:00:00,5.100594724295417
2025-11-13 07:00:00,6.22827546949734
2025-11-13 08:00:00,6.686446724587883
2025-11-13 09:00:00,6.333020463184385
2025-11-13 10:00:00,5.267422139458815
2025-11-13 11:00:00,4.056136892631153
2025-11-13 12:00:00,3.399621193777745
2025-11-13 13:00:00,3.3779272917937155
2025-11-13 14:00:00,3.378029372578983
2025-11-13 15:00:00,4.203984141183345
2025-11-13 16:00:00,4.958107305570133
2025-11-13 17:00:00,6.116544992544633
2025-11-13 18:00:00,7.1025718261305215
2025-11-13 19:00:00,7.232336395463375
2025-11-13 20:00:00,7.238105842315209
2025-11-13 21:00:00,6.147306845535866
2025-11-13 22:00:00,5.093593434369289
2025-11-13 23:00:00,4.040052263227196
2025-11-14 00:00:00,2.640980670648453
2025-11-14 01:00:00,2.7096330934412483
2025-11-14 02:00:00,2.6916670524547763
2025-11-14 03:00:00,3.005545516531716
2025-11-14 04:00:00,3.3298272521419423
2025-11-14 05:00:00,4.251767631884239
2025-11-14 06:00:00,5.3120597439273345
2025-11-14 07:00:00,6.093789100309312
2025-11-14 08:00:00,6.650252991930804
2025-11-14 09:00:00,6.230574442344547
2025-11-14 10:00:00,5.1824416783980904
2025-11-14 11:00:00,4.259640079267299
2025-11-14 12:00:00,3.507424162395922
2025-11-14 13:00:00,3.230273203274038
2025-11-14 14:00:00,3.438346928497748
2025-11-14 15:00:00,4.067657892245144
2025-11-14 16:00:00,5.000206239141125
2025-11-14 17:00:00,6.137538531631157
2025-11-14 18:00:00,6.903621937135177
2025-11-14 19:00:00,7.720293843780775
2025-11-14 20:00:00,6.796433802058097
2025-11-14 21:00:00,6.047922456268948
2025-11-14 22:00:00,4.980947945471888
2025-11-14 23:00:00,4.214795524754999
2025-11-15 00:00:00,2.225722700497081
2025-11-15 01:00:00,2.3232922534861964
2025-11-15 02:00:00,2.378625302848388
2025-11-15 03:00:00,2.5647907257977822
2025-11-15 04:00:00,3.0296015507385343
2025-11-15 05:00:00,3.7620776322814997
2025-11-15 06:00:00,4.572051879560269
2025-11-15 07:00:00,5.482293158527328
2025-11-15 08:00:00,5.591067710583872
2025-11-15 09:00:00,5.474376371421509
2025-11-15 10:00:00,4.550592462786967
2025-11-15 11:00:00,3.695414610473225
2025-11-15 12:00:00,2.963731156836263
2025-11-15 13:00:00,2.860114293759957
2025-11-15 14:00:00,2.9171879923617006
2025-11-15 15:00:00,3.584459684621108
2025-11-15 16:00:00,4.309412471558459
2025-11-15 17:00:00,5.276533649774456
2025-11-15 18:00:00,6.2752753000539805
2025-11-15 19:00:00,6.504842319638512
2025-11-15 20:00:00,6.274480644710326
2025-11-15 21:00:00,5.534346982783044
2025-11-15 22:00:00,4.344828693215388
2025-11-15 23:00:00,3.6580053874634575
2025-11-16 00:00:00,2.207115047602991
2025-11-16 01:00:00,2.325441632167245
2025-11-16 02:00:00,2.330881908044191
2025-11-16 03:00:00,2.4869101694629263
2025-11-16 04:00:00,2.9766985543108833
2025-11-16 05:00:00,3.7220094557948538
2025-11-16 06:00:00,4.672794587327435
2025-11-16 07:00:00,5.455007204729396
2025-11-16 08:00:00,5.791527334114206
2025-11-16 09:00:00,5.491360188209802
2025-11-16 10:00:00,4.627037786724536
2025-11-16 11:00:00,3.729192077773126
2025-11-16 12:00:00,3.0630300409975244
2025-11-16 13:00:00,2.869412374420591
2025-11-16 14:00:00,2.9056303738369715
2025-11-16 15:00:00,3.5452647418911876
2025-11-16 16:00:00,4.272357264362506
2025-11-16 17:00:00,5.368359301061582
2025-11-16 18:00:00,6.3008945333411415
2025-11-16 19:00:00,6.333959080587418
2025-11-16 20:00:00,6.115973352594791
2025-11-16 21:00:00,5.4187623260103965
2025-11-16 22:00:00,4.207738111858715
2025-11-16 23:00:00,3.495503373529092
2025-11-17 00:00:00,2.6528925997062367
2025-11-17 01:00:00,2.5001837636020454
2025-11-17 02:00:00,2.673491138032107
2025-11-17 03:00:00,2.9998216327513965
2025-11-17 04:00:00,3.4743726995524047
2025-11-17 05:00:00,4.262908826448506
2025-11-17 06:00:00,5.408976036427294
2025-11-17 07:00:00,6.318558137676309
2025-11-17 08:00:00,6.764979743658137
2025-11-17 09:00:00,6.254573328339067
2025-11-17 10:00:00,5.339466724585389
2025-11-17 11:00:00,4.219205550539693
2025-11-17 12:00:00,3.6227769601906776
2025-11-17 13:00:00,3.3680085754267224
2025-11-17 14:00:00,3.574811258358938
2025-11-17 15:00:00,4.083679110330847
2025-11-17 16:00:00,4.992442898511162
2025-11-17 17:00:00,6.341875661075971
2025-11-17 18:00:00,7.143138969584994
2025-11-17 19:00:00,7.455521073935463
2025-11-17 20:00:00,6.976593304570808
2025-11-17 21:00:00,6.235635452133069
2025-11-17 22:00:00,4.97371359919872
2025-11-17 23:00:00,4.143447832120989
2025-11-18 00:00:00,2.7100563694987274
2025-11-18 01:00:00,2.744308063234525
2025-11-18 02:00:00,2.7692155771685187
2025-11-18 03:00:00,2.858003563034587
2025-11-18 04:00:00,3.424206562290374
2025-11-18 05:00:00,4.418388167057816
2025-11-18 06:00:00,5.230062301230857
2025-11-18 07:00:00,6.292712654760411
2025-11-18 08:00:00,6.8892984175418865
2025-11-18 09:00:00,6.380787586763257
2025-11-18 10:00:00,5.599082354692699
2025-11-18 11:00:00,4.216424286480866
2025-11-18 12:00:00,3.4683185519693858
2025-11-18 13:00:00,3.3531838814866743
2025-11-18 14:00:00,3.400281565989202
2025-11-18 15:00:00,4.106738914232712
2025-11-18 16:00:00,5.089856883891689
2025-11-18 17:00:00,6.320777532795472
2025-11-18 18:00:00,7.162949290099201
2025-11-18 19:00:00,7.484863763840485
2025-11-18 20:00:00,7.018935491233423
2025-11-18 21:00:00,6.341980947100757
2025-11-18 22:00:00,5.500994526023097
2025-11-18 23:00:00,4.15385188930919
2025-11-19 00:00:00,2.6688801734953924
2025-11-19 01:00:00,2.6143908594312473
2025-11-19 02:00:00,2.7225361944748254
2025-11-19 03:00:00,2.955807779256621
2025-11-19 04:00:00,3.4078574181744736
2025-11-19 05:00:00,4.277858143653066
2025-11-19 06:00:00,5.566648350460618
2025-11-19 07:00:00,6.521577555368324
2025-11-19 08:00:00,6.745068785694481
2025-11-19 09:00:00,6.211885208155743
2025-11-19 10:00:00,5.531665211864042
2025-11-19 11:00:00,4.317489683370359
2025-11-19 12:00:00,3.450177611242338
2025-11-19 13:00:00,3.3527239442374697
2025-11-19 14:00:00,3.590441017993132
2025-11-19 15:00:00,3.9619649267250407
2025-11-19 16:00:00,5.0623829880637325
2025-11-19 17:00:00,6.2402799578594
2025-11-19 18:00:00,7.251418176625335
2025-11-19 19:00:00,7.413605879727735
2025-11-19 20:00:00,7.027368140325474
2025-11-19 21:00:00,6.344083725964548
2025-11-19 22:00:00,5.093583229175637
2025-11-19 23:00:00,4.182839309305694
2025-11-20 00:00:00,2.621465006992274
2025-11-20 01:00:00,2.628620049182806
2025-11-20 02:00:00,2.81773916094974
2025-11-20 03:00:00,3.003084622192869
2025-11-20 04:00:00,3.531283071818126
2025-11-20 05:00:00,4.261460760642893
2025-11-20 06:00:00,5.324759396419321
2025-11-20 07:00:00,6.578959247420736
2025-11-20 08:00:00,6.603551717755424
2025-11-20 09:00:00,6.567904678955217
2025-11-20 10:00:00,5.566170571337827
2025-11-20 11:00:00,4.424946395653572
2025-11-20 12:00:00,3.547564344760978
2025-11-20 13:00:00,3.272999165546744
2025-11-20 14:00:00,3.5264999254148015
2025-11-20 15:00:00,4.082785997104513
2025-11-20 16:00:00,5.081424252382582
2025-11-20 17:00:00,6.37634958792721
2025-11-20 18:00:00,7.286796514774608
2025-11-20 19:00:00,7.3817994314828175
2025-11-20 20:00:00,7.2905130011306065
2025-11-20 21:00:00,6.351404788909005
2025-11-20 22:00:00,5.331805036412587
2025-11-20 23:00:00,4.212569951155234
2025-11-21 00:00:00,2.7722271413559834
2025-11-21 01:00:00,2.7617386640999384
2025-11-21 02:00:00,2.86577083256742
2025-11-21 03:00:00,2.947651502679412
2025-11-21 04:00:00,3.5023297034230745
2025-11-21 05:00:00,4.358059932639544
2025-11-21 06:00:00,5.452076010010302
2025-11-21 07:00:00,6.542703230335344
2025-11-21 08:00:00,6.9840855466001885
2025-11-21 09:00:00,6.53893443425345
2025-11-21 10:00:00,5.471652826002146
2025-11-21 11:00:00,4.3399579650151985
2025-11-21 12:00:00,3.722164232538987
2025-11-21 13:00:00,3.3927075312743047
2025-11-21 14:00:00,3.5128199351947096
2025-11-21 15:00:00,4.227565935071149
2025-11-21 16:00:00,5.063259632280328
2025-11-21 17:00:00,6.378778501919385
2025-11-21 18:00:00,7.254856427317237
2025-11-21 19:00:00,7.547093192136559
2025-11-21 20:00:00,7.514452844669387
2025-11-21 21:00:00,6.225926782728667
2025-11-21 22:00:00,5.3145802060614535
2025-11-21 23:00:00,4.40193950411221
2025-11-22 00:00:00,2.4244172110169355
2025-11-22 01:00:00,2.3900334655249718
2025-11-22 02:00:00,2.401419545884766
2025-11-22 03:00:00,2.572924763362961
2025-11-22 04:00:00,3.0440089140695386
2025-11-22 05:00:00,3.7604773166085494
2025-11-22 06:00:00,4.720723696024971
2025-11-22 07:00:00,5.632415730297746
2025-11-22 08:00:00,6.016787513263834
2025-11-22 09:00:00,5.726997391056279
2025-11-22 10:00:00,4.681565727148057
2025-11-22 11:00:00,3.7981875953219744
2025-11-22 12:00:00,3.1739425972604756
2025-11-22 13:00:00,2.9338479057595985
2025-11-22 14:00:00,3.2499709437176643
2025-11-22 15:00:00,3.7274191543325537
2025-11-22 16:00:00,4.438289300454342
2025-11-22 17:00:00,5.619105765237359
2025-11-22 18:00:00,6.4370796779367785
2025-11-22 19:00:00,6.657785122490156
2025-11-22 20:00:00,6.2129449628341105
2025-11-22 21:00:00,5.767554826357207
2025-11-22 22:00:00,4.483344627933846
2025-11-22 23:00:00,3.735731044035848
2025-11-23 00:00:00,2.361865571209093
2025-11-23 01:00:00,2.399036204075411
2025-11-23 02:00:00,2.5187283480673406
2025-11-23 03:00:00,2.651211640878126
2025-11-23 04:00:00,3.008340002560923
2025-11-23 05:00:00,3.8629999506306514
2025-11-23 06:00:00,4.687687661960358
2025-11-23 07:00:00,5.63803755977875
2025-11-23 08:00:00,5.821643990890056
2025-11-23 09:00:00,5.505986300173865
2025-11-23 10:00:00,4.763160720602156
2025-11-23 11:00:00,3.8450312823995096
2025-11-23 12:00:00,3.0487031079243283
2025-11-23 13:00:00,2.948548346377124
2025-11-23 14:00:00,3.0563939817502277
2025-11-23 15:00:00,3.7717450297191584
2025-11-23 16:00:00,4.514042002870012
2025-11-23 17:00:00,5.399460455486966
2025-11-23 18:00:00,6.321268515509136
2025-11-23 19:00:00,6.494671217275186
2025-11-23 20:00:00,6.471763345934299
2025-11-23 21:00:00,5.522805108588159
2025-11-23 22:00:00,4.5273884133232905
2025-11-23 23:00:00,3.6979008128011617
2025-11-24 00:00:00,2.6549151420769306
2025-11-24 01:00:00,2.659820929961824
2025-11-24 02:00:00,2.8280238866876166
2025-11-24 03:00:00,2.9531291092432133
2025-11-24 04:00:00,3.4268325798787957
2025-11-24 05:00:00,4.425660574836249
2025-11-24 06:00:00,5.525346015974454
2025-11-24 07:00:00,6.309973426036004
2025-11-24 08:00:00,6.797685808509014
2025-11-24 09:00:00,6.3581387854258695
2025-11-24 10:00:00,5.674893178649949
2025-11-24 11:00:00,4.475699096099278
2025-11-24 12:00:00,3.6044251895933095
2025-11-24 13:00:00,3.4012123677021826
2025-11-24 14:00:00,3.481695464864911
2025-11-24 15:00:00,4.178613146205072
2025-11-24 16:00:00,5.2467552175976016
2025-11-24 17:00:00,6.419173602050367
2025-11-24 18:00:00,7.255149356239228
2025-11-24 19:00:00,7.6574751274372375
2025-11-24 20:00:00,7.280572569827662
2025-11-24 21:00:00,6.339855558963936
2025-11-24 22:00:00,5.199177724205858
2025-11-24 23:00:00,4.173247628650191
2025-11-25 00:00:00,2.710329613555157
2025-11-25 01:00:00,2.740906441606438
2025-11-25 02:00:00,2.8042314990396333
2025-11-25 03:00:00,2.935787859157113
2025-11-25 04:00:00,3.4192705424909393
2025-11-25 05:00:00,4.368827908297091
2025-11-25 06:00:00,5.6048585653368805
2025-11-25 07:00:00,6.4643170078784875
2025-11-25 08:00:00,6.79713137475341
2025-11-25 09:00:00,6.476487398912162
2025-11-25 10:00:00,5.332759472210949
2025-11-25 11:00:00,4.491885238559359
2025-11-25 12:00:00,3.633024962394921
2025-11-25 13:00:00,3.30329421937284
2025-11-25 14:00:00,3.551613872830757
2025-11-25 15:00:00,4.1730735586844565
2025-11-25 16:00:00,5.350210077770701
2025-11-25 17:00:00,6.3088807525130415
2025-11-25 18:00:00,7.260806517388998
2025-11-25 19:00:00,7.674240704763731
2025-11-25 20:00:00,7.1309444636304455
2025-11-25 21:00:00,6.358073734338124
2025-11-25 22:00:00,5.236433133695862
2025-11-25 23:00:00,4.060911224512633
2025-11-26 00:00:00,2.7138396510075946
2025-11-26 01:00:00,2.7184757193690885
2025-11-26 02:00:00,2.802879239992353
2025-11-26 03:00:00,3.011455273342488
2025-11-26 04:00:00,3.5101512148303406
2025-11-26 05:00:00,4.454100983613553
2025-11-26 06:00:00,5.320851772594449
2025-11-26 07:00:00,6.406212136869797
2025-11-26 08:00:00,6.951054946780991
2025-11-26 09:00:00,6.515312137549401
2025-11-26 10:00:00,5.51182022005427
2025-11-26 11:00:00,4.622427730275111
2025-11-26 12:00:00,3.667204377372466
2025-11-26 13:00:00,3.4268709830890676
2025-11-26 14:00:00,3.54473805161029
2025-11-26 15:00:00,4.137420277129896
2025-11-26 16:00:00,5.185236611601991
2025-11-26 17:00:00,6.430363769903346
2025-11-26 18:00:00,7.303641752614157
2025-11-26 19:00:00,7.655113719972175
2025-11-26 20:00:00,7.213503860966995
2025-11-26 21:00:00,6.2917274138012145
2025-11-26 22:00:00,5.1936892228869525
2025-11-26 23:00:00,4.255655601865053
2025-11-27 00:00:00,2.783001084140527
2025-11-27 01:00:00,2.7025309895213874
2025-11-27 02:00:00,2.8769044393293055
2025-11-27 03:00:00,3.010611137432751
2025-11-27 04:00:00,3.572821727810621
2025-11-27 05:00:00,4.380290140495648
2025-11-27 06:00:00,5.69662292818432
2025-11-27 07:00:00,6.483561249267115
2025-11-27 08:00:00,6.977892094824392
2025-11-27 09:00:00,6.620515752901982
2025-11-27 10:00:00,5.439280904753784
2025-11-27 11:00:00,4.434368050007495
2025-11-27 12:00:00,3.652484485375392
2025-11-27 13:00:00,3.3618225825198973
2025-11-27 14:00:00,3.5834396310043948
2025-11-27 15:00:00,4.373917126110453
2025-11-27 16:00:00,5.225812395891463
2025-11-27 17:00:00,6.499262143473262
2025-11-27 18:00:00,7.389599185209062
2025-11-27 19:00:00,7.4822661998881745
2025-11-27 20:00:00,7.419506957960665
2025-11-27 21:00:00,6.243831922884412
2025-11-27 22:00:00,5.349822304233515
2025-11-27 23:00:00,4.208892310814501
2025-11-28 00:00:00,2.7563367730980017
2025-11-28 01:00:00,2.705190659483974
2025-11-28 02:00:00,2.8602465467082765
2025-11-28 03:00:00,3.128308026247772
2025-11-28 04:00:00,3.5065409845836712
2025-11-28 05:00:00,4.373764507358316
2025-11-28 06:00:00,5.612349946261688
2025-11-28 07:00:00,6.6465194091301205
2025-11-28 08:00:00,6.660220157682109
2025-11-28 09:00:00,6.851800377710995
2025-11-28 10:00:00,5.633192210122822
2025-11-28 11:00:00,4.533823091377638
2025-11-28 12:00:00,3.6867994689624
2025-11-28 13:00:00,3.293265836000606
2025-11-28 14:00:00,3.689314909578604
2025-11-28 15:00:00,4.259596109705655
2025-11-28 16:00:00,5.3835795004459355
2025-11-28 17:00:00,6.442512753446045
2025-11-28 18:00:00,7.429294386591773
2025-11-28 19:00:00,7.630335636277958
2025-11-28 20:00:00,7.521780577458187
2025-11-28 21:00:00,6.316069803777471
2025-11-28 22:00:00,5.558853760784466
2025-11-28 23:00:00,4.473009438900729
2025-11-29 00:00:00,2.4722115311309842
2025-11-29 01:00:00,2.4739950617000126
2025-11-29 02:00:00,2.4744458909497533
2025-11-29 03:00:00,2.730355118925492
2025-11-29 04:00:00,3.090155388074605
2025-11-29 05:00:00,3.7267040169505856
2025-11-29 06:00:00,4.976788801439321
2025-11-29 07:00:00,5.848105704022445
2025-11-29 08:00:00,6.078025155302697
2025-11-29 09:00:00,5.581353563372294
2025-11-29 10:00:00,4.785608235462303
2025-11-29 11:00:00,3.7429210520295872
2025-11-29 12:00:00,3.272664825380558
2025-11-29 13:00:00,2.875846140065007
2025-11-29 14:00:00,3.1803858297501835
2025-11-29 15:00:00,3.6794759729679263
2025-11-29 16:00:00,4.494391282933381
2025-11-29 17:00:00,5.648024054551108
2025-11-29 18:00:00,6.380386911651252
2025-11-29 19:00:00,6.845720264421459
2025-11-29 20:00:00,6.260309051078051
2025-11-29 21:00:00,5.535241970958587
2025-11-29 22:00:00,4.400749638967808
2025-11-29 23:00:00,3.556763479113368
2025-11-30 00:00:00,2.4737637594083557
2025-11-30 01:00:00,2.5065299925812305
2025-11-30 02:00:00,2.4768542277521908
2025-11-30 03:00:00,2.617402813689795
2025-11-30 04:00:00,3.0697235239080616
2025-11-30 05:00:00,3.903352073446526
2025-11-30 06:00:00,4.769542745750813
2025-11-30 07:00:00,5.731409056749719
2025-11-30 08:00:00,6.0646647410576
2025-11-30 09:00:00,5.641930897317502
2025-11-30 10:00:00,4.779110274251547
2025-11-30 11:00:00,3.8971518993755323
2025-11-30 12:00:00,3.1411087426112063
2025-11-30 13:00:00,2.9902593588635886
2025-11-30 14:00:00,3.1243728047387203
2025-11-30 15:00:00,3.7425227198316864
2025-11-30 16:00:00,4.742242038842297
2025-11-30 17:00:00,5.587925322822835
2025-11-30 18:00:00,6.524626057753663
2025-11-30 19:00:00,6.4748649979073285
2025-11-30 20:00:00,6.346378764064153
2025-11-30 21:00:00,5.609034914960607
2025-11-30 22:00:00,4.786877784276301
2025-11-30 23:00:00,3.5642745277929695
2025-12-01 00:00:00,2.752306938816376
2025-12-01 01:00:00,2.859785618104737
2025-12-01 02:00:00,2.8102360748309767
2025-12-01 03:00:00,3.060221994761607
2025-12-01 04:00:00,3.5899712567665842
2025-12-01 05:00:00,4.446669646565469
2025-12-01 06:00:00,5.739565752715217
2025-12-01 07:00:00,6.646606640779093
2025-12-01 08:00:00,7.19150425209878
2025-12-01 09:00:00,6.543018310915542
2025-12-01 10:00:00,5.495170979342827
2025-12-01 11:00:00,4.45411775991183
2025-12-01 12:00:00,3.6139774817617947
2025-12-01 13:00:00,3.4554297980453286
2025-12-01 14:00:00,3.6143765085947033
2025-12-01 15:00:00,4.253090569538393
2025-12-01 16:00:00,5.382148540961606
2025-12-01 17:00:00,6.326799892624985
2025-12-01 18:00:00,7.512769685042958
2025-12-01 19:00:00,7.681160361299071
2025-12-01 20:00:00,7.5701315110002385
2025-12-01 21:00:00,6.423070400266995
2025-12-01 22:00:00,5.390559201225045
2025-12-01 23:00:00,4.299463833696147
2025-12-02 00:00:00,2.790410590990121
2025-12-02 01:00:00,2.7767482231501415
2025-12-02 02:00:00,2.7519626562567683
2025-12-02 03:00:00,3.1260904453530416
2025-12-02 04:00:00,3.5495858652784595
2025-12-02 05:00:00,4.487042512944637
2025-12-02 06:00:00,5.625522245380349
2025-12-02 07:00:00,6.466564563339042
2025-12-02 08:00:00,6.857074145311677
2025-12-02 09:00:00,6.657217087400402
2025-12-02 10:00:00,5.527647630438634
2025-12-02 11:00:00,4.544709753017734
2025-12-02 12:00:00,3.6757175883299165
2025-12-02 13:00:00,3.482113428316255
2025-12-02 14:00:00,3.6625225259663368
2025-12-02 15:00:00,4.323090547471462
2025-12-02 16:00:00,5.273584770166335
2025-12-02 17:00:00,6.485877640867805
2025-12-02 18:00:00,7.5529892403735985
2025-12-02 19:00:00,7.724161995981492
2025-12-02 20:00:00,7.455226974231263
2025-12-02 21:00:00,6.460867526318216
2025-12-02 22:00:00,5.320854536638841
2025-12-02 23:00:00,4.418710056040072
2025-12-03 00:00:00,2.8194332987193262
2025-12-03 01:00:00,2.778847068564828
2025-12-03 02:00:00,2.8627808008667057
2025-12-03 03:00:00,3.0253795351270507
2025-12-03 04:00:00,3.548361665846886
2025-12-03 05:00:00,4.450698389106942
2025-12-03 06:00:00,5.651029537753966
2025-12-03 07:00:00,6.675674911179821
2025-12-03 08:00:00,6.839239230772062
2025-12-03 09:00:00,6.708638925445957
2025-12-03 10:00:00,5.559087763464298
2025-12-03 11:00:00,4.379070668946269
2025-12-03 12:00:00,3.7926341208681924
2025-12-03 13:00:00,3.516930823051458
2025-12-03 14:00:00,3.6559209572818245
2025-12-03 15:00:00,4.3652226395984
2025-12-03 16:00:00,5.402254469143595
2025-12-03 17:00:00,6.645151940765444
2025-12-03 18:00:00,7.494640365753872
2025-12-03 19:00:00,7.537502065743076
2025-12-03 20:00:00,7.683863876259809
2025-12-03 21:00:00,6.601463086270274
2025-12-03 22:00:00,5.260717689810845
2025-12-03 23:00:00,4.189234920307073
2025-12-04 00:00:00,2.802560362279373
2025-12-04 01:00:00,2.7803330949751954
2025-12-04 02:00:00,2.891553656806696
2025-12-04 03:00:00,3.1381526139342126
2025-12-04 04:00:00,3.547560225083879
2025-12-04 05:00:00,4.358026197249761
2025-12-04 06:00:00,5.642670780023708
2025-12-04 07:00:00,6.5572687348871055
2025-12-04 08:00:00,7.069086843773427
2025-12-04 09:00:00,6.452792814727682
2025-12-04 10:00:00,5.583729040408217
2025-12-04 11:00:00,4.566165246909153
2025-12-04 12:00:00,3.7675767980854933
2025-12-04 13:00:00,3.389059887152102
2025-12-04 14:00:00,3.5792259265291357
2025-12-04 15:00:00,4.338854032061812
2025-12-04 16:00:00,5.421889296867921
2025-12-04 17:00:00,6.5674634337424305
2025-12-04 18:00:00,7.367938392883657
2025-12-04 19:00:00,7.849458288565843
2025-12-04 20:00:00,7.66772486542644
2025-12-04 21:00:00,6.540403077903401
2025-12-04 22:00:00,5.181031166923057
2025-12-04 23:00:00,4.327904850614362
2025-12-05 00:00:00,2.923367828382777
2025-12-05 01:00:00,2.7572925886983257
2025-12-05 02:00:00,2.9095339425211155
2025-12-05 03:00:00,3.115910718074122
2025-12-05 04:00:00,3.6391578310213903
2025-12-05 05:00:00,4.529695397278211
2025-12-05 06:00:00,5.797327436796053
2025-12-05 07:00:00,6.720592515232178
2025-12-05 08:00:00,7.317149828496907
2025-12-05 09:00:00,6.69642658881545
2025-12-05 10:00:00,5.64104171311471
2025-12-05 11:00:00,4.49598511461336
2025-12-05 12:00:00,3.6311541338933875
2025-12-05 13:00:00,3.5047832631721225
2025-12-05 14:00:00,3.862175566058418
2025-12-05 15:00:00,4.430891795684829
2025-12-05 16:00:00,5.501993615594409
2025-12-05 17:00:00,6.540049648465835
2025-12-05 18:00:00,7.498613769459312
2025-12-05 19:00:00,8.05417024025033
2025-12-05 20:00:00,7.838019221712483
2025-12-05 21:00:00,6.789735001568796
2025-12-05 22:00:00,5.508937930333828
2025-12-05 23:00:00,4.36628884047056
2025-12-06 00:00:00,2.472428894436955
2025-12-06 01:00:00,2.4436535465675195
2025-12-06 02:00:00,2.475277005868603
2025-12-06 03:00:00,2.6821251890461073
2025-12-06 04:00:00,3.1873082632822607
2025-12-06 05:00:00,3.9324592772298432
2025-12-06 06:00:00,4.82286936084544
2025-12-06 07:00:00,5.877198075328449
2025-12-06 08:00:00,6.214916756537242
2025-12-06 09:00:00,5.746196961030827
2025-12-06 10:00:00,4.943184604820047
2025-12-06 11:00:00,3.9691972216154596
2025-12-06 12:00:00,3.26253484390497
2025-12-06 13:00:00,3.112221394461808
2025-12-06 14:00:00,3.128381042104135
2025-12-06 15:00:00,3.6961676172842512
2025-12-06 16:00:00,4.758247946784457
2025-12-06 17:00:00,5.792159389298948
2025-12-06 18:00:00,6.659293535451701
2025-12-06 19:00:00,6.849634953197122
2025-12-06 20:00:00,6.484495159860511
2025-12-06 21:00:00,5.779317577427026
2025-12-06 22:00:00,4.7108542396788256
2025-12-06 23:00:00,3.943644992925296
2025-12-07 00:00:00,2.420774502073784
2025-12-07 01:00:00,2.4527077867472307
2025-12-07 02:00:00,2.6475719645034443
2025-12-07 03:00:00,2.7049358766227147
2025-12-07 04:00:00,3.1861737775988805
2025-12-07 05:00:00,3.965147662105335
2025-12-07 06:00:00,4.989313076323337
2025-12-07 07:00:00,5.8543074060066775
2025-12-07 08:00:00,6.213898003827647
2025-12-07 09:00:00,5.834900173589582
2025-12-07 10:00:00,4.87164630470916
2025-12-07 11:00:00,3.97915968246216
2025-12-07 12:00:00,3.4016584457391175
2025-12-07 13:00:00,3.0971300803497543
2025-12-07 14:00:00,3.2379956771091516
2025-12-07 15:00:00,3.8743279601739804
2025-12-07 16:00:00,4.626752397037174
2025-12-07 17:00:00,5.6912982456113905
2025-12-07 18:00:00,6.6613284287085
2025-12-07 19:00:00,7.056299136350556
2025-12-07 20:00:00,6.43649037280688
2025-12-07 21:00:00,5.664909246944731
2025-12-07 22:00:00,4.908755582509195
2025-12-07 23:00:00,3.7926181269605004
2025-12-08 00:00:00,2.9241523962331013
2025-12-08 01:00:00,2.854734763585712
2025-12-08 02:00:00,2.9353482426252153
2025-12-08 03:00:00,3.1250362403628507
2025-12-08 04:00:00,3.717413269135935
2025-12-08 05:00:00,4.655673299223385
2025-12-08 06:00:00,5.575891936517261
2025-12-08 07:00:00,6.6920757273587155
2025-12-08 08:00:00,7.29835230433756
2025-12-08 09:00:00,6.725132104846692
2025-12-08 10:00:00,5.650225072431713
2025-12-08 11:00:00,4.670025442258925
2025-12-08 12:00:00,3.8686829911842135
2025-12-08 13:00:00,3.4698475759995513
2025-12-08 14:00:00,3.7423970050396904
2025-12-08 15:00:00,4.30392549107576
2025-12-08 16:00:00,5.354370092324575
2025-12-08 17:00:00,6.640822968448682
2025-12-08 18:00:00,7.574298477794602
2025-12-08 19:00:00,7.780943523434065
2025-12-08 20:00:00,7.461013441129897
2025-12-08 21:00:00,6.4822787831762
2025-12-08 22:00:00,5.495729173800771
2025-12-08 23:00:00,4.210488140582343
2025-12-09 00:00:00,2.7790313748696254
2025-12-09 01:00:00,2.7517428575082636
2025-12-09 02:00:00,2.9612601282105593
2025-12-09 03:00:00,3.0471556211063393
2025-12-09 04:00:00,3.6705505353628394
2025-12-09 05:00:00,4.70634846341118
2025-12-09 06:00:00,5.915909299102084
2025-12-09 07:00:00,6.531040996269318
2025-12-09 08:00:00,7.2486684011248235
2025-12-09 09:00:00,6.644723486246741
2025-12-09 10:00:00,5.600270400642548
2025-12-09 11:00:00,4.5917336879079365
2025-12-09 12:00:00,3.898956048103978
2025-12-09 13:00:00,3.5623514599071764
2025-12-09 14:00:00,3.6929910873104896
2025-12-09 15:00:00,4.4967319723128165
2025-12-09 16:00:00,5.23531833172855
2025-12-09 17:00:00,6.559648698868199
2025-12-09 18:00:00,7.484786769568803
2025-12-09 19:00:00,7.9894711131323835
2025-12-09 20:00:00,7.579174350185424
2025-12-09 21:00:00,6.640083491349175
2025-12-09 22:00:00,5.456270880247156
2025-12-09 23:00:00,4.408477991952781
2025-12-10 00:00:00,2.8875710084526185
2025-12-10 01:00:00,2.887285707171679
2025-12-10 02:00:00,2.9408412200090366
2025-12-10 03:00:00,3.2093282953306197
2025-12-10 04:00:00,3.7555106618569005
2025-12-10 05:00:00,4.538491605782069
2025-12-10 06:00:00,5.758431860871569
2025-12-10 07:00:00,6.9828327624258355
2025-12-10 08:00:00,7.0971606640242495
2025-12-10 09:00:00,7.073731860929336
2025-12-10 10:00:00,5.623465781748747
2025-12-10 11:00:00,4.603090455468422
2025-12-10 12:00:00,3.7598638330436303
2025-12-10 13:00:00,3.700458506282047
2025-12-10 14:00:00,3.7353978419830614
2025-12-10 15:00:00,4.4211989670122325
2025-12-10 16:00:00,5.479570743279993
2025-12-10 17:00:00,6.720417403486592
2025-12-10 18:00:00,7.6142893396461995
2025-12-10 19:00:00,8.012698814530665
2025-12-10 20:00:00,7.123502656192809
2025-12-10 21:00:00,6.714235989837304
2025-12-10 22:00:00,5.516544567620696
2025-12-10 23:00:00,4.530215838176243
2025-12-11 00:00:00,2.972075575583746
2025-12-11 01:00:00,2.9075729125246648
2025-12-11 02:00:00,3.047546758828158
2025-12-11 03:00:00,3.1566973290847873
2025-12-11 04:00:00,3.803083955798071
2025-12-11 05:00:00,4.599774022291165
2025-12-11 06:00:00,5.706580630475743
2025-12-11 07:00:00,6.893017731920581
2025-12-11 08:00:00,7.563745022184736
2025-12-11 09:00:00,6.946855158308342
2025-12-11 10:00:00,6.033530269771286
2025-12-11 11:00:00,4.628887165469136
2025-12-11 12:00:00,3.967178346401506
2025-12-11 13:00:00,3.5475057885532317
2025-12-11 14:00:00,3.8428489803452597
2025-12-11 15:00:00,4.547364160731523
2025-12-11 16:00:00,5.670955783375599
2025-12-11 17:00:00,6.834528840172484
2025-12-11 18:00:00,7.65583669440086
2025-12-11 19:00:00,8.288649710448531
2025-12-11 20:00:00,8.039691664830073
2025-12-11 21:00:00,6.719998643252543
2025-12-11 22:00:00,5.3856910017246475
2025-12-11 23:00:00,4.544388012212574
2025-12-12 00:00:00,2.848835552983885
2025-12-12 01:00:00,2.8823161331379112
2025-12-12 02:00:00,3.0022021729050734
2025-12-12 03:00:00,3.166966015020345
2025-12-12 04:00:00,3.6889071848115287
2025-12-12 05:00:00,4.598168727598683
2025-12-12 06:00:00,5.957853555911141
2025-12-12 07:00:00,6.854933714165947
2025-12-12 08:00:00,7.105420068035207
2025-12-12 09:00:00,6.689954183263281
2025-12-12 10:00:00,5.816869246090192
2025-12-12 11:00:00,4.54804094731011
2025-12-12 12:00:00,3.7273957098340276
2025-12-12 13:00:00,3.604359788248662
2025-12-12 14:00:00,3.839931191421218
2025-12-12 15:00:00,4.4503078491947035
2025-12-12 16:00:00,5.574543159637451
2025-12-12 17:00:00,6.759036857645326
2025-12-12 18:00:00,7.787178055854129
2025-12-12 19:00:00,8.162874238611415
2025-12-12 20:00:00,7.293333417242326
2025-12-12 21:00:00,6.700290700664915
2025-12-12 22:00:00,5.593389267078207
2025-12-12 23:00:00,4.418732874123979
2025-12-13 00:00:00,2.499080966372596
2025-12-13 01:00:00,2.5542672082007027
2025-12-13 02:00:00,2.58970615546789
2025-12-13 03:00:00,2.8670959418622517
2025-12-13 04:00:00,3.302416756764833
2025-12-13 05:00:00,4.002550192816546
2025-12-13 06:00:00,5.0199172235891645
2025-12-13 07:00:00,5.6255282089539715
2025-12-13 08:00:00,6.302672100829996
2025-12-13 09:00:00,5.806744919872106
2025-12-13 10:00:00,5.07354393863814
2025-12-13 11:00:00,4.064294627608884
2025-12-13 12:00:00,3.3970889616013653
2025-12-13 13:00:00,3.1858120660019478
2025-12-13 14:00:00,3.296875163561817
2025-12-13 15:00:00,4.0820747446074686
2025-12-13 16:00:00,4.848337705260057
2025-12-13 17:00:00,5.7099743804475125
2025-12-13 18:00:00,6.6249335674613885
2025-12-13 19:00:00,6.970830205448461
2025-12-13 20:00:00,6.779476329137849
2025-12-13 21:00:00,5.751662998303438
2025-12-13 22:00:00,4.791993696482073
2025-12-13 23:00:00,3.867132473545426
2025-12-14 00:00:00,2.4957125616770344
2025-12-14 01:00:00,2.5788378481511316
2025-12-14 02:00:00,2.640715570239311
2025-12-14 03:00:00,2.8720563088947557
2025-12-14 04:00:00,3.2352312849091893
2025-12-14 05:00:00,4.143121716818298
2025-12-14 06:00:00,4.943636179946455
2025-12-14 07:00:00,5.848750597147346
2025-12-14 08:00:00,6.242167231625049
2025-12-14 09:00:00,6.01959879361896
2025-12-14 10:00:00,5.216181191049729
2025-12-14 11:00:00,4.036788116345955
2025-12-14 12:00:00,3.34643618393404
2025-12-14 13:00:00,3.1118112737374073
2025-12-14 14:00:00,3.364468172657146
2025-12-14 15:00:00,3.899256715157806
2025-12-14 16:00:00,4.814584939703238
2025-12-14 17:00:00,5.75385238160695
2025-12-14 18:00:00,6.679365452161743
2025-12-14 19:00:00,7.249056075037333
2025-12-14 20:00:00,6.7687850205982185
2025-12-14 21:00:00,5.824574613208653
2025-12-14 22:00:00,4.981464632976031
2025-12-14 23:00:00,3.866477219532941
2025-12-15 00:00:00,2.960288859618995
2025-12-15 01:00:00,2.9821143678755346
2025-12-15 02:00:00,2.983601368355854
2025-12-15 03:00:00,3.1119266701123087
2025-12-15 04:00:00,3.8931630204386676
2025-12-15 05:00:00,4.660420790513596
2025-12-15 06:00:00,5.771705858155065
2025-12-15 07:00:00,7.007892378729254
2025-12-15 08:00:00,7.415391162846399
2025-12-15 09:00:00,7.0598496561388915
2025-12-15 10:00:00,5.745250556758824
2025-12-15 11:00:00,4.7002748342665095
2025-12-15 12:00:00,3.770391282314446
2025-12-15 13:00:00,3.620020763621116
2025-12-15 14:00:00,3.8004742909913656
2025-12-15 15:00:00,4.525351429340984
2025-12-15 16:00:00,5.546408613679969
2025-12-15 17:00:00,6.724920859519633
2025-12-15 18:00:00,7.589096499591884
2025-12-15 19:00:00,8.223421787920655
2025-12-15 20:00:00,7.953165391349885
2025-12-15 21:00:00,6.682580634785753
2025-12-15 22:00:00,5.618238203215942
2025-12-15 23:00:00,4.510599455273234
2025-12-16 00:00:00,2.920197573487261
2025-12-16 01:00:00,2.852356001185599
2025-12-16 02:00:00,2.944209961519305
2025-12-16 03:00:00,3.203148547283358
2025-12-16 04:00:00,3.614425917336338
2025-12-16 05:00:00,4.822860770599162
2025-12-16 06:00:00,5.935786042536822
2025-12-16 07:00:00,6.9706005988520126
2025-12-16 08:00:00,7.092388041959065
2025-12-16 09:00:00,6.723368341017749
2025-12-16 10:00:00,5.905404733553285
2025-12-16 11:00:00,4.924046142135704
2025-12-16 12:00:00,3.862506654706551
2025-12-16 13:00:00,3.6861233929502535
2025-12-16 14:00:00,3.8196022458631074
2025-12-16 15:00:00,4.5694862330021975
2025-12-16 16:00:00,5.779348741601811
2025-12-16 17:00:00,6.808115178998395
2025-12-16 18:00:00,7.725582964133049
2025-12-16 19:00:00,8.44415034916645
2025-12-16 20:00:00,7.840696792975459
2025-12-16 21:00:00,7.004096709094442
2025-12-16 22:00:00,5.558977601718781
2025-12-16 23:00:00,4.663537839236427
2025-12-17 00:00:00,2.9527552889836284
2025-12-17 01:00:00,2.985009644358214
2025-12-17 02:00:00,3.048465019601876
2025-12-17 03:00:00,3.2397882816623196
2025-12-17 04:00:00,3.7977670676872575
2025-12-17 05:00:00,4.676249667604326
2025-12-17 06:00:00,6.040417765981929
2025-12-17 07:00:00,6.986803466676558
2025-12-17 08:00:00,7.237094367566165
2025-12-17 09:00:00,6.782697400286817
2025-12-17 10:00:00,5.734851292699691
2025-12-17 11:00:00,4.823756401884825
2025-12-17 12:00:00,3.849256986018299
2025-12-17 13:00:00,3.6664447379349787
2025-12-17 14:00:00,3.889615222198002
2025-12-17 15:00:00,4.585014937746931
2025-12-17 16:00:00,5.724810120024447
2025-12-17 17:00:00,6.9172011579012755
2025-12-17 18:00:00,7.452196756180179
2025-12-17 19:00:00,8.205506823236432
2025-12-17 20:00:00,7.946049296912177
2025-12-17 21:00:00,7.1204908742794535
2025-12-17 22:00:00,5.860169552826311
2025-12-17 23:00:00,4.437892387568069
2025-12-18 00:00:00,2.940118563272069
2025-12-18 01:00:00,2.8901527957795174
2025-12-18 02:00:00,3.158640759012827
2025-12-18 03:00:00,3.3666274729412535
2025-12-18 04:00:00,3.855968130882016
2025-12-18 05:00:00,4.772603329631274
2025-12-18 06:00:00,6.140402123270257
2025-12-18 07:00:00,7.2443231292362364
2025-12-18 08:00:00,7.695930063395777
2025-12-18 09:00:00,7.140768607674104
2025-12-18 10:00:00,5.946991147119289
2025-12-18 11:00:00,4.877745745740782
2025-12-18 12:00:00,4.037220785995219
2025-12-18 13:00:00,3.6605248108223334
2025-12-18 14:00:00,3.8834370029025975
2025-12-18 15:00:00,4.733616326207201
2025-12-18 16:00:00,5.9121398330491095
2025-12-18 17:00:00,6.8478633046831865
2025-12-18 18:00:00,7.902140868301257
2025-12-18 19:00:00,8.385307485919585
2025-12-18 20:00:00,8.021147986629705
2025-12-18 21:00:00,6.878380491348149
2025-12-18 22:00:00,5.930875462584346
2025-12-18 23:00:00,4.638613352380357
2025-12-19 00:00:00,2.9889434975641516
2025-12-19 01:00:00,3.085103430244679
2025-12-19 02:00:00,3.03452389511592
2025-12-19 03:00:00,3.290258094133911
2025-12-19 04:00:00,3.728955849826261
2025-12-19 05:00:00,4.7350958497858455
2025-12-19 06:00:00,5.790973579962532
2025-12-19 07:00:00,7.170720088156139
2025-12-19 08:00:00,7.576407361504007
2025-12-19 09:00:00,7.029045221771047
2025-12-19 10:00:00,5.970098212699307
2025-12-19 11:00:00,4.871739738349772
2025-12-19 12:00:00,3.8778037153720244
2025-12-19 13:00:00,3.6854071404012827
2025-12-19 14:00:00,3.9611840818761923
2025-12-19 15:00:00,4.4587094469422475
2025-12-19 16:00:00,5.793592455965417
2025-12-19 17:00:00,6.711771094832991
2025-12-19 18:00:00,7.916426565000762
2025-12-19 19:00:00,8.124007171487621
2025-12-19 20:00:00,8.162078976848747
2025-12-19 21:00:00,6.782532114917713
2025-12-19 22:00:00,5.520742206812131
2025-12-19 23:00:00,4.6068848625557814
2025-12-20 00:00:00,2.5714882467495865
2025-12-20 01:00:00,2.534262937846038
2025-12-20 02:00:00,2.7128036220701954
2025-12-20 03:00:00,2.7746821855492145
2025-12-20 04:00:00,3.283850065384769
2025-12-20 05:00:00,4.1178401391036985
2025-12-20 06:00:00,5.316915618068598
2025-12-20 07:00:00,6.35463304289851
2025-12-20 08:00:00,6.7324230569346755
2025-12-20 09:00:00,6.1779246715734795
2025-12-20 10:00:00,4.990093603355585
2025-12-20 11:00:00,4.24002071769947
2025-12-20 12:00:00,3.5811321959062594
2025-12-20 13:00:00,3.2973764833076236
2025-12-20 14:00:00,3.456688466646556
2025-12-20 15:00:00,3.9571455925114596
2025-12-20 16:00:00,4.958136504965926
2025-12-20 17:00:00,6.32373145532594
2025-12-20 18:00:00,6.759816310002795
2025-12-20 19:00:00,7.124836574587333
2025-12-20 20:00:00,7.087952274116651
2025-12-20 21:00:00,6.034839379317829
2025-12-20 22:00:00,4.8870997777736775
2025-12-20 23:00:00,4.151356269412882
2025-12-21 00:00:00,2.6389547396118633
2025-12-21 01:00:00,2.6148387328228675
2025-12-21 02:00:00,2.645208429588417
2025-12-21 03:00:00,3.0335205104700043
2025-12-21 04:00:00,3.3800169289133257
2025-12-21 05:00:00,4.318351662259124
2025-12-21 06:00:00,5.371471254506792
2025-12-21 07:00:00,6.181387872698007
2025-12-21 08:00:00,6.57462879773064
2025-12-21 09:00:00,6.430029728907331
2025-12-21 10:00:00,5.443706901964262
2025-12-21 11:00:00,4.083405047409657
2025-12-21 12:00:00,3.5467726985599044
2025-12-21 13:00:00,3.237282932368229
2025-12-21 14:00:00,3.3825247743561375
2025-12-21 15:00:00,4.1092173231424445
2025-12-21 16:00:00,4.916709582551467
2025-12-21 17:00:00,6.082405157104657
2025-12-21 18:00:00,6.903661104243103
2025-12-21 19:00:00,7.280327540376049
2025-12-21 20:00:00,7.005538720520579
2025-12-21 21:00:00,6.0140603604777025
2025-12-21 22:00:00,5.206497785423294
2025-12-21 23:00:00,4.102355709181496
2025-12-22 00:00:00,3.1213224287526566
2025-12-22 01:00:00,3.0266353736723515
2025-12-22 02:00:00,3.0854146958269366
2025-12-22 03:00:00,3.476223310782567
2025-12-22 04:00:00,3.851766509592208
2025-12-22 05:00:00,4.823640444037641
2025-12-22 06:00:00,6.168624023026715
2025-12-22 07:00:00,7.019836914768119
2025-12-22 08:00:00,7.763599886071952
2025-12-22 09:00:00,7.285261155446528
2025-12-22 10:00:00,6.249426470045264
2025-12-22 11:00:00,4.976003676490134
2025-12-22 12:00:00,4.147726573124569
2025-12-22 13:00:00,3.731242484024872
2025-12-22 14:00:00,3.9113867372847113
2025-12-22 15:00:00,4.909320013152739
2025-12-22 16:00:00,5.645073372116358
2025-12-22 17:00:00,6.873122300341734
2025-12-22 18:00:00,8.175811175778968
2025-12-22 19:00:00,8.749488970517968
2025-12-22 20:00:00,8.114934029585303
2025-12-22 21:00:00,7.215273422562362
2025-12-22 22:00:00,5.584442834699408
2025-12-22 23:00:00,4.634338450470103
2025-12-23 00:00:00,2.9074751813651956
2025-12-23 01:00:00,3.091436262230695
2025-12-23 02:00:00,3.0306552621870644
2025-12-23 03:00:00,3.280459912303797
2025-12-23 04:00:00,3.946694012373494
2025-12-23 05:00:00,4.956030406610544
2025-12-23 06:00:00,6.076828699216162
2025-12-23 07:00:00,7.298251487459422
2025-12-23 08:00:00,7.756324961140798
2025-12-23 09:00:00,7.188092683799584
2025-12-23 10:00:00,5.97612616818778
2025-12-23 11:00:00,4.95653594051426
2025-12-23 12:00:00,4.10239200672201
2025-12-23 13:00:00,3.8158540470098
2025-12-23 14:00:00,4.014881035719358
2025-12-23 15:00:00,4.611920109340738
2025-12-23 16:00:00,5.917979948113614
2025-12-23 17:00:00,7.092414644428725
2025-12-23 18:00:00,8.026342499606235
2025-12-23 19:00:00,8.445149062620507
2025-12-23 20:00:00,7.992556973763912
2025-12-23 21:00:00,7.217594006517731
2025-12-23 22:00:00,5.665735822354513
2025-12-23 23:00:00,4.599532443319768
2025-12-24 00:00:00,3.008770512022893
2025-12-24 01:00:00,3.1504885310191795
2025-12-24 02:00:00,3.2018316735592656
2025-12-24 03:00:00,3.264638894259473
2025-12-24 04:00:00,4.022737715967611
2025-12-24 05:00:00,4.99714067573304
2025-12-24 06:00:00,5.9688331351442345
2025-12-24 07:00:00,6.870212291615633
2025-12-24 08:00:00,7.682992398677768
2025-12-24 09:00:00,7.400800857294764
2025-12-24 10:00:00,6.321038370553409
2025-12-24 11:00:00,4.828553284843507
2025-12-24 12:00:00,4.205809669461954
2025-12-24 13:00:00,3.591264527125811
2025-12-24 14:00:00,3.9710948078413315
2025-12-24 15:00:00,4.695275292179224
2025-12-24 16:00:00,5.987729331896221
2025-12-24 17:00:00,7.296044930918143
2025-12-24 18:00:00,8.281130822890024
2025-12-24 19:00:00,8.28763069471467
2025-12-24 20:00:00,8.266089796859589
2025-12-24 21:00:00,7.18269446445376
2025-12-24 22:00:00,5.651139859883481
2025-12-24 23:00:00,4.510687677937994
2025-12-25 00:00:00,3.078582819571473
2025-12-25 01:00:00,3.028227155543128
2025-12-25 02:00:00,3.042289437759164
2025-12-25 03:00:00,3.3472456870813057
2025-12-25 04:00:00,3.928832884294771
2025-12-25 05:00:00,4.837365613190951
2025-12-25 06:00:00,5.897764852476027
2025-12-25 07:00:00,7.476397409824224
2025-12-25 08:00:00,7.8156907137630025
2025-12-25 09:00:00,7.159579669999027
2025-12-25 10:00:00,6.064355282145554
2025-12-25 11:00:00,4.928695502697986
2025-12-25 12:00:00,3.9549542688531867
2025-12-25 13:00:00,3.7671264559007445
2025-12-25 14:00:00,3.8777235406902157
2025-12-25 15:00:00,4.708256726623399
2025-12-25 16:00:00,5.692056723930196
2025-12-25 17:00:00,6.923183401582725
2025-12-25 18:00:00,8.358280178345595
2025-12-25 19:00:00,8.491994330612407
2025-12-25 20:00:00,8.125354125463213
2025-12-25 21:00:00,6.795628584370327
2025-12-25 22:00:00,5.75250188950349
2025-12-25 23:00:00,4.7286705787215775
2025-12-26 00:00:00,3.0305930297194847
2025-12-26 01:00:00,2.9110408983317835
2025-12-26 02:00:00,3.1385009232019088
2025-12-26 03:00:00,3.3891371851956342
2025-12-26 04:00:00,4.004425445726198
2025-12-26 05:00:00,4.786495007338211
2025-12-26 06:00:00,5.819348031566124
2025-12-26 07:00:00,7.067860122598954
2025-12-26 08:00:00,7.50090294544268
2025-12-26 09:00:00,7.3211622087884205
2025-12-26 10:00:00,5.7744440598531925
2025-12-26 11:00:00,4.854294279183782
2025-12-26 12:00:00,4.165758896708299
2025-12-26 13:00:00,3.7471101856180935
2025-12-26 14:00:00,4.059062491087397
2025-12-26 15:00:00,4.564473688047881
2025-12-26 16:00:00,5.64695919089777
2025-12-26 17:00:00,7.2921004729175465
2025-12-26 18:00:00,8.116114730130974
2025-12-26 19:00:00,8.507638436964196
2025-12-26 20:00:00,7.918437047574449
2025-12-26 21:00:00,7.101551223888733
2025-12-26 22:00:00,5.6940528783282085
2025-12-26 23:00:00,4.801283043618637
2025-12-27 00:00:00,2.7726086743539784
2025-12-27 01:00:00,2.675039698324966
2025-12-27 02:00:00,2.687512219373697
2025-12-27 03:00:00,2.781676801885193
2025-12-27 04:00:00,3.285649069689627
2025-12-27 05:00:00,4.355320876731257
2025-12-27 06:00:00,5.196849440366484
2025-12-27 07:00:00,6.234107022061037
2025-12-27 08:00:00,6.766713277373166
2025-12-27 09:00:00,6.469781747118076
2025-12-27 10:00:00,5.296752973506977
2025-12-27 11:00:00,4.2313883633959675
2025-12-27 12:00:00,3.532472605005139
2025-12-27 13:00:00,3.2219720029855217
2025-12-27 14:00:00,3.432973685843467
2025-12-27 15:00:00,4.144073975602025
2025-12-27 16:00:00,5.0996178172737086
2025-12-27 17:00:00,6.436504881847896
2025-12-27 18:00:00,7.116052132302375
2025-12-27 19:00:00,7.564362253182569
2025-12-27 20:00:00,6.902870195025121
2025-12-27 21:00:00,6.237210977635903
2025-12-27 22:00:00,5.001949191058754
2025-12-27 23:00:00,4.116841300119063
2025-12-28 00:00:00,2.6769742524629696
2025-12-28 01:00:00,2.6635808285198324
2025-12-28 02:00:00,2.8655552698877806
2025-12-28 03:00:00,3.026957533929115
2025-12-28 04:00:00,3.495402858122445
2025-12-28 05:00:00,4.307197337134066
2025-12-28 06:00:00,5.517105460957999
2025-12-28 07:00:00,6.126733961168238
2025-12-28 08:00:00,6.89208421755362
2025-12-28 09:00:00,6.18573638039394
2025-12-28 10:00:00,5.280840791865241
2025-12-28 11:00:00,4.33258465796296
2025-12-28 12:00:00,3.630151586544979
2025-12-28 13:00:00,3.2015226710911326
2025-12-28 14:00:00,3.4521884730379306
2025-12-28 15:00:00,4.136155831709636
2025-12-28 16:00:00,5.083880810506241
2025-12-28 17:00:00,6.306092735925363
2025-12-28 18:00:00,7.571697659471375
2025-12-28 19:00:00,7.488587364191295
2025-12-28 20:00:00,6.980533404817034
2025-12-28 21:00:00,6.038496437828
2025-12-28 22:00:00,5.0642654714648385
2025-12-28 23:00:00,4.025168431680759
2025-12-29 00:00:00,3.0868981235608826
2025-12-29 01:00:00,3.109688997150652
2025-12-29 02:00:00,3.137042950981215
2025-12-29 03:00:00,3.543724762906749
2025-12-29 04:00:00,3.8969992486833163
2025-12-29 05:00:00,4.901661668954551
2025-12-29 06:00:00,6.25101848051924
2025-12-29 07:00:00,7.436159121976479
2025-12-29 08:00:00,7.9678574354634195
2025-12-29 09:00:00,7.371726237140038
2025-12-29 10:00:00,6.315993699325282
2025-12-29 11:00:00,4.8961831973386065
2025-12-29 12:00:00,4.178501765068592
2025-12-29 13:00:00,3.8641803737242917
2025-12-29 14:00:00,4.161891095521571
2025-12-29 15:00:00,4.6215414966717985
2025-12-29 16:00:00,5.802839169330345
2025-12-29 17:00:00,7.299143627592971
2025-12-29 18:00:00,7.770390172799368
2025-12-29 19:00:00,8.685623189456974
2025-12-29 20:00:00,8.379275088699613
2025-12-29 21:00:00,7.097064581529183
2025-12-29 22:00:00,5.852932412215303
2025-12-29 23:00:00,4.649140436432321
2025-12-30 00:00:00,3.0094164774481427
2025-12-30 01:00:00,3.0343444944834888
2025-12-30 02:00:00,3.1056062511679685
2025-12-30 03:00:00,3.339283522597605
2025-12-30 04:00:00,3.9116642340716865
2025-12-30 05:00:00,4.85816256346673
2025-12-30 06:00:00,6.367533162753579
2025-12-30 07:00:00,7.2075453229003825
2025-12-30 08:00:00,7.778917841339712
2025-12-30 09:00:00,7.18421659530433
2025-12-30 10:00:00,6.078727716896838
2025-12-30 11:00:00,4.766146816375042
2025-12-30 12:00:00,3.951908473949039
2025-12-30 13:00:00,3.6830948423987935
2025-12-30 14:00:00,4.031749880478652
2025-12-30 15:00:00,4.856579129371245
2025-12-30 16:00:00,5.666904136615981
2025-12-30 17:00:00,7.062214725484667
2025-12-30 18:00:00,7.936399139452667
2025-12-30 19:00:00,8.507518437878575
2025-12-30 20:00:00,8.334860323288474
2025-12-30 21:00:00,7.075730011039518
2025-12-30 22:00:00,5.865019254842369
2025-12-30 23:00:00,4.862054135503362
2025-12-31 00:00:00,3.071982595924815
2025-12-31 01:00:00,3.0208913970411344
2025-12-31 02:00:00,3.1616942426605728
2025-12-31 03:00:00,3.3364426302086354
2025-12-31 04:00:00,3.9699246700373374
2025-12-31 05:00:00,4.940998354947994
2025-12-31 06:00:00,5.975488238806908
2025-12-31 07:00:00,7.2973782262143745
2025-12-31 08:00:00,7.7150923953330945
2025-12-31 09:00:00,7.354414480049749
2025-12-31 10:00:00,6.259639041680093
2025-12-31 11:00:00,4.986322653920066
2025-12-31 12:00:00,4.059350317230445
2025-12-31 13:00:00,3.8484054873075966
2025-12-31 14:00:00,3.950699597573378
2025-12-31 15:00:00,4.633203918670485
2025-12-31 16:00:00,5.506703153570249
2025-12-31 17:00:00,7.137567729005461
2025-12-31 18:00:00,8.033221111936587
2025-12-31 19:00:00,8.629170273585189
2025-12-31 20:00:00,7.84527703622536
2025-12-31 21:00:00,7.054003065814952
2025-12-31 22:00:00,5.931593445987306
2025-12-31 23:00:00,4.631751225022913
