timestamp,solar_cf
2025-01-01 00:00:00,0.0
2025-01-01 01:00:00,0.0
2025-01-01 02:00:00,0.0
2025-01-01 03:00:00,0.0
2025-01-01 04:00:00,0.0
2025-01-01 05:00:00,0.0
2025-01-01 06:00:00,0.0
2025-01-01 07:00:00,0.0
2025-01-01 08:00:00,0.1101073358596715
2025-01-01 09:00:00,0.257114609801358
2025-01-01 10:00:00,0.3519974343477794
2025-01-01 11:00:00,0.39713674010380445
2025-01-01 12:00:00,0.4763616106216576
2025-01-01 13:00:00,0.41783526484355155
2025-01-01 14:00:00,0.3553008644178494
2025-01-01 15:00:00,0.261633818439411
2025-01-01 16:00:00,0.1135370992026646
2025-01-01 17:00:00,0.0
2025-01-01 18:00:00,0.0
2025-01-01 19:00:00,0.0
2025-01-01 20:00:00,0.0
2025-01-01 21:00:00,0.0
2025-01-01 22:00:00,0.0
2025-01-01 23:00:00,0.0
2025-01-02 00:00:00,0.0
2025-01-02 01:00:00,0.0
2025-01-02 02:00:00,0.0
2025-01-02 03:00:00,0.0
2025-01-02 04:00:00,0.0
2025-01-02 05:00:00,0.0
2025-01-02 06:00:00,0.0
2025-01-02 07:00:00,0.0
2025-01-02 08:00:00,0.058319076772218245
2025-01-02 09:00:00,0.13005968492620026
2025-01-02 10:00:00,0.1842743082040567
2025-01-02 11:00:00,0.21182973074448508
2025-01-02 12:00:00,0.22118957987403104
2025-01-02 13:00:00,0.2218874757499963
2025-01-02 14:00:00,0.19176577315048157
2025-01-02 15:00:00,0.12869099411670748
2025-01-02 16:00:00,0.060335336635364466
2025-01-02 17:00:00,0.0
2025-01-02 18:00:00,0.0
2025-01-02 19:00:00,0.0
2025-01-02 20:00:00,0.0
2025-01-02 21:00:00,0.0
2025-01-02 22:00:00,0.0
2025-01-02 23:00:00,0.0
2025-01-03 00:00:00,0.0
2025-01-03 01:00:00,0.0
2025-01-03 02:00:00,0.0
2025-01-03 03:00:00,0.0
2025-01-03 04:00:00,0.0
2025-01-03 05:00:00,0.0
2025-01-03 06:00:00,0.0
2025-01-03 07:00:00,0.0
2025-01-03 08:00:00,0.07578224008230462
2025-01-03 09:00:00,0.17513221608867613
2025-01-03 10:00:00,0.2406195449023332
2025-01-03 11:00:00,0.2908255636563438
2025-01-03 12:00:00,0.32779350087604125
2025-01-03 13:00:00,0.30288150592855373
2025-01-03 14:00:00,0.250204729719025
2025-01-03 15:00:00,0.1736335652359271
2025-01-03 16:00:00,0.07864364074379646
2025-01-03 17:00:00,0.0
2025-01-03 18:00:00,0.0
2025-01-03 19:00:00,0.0
2025-01-03 20:00:00,0.0
2025-01-03 21:00:00,0.0
2025-01-03 22:00:00,0.0
2025-01-03 23:00:00,0.0
2025-01-04 00:00:00,0.0
2025-01-04 01:00:00,0.0
2025-01-04 02:00:00,0.0
2025-01-04 03:00:00,0.0
2025-01-04 04:00:00,0.0
2025-01-04 05:00:00,0.0
2025-01-04 06:00:00,0.0
2025-01-04 07:00:00,0.0
2025-01-04 08:00:00,0.126375405281943
2025-01-04 09:00:00,0.2873446799871453
2025-01-04 10:00:00,0.3944207249460022
2025-01-04 11:00:00,0.4947720955663793
2025-01-04 12:00:00,0.5288277805686351
2025-01-04 13:00:00,0.4646749673994947
2025-01-04 14:00:00,0.36291238812008375
2025-01-04 15:00:00,0.2866237827403753
2025-01-04 16:00:00,0.12710858817893483
2025-01-04 17:00:00,0.0
2025-01-04 18:00:00,0.0
2025-01-04 19:00:00,0.0
2025-01-04 20:00:00,0.0
2025-01-04 21:00:00,0.0
2025-01-04 22:00:00,0.0
2025-01-04 23:00:00,0.0
2025-01-05 00:00:00,0.0
2025-01-05 01:00:00,0.0
2025-01-05 02:00:00,0.0
2025-01-05 03:00:00,0.0
2025-01-05 04:00:00,0.0
2025-01-05 05:00:00,0.0
2025-01-05 06:00:00,0.0
2025-01-05 07:00:00,0.0
2025-01-05 08:00:00,0.12533537552703117
2025-01-05 09:00:00,0.2639947967748162
2025-01-05 10:00:00,0.3812762371319384
2025-01-05 11:00:00,0.4632096906216325
2025-01-05 12:00:00,0.5025887975137534
2025-01-05 13:00:00,0.4842061330955933
2025-01-05 14:00:00,0.37483186238389643
2025-01-05 15:00:00,0.26840254118299867
2025-01-05 16:00:00,0.12543466636101783
2025-01-05 17:00:00,0.0
2025-01-05 18:00:00,0.0
2025-01-05 19:00:00,0.0
2025-01-05 20:00:00,0.0
2025-01-05 21:00:00,0.0
2025-01-05 22:00:00,0.0
2025-01-05 23:00:00,0.0
2025-01-06 00:00:00,0.0
2025-01-06 01:00:00,0.0
2025-01-06 02:00:00,0.0
2025-01-06 03:00:00,0.0
2025-01-06 04:00:00,0.0
2025-01-06 05:00:00,0.0
2025-01-06 06:00:00,0.0
2025-01-06 07:00:00,0.0
2025-01-06 08:00:00,0.12421058063436198
2025-01-06 09:00:00,0.26410348578468884
2025-01-06 10:00:00,0.3906227766467399
2025-01-06 11:00:00,0.4707500829559191
2025-01-06 12:00:00,0.4960056639181838
2025-01-06 13:00:00,0.4387103832263982
2025-01-06 14:00:00,0.39603483721664073
2025-01-06 15:00:00,0.26402633149588506
2025-01-06 16:00:00,0.12152592283899447
2025-01-06 17:00:00,0.0
2025-01-06 18:00:00,0.0
2025-01-06 19:00:00,0.0
2025-01-06 20:00:00,0.0
2025-01-06 21:00:00,0.0
2025-01-06 22:00:00,0.0
2025-01-06 23:00:00,0.0
2025-01-07 00:00:00,0.0
2025-01-07 01:00:00,0.0
2025-01-07 02:00:00,0.0
2025-01-07 03:00:00,0.0
2025-01-07 04:00:00,0.0
2025-01-07 05:00:00,0.0
2025-01-07 06:00:00,0.0
2025-01-07 07:00:00,0.0
2025-01-07 08:00:00,0.12873691985519606
2025-01-07 09:00:00,0.27080458141892016
2025-01-07 10:00:00,0.3829601246993916
2025-01-07 11:00:00,0.46375849421711934
2025-01-07 12:00:00,0.523331108164996
2025-01-07 13:00:00,0.4726557004590629
2025-01-07 14:00:00,0.38513440971988055
2025-01-07 15:00:00,0.26143858820990207
2025-01-07 16:00:00,0.12275431529057865
2025-01-07 17:00:00,0.0
2025-01-07 18:00:00,0.0
2025-01-07 19:00:00,0.0
2025-01-07 20:00:00,0.0
2025-01-07 21:00:00,0.0
2025-01-07 22:00:00,0.0
2025-01-07 23:00:00,0.0
2025-01-08 00:00:00,0.0
2025-01-08 01:00:00,0.0
2025-01-08 02:00:00,0.0
2025-01-08 03:00:00,0.0
2025-01-08 04:00:00,0.0
2025-01-08 05:00:00,0.0
2025-01-08 06:00:00,0.0
2025-01-08 07:00:00,0.0
2025-01-08 08:00:00,0.12823046562446905
2025-01-08 09:00:00,0.26021170266128063
2025-01-08 10:00:00,0.3752582390686883
2025-01-08 11:00:00,0.4321658734071777
2025-01-08 12:00:00,0.4475733860325742
2025-01-08 13:00:00,0.43402858678551864
2025-01-08 14:00:00,0.39513346200901933
2025-01-08 15:00:00,0.2652810003175873
2025-01-08 16:00:00,0.12339079128709705
2025-01-08 17:00:00,0.0
2025-01-08 18:00:00,0.0
2025-01-08 19:00:00,0.0
2025-01-08 20:00:00,0.0
2025-01-08 21:00:00,0.0
2025-01-08 22:00:00,0.0
2025-01-08 23:00:00,0.0
2025-01-09 00:00:00,0.0
2025-01-09 01:00:00,0.0
2025-01-09 02:00:00,0.0
2025-01-09 03:00:00,0.0
2025-01-09 04:00:00,0.0
2025-01-09 05:00:00,0.0
2025-01-09 06:00:00,0.0
2025-01-09 07:00:00,0.0
2025-01-09 08:00:00,0.1350399132621409
2025-01-09 09:00:00,0.27529060223080654
2025-01-09 10:00:00,0.4064177338408817
2025-01-09 11:00:00,0.46938440701036144
2025-01-09 12:00:00,0.5100562585826673
2025-01-09 13:00:00,0.48204961647661787
2025-01-09 14:00:00,0.40079923711977755
2025-01-09 15:00:00,0.2879039833850813
2025-01-09 16:00:00,0.12656667859126183
2025-01-09 17:00:00,0.0
2025-01-09 18:00:00,0.0
2025-01-09 19:00:00,0.0
2025-01-09 20:00:00,0.0
2025-01-09 21:00:00,0.0
2025-01-09 22:00:00,0.0
2025-01-09 23:00:00,0.0
2025-01-10 00:00:00,0.0
2025-01-10 01:00:00,0.0
2025-01-10 02:00:00,0.0
2025-01-10 03:00:00,0.0
2025-01-10 04:00:00,0.0
2025-01-10 05:00:00,0.0
2025-01-10 06:00:00,0.0
2025-01-10 07:00:00,0.0
2025-01-10 08:00:00,0.1260515374177414
2025-01-10 09:00:00,0.2772288931263826
2025-01-10 10:00:00,0.36976318836849914
2025-01-10 11:00:00,0.4991013872551965
2025-01-10 12:00:00,0.5087799092418178
2025-01-10 13:00:00,0.4645652253475982
2025-01-10 14:00:00,0.3844157695388075
2025-01-10 15:00:00,0.288605759473101
2025-01-10 16:00:00,0.12846035160939664
2025-01-10 17:00:00,0.0
2025-01-10 18:00:00,0.0
2025-01-10 19:00:00,0.0
2025-01-10 20:00:00,0.0
2025-01-10 21:00:00,0.0
2025-01-10 22:00:00,0.0
2025-01-10 23:00:00,0.0
2025-01-11 00:00:00,0.0
2025-01-11 01:00:00,0.0
2025-01-11 02:00:00,0.0
2025-01-11 03:00:00,0.0
2025-01-11 04:00:00,0.0
2025-01-11 05:00:00,0.0
2025-01-11 06:00:00,0.0
2025-01-11 07:00:00,0.0
2025-01-11 08:00:00,0.07552895975787238
2025-01-11 09:00:00,0.16340271473608783
2025-01-11 10:00:00,0.20899269743542773
2025-01-11 11:00:00,0.25219888471641416
2025-01-11 12:00:00,0.27024349496114536
2025-01-11 13:00:00,0.2683597462727714
2025-01-11 14:00:00,0.21904560893983263
2025-01-11 15:00:00,0.15202995837391986
2025-01-11 16:00:00,0.07574410327584295
2025-01-11 17:00:00,0.0
2025-01-11 18:00:00,0.0
2025-01-11 19:00:00,0.0
2025-01-11 20:00:00,0.0
2025-01-11 21:00:00,0.0
2025-01-11 22:00:00,0.0
2025-01-11 23:00:00,0.0
2025-01-12 00:00:00,0.0
2025-01-12 01:00:00,0.0
2025-01-12 02:00:00,0.0
2025-01-12 03:00:00,0.0
2025-01-12 04:00:00,0.0
2025-01-12 05:00:00,0.0
2025-01-12 06:00:00,0.0
2025-01-12 07:00:00,0.0
2025-01-12 08:00:00,0.1392980202239099
2025-01-12 09:00:00,0.27187352357912886
2025-01-12 10:00:00,0.38941770756981253
2025-01-12 11:00:00,0.4576711617358508
2025-01-12 12:00:00,0.47725745263329705
2025-01-12 13:00:00,0.4501954930533413
2025-01-12 14:00:00,0.3848010869994426
2025-01-12 15:00:00,0.2735792091311082
2025-01-12 16:00:00,0.1336814771913562
2025-01-12 17:00:00,0.0
2025-01-12 18:00:00,0.0
2025-01-12 19:00:00,0.0
2025-01-12 20:00:00,0.0
2025-01-12 21:00:00,0.0
2025-01-12 22:00:00,0.0
2025-01-12 23:00:00,0.0
2025-01-13 00:00:00,0.0
2025-01-13 01:00:00,0.0
2025-01-13 02:00:00,0.0
2025-01-13 03:00:00,0.0
2025-01-13 04:00:00,0.0
2025-01-13 05:00:00,0.0
2025-01-13 06:00:00,0.0
2025-01-13 07:00:00,0.0
2025-01-13 08:00:00,0.13113997873485625
2025-01-13 09:00:00,0.25784926098816835
2025-01-13 10:00:00,0.37377828137789615
2025-01-13 11:00:00,0.43933884038487175
2025-01-13 12:00:00,0.44673219118578733
2025-01-13 13:00:00,0.4363050308253731
2025-01-13 14:00:00,0.3755942081024159
2025-01-13 15:00:00,0.25715861608874613
2025-01-13 16:00:00,0.12468180014240009
2025-01-13 17:00:00,0.0
2025-01-13 18:00:00,0.0
2025-01-13 19:00:00,0.0
2025-01-13 20:00:00,0.0
2025-01-13 21:00:00,0.0
2025-01-13 22:00:00,0.0
2025-01-13 23:00:00,0.0
2025-01-14 00:00:00,0.0
2025-01-14 01:00:00,0.0
2025-01-14 02:00:00,0.0
2025-01-14 03:00:00,0.0
2025-01-14 04:00:00,0.0
2025-01-14 05:00:00,0.0
2025-01-14 06:00:00,0.0
2025-01-14 07:00:00,0.0
2025-01-14 08:00:00,0.12537526276950384
2025-01-14 09:00:00,0.24846612574561525
2025-01-14 10:00:00,0.34256430065428783
2025-01-14 11:00:00,0.40113237821903924
2025-01-14 12:00:00,0.4513150164201524
2025-01-14 13:00:00,0.4308652939913505
2025-01-14 14:00:00,0.3467450713006763
2025-01-14 15:00:00,0.26269100500845893
2025-01-14 16:00:00,0.12408942874484678
2025-01-14 17:00:00,0.0
2025-01-14 18:00:00,0.0
2025-01-14 19:00:00,0.0
2025-01-14 20:00:00,0.0
2025-01-14 21:00:00,0.0
2025-01-14 22:00:00,0.0
2025-01-14 23:00:00,0.0
2025-01-15 00:00:00,0.0
2025-01-15 01:00:00,0.0
2025-01-15 02:00:00,0.0
2025-01-15 03:00:00,0.0
2025-01-15 04:00:00,0.0
2025-01-15 05:00:00,0.0
2025-01-15 06:00:00,0.0
2025-01-15 07:00:00,0.0
2025-01-15 08:00:00,0.13771752724725392
2025-01-15 09:00:00,0.288704643092729
2025-01-15 10:00:00,0.4038041552233076
2025-01-15 11:00:00,0.4752668425283726
2025-01-15 12:00:00,0.5153742054722936
2025-01-15 13:00:00,0.4663632372403051
2025-01-15 14:00:00,0.4073855938889103
2025-01-15 15:00:00,0.2945806665917591
2025-01-15 16:00:00,0.1405837311018001
2025-01-15 17:00:00,0.0
2025-01-15 18:00:00,0.0
2025-01-15 19:00:00,0.0
2025-01-15 20:00:00,0.0
2025-01-15 21:00:00,0.0
2025-01-15 22:00:00,0.0
2025-01-15 23:00:00,0.0
2025-01-16 00:00:00,0.0
2025-01-16 01:00:00,0.0
2025-01-16 02:00:00,0.0
2025-01-16 03:00:00,0.0
2025-01-16 04:00:00,0.0
2025-01-16 05:00:00,0.0
2025-01-16 06:00:00,0.0
2025-01-16 07:00:00,0.0
2025-01-16 08:00:00,0.12264947308887425
2025-01-16 09:00:00,0.26203475786319397
2025-01-16 10:00:00,0.35004872226748757
2025-01-16 11:00:00,0.4347293716862849
2025-01-16 12:00:00,0.4160723530905679
2025-01-16 13:00:00,0.41723857961791433
2025-01-16 14:00:00,0.35589684374820796
2025-01-16 15:00:00,0.26762864069782094
2025-01-16 16:00:00,0.12040618569447817
2025-01-16 17:00:00,0.0
2025-01-16 18:00:00,0.0
2025-01-16 19:00:00,0.0
2025-01-16 20:00:00,0.0
2025-01-16 21:00:00,0.0
2025-01-16 22:00:00,0.0
2025-01-16 23:00:00,0.0
2025-01-17 00:00:00,0.0
2025-01-17 01:00:00,0.0
2025-01-17 02:00:00,0.0
2025-01-17 03:00:00,0.0
2025-01-17 04:00:00,0.0
2025-01-17 05:00:00,0.0
2025-01-17 06:00:00,0.0
2025-01-17 07:00:00,0.0
2025-01-17 08:00:00,0.14803909827066053
2025-01-17 09:00:00,0.29441048397268976
2025-01-17 10:00:00,0.39488595073089827
2025-01-17 11:00:00,0.46552808306698534
2025-01-17 12:00:00,0.5011833294644202
2025-01-17 13:00:00,0.4811016613444176
2025-01-17 14:00:00,0.3836370931576136
2025-01-17 15:00:00,0.29283012619770016
2025-01-17 16:00:00,0.1479156844922499
2025-01-17 17:00:00,0.0
2025-01-17 18:00:00,0.0
2025-01-17 19:00:00,0.0
2025-01-17 20:00:00,0.0
2025-01-17 21:00:00,0.0
2025-01-17 22:00:00,0.0
2025-01-17 23:00:00,0.0
2025-01-18 00:00:00,0.0
2025-01-18 01:00:00,0.0
2025-01-18 02:00:00,0.0
2025-01-18 03:00:00,0.0
2025-01-18 04:00:00,0.0
2025-01-18 05:00:00,0.0
2025-01-18 06:00:00,0.0
2025-01-18 07:00:00,0.0
2025-01-18 08:00:00,0.15196319703466432
2025-01-18 09:00:00,0.3011770667527019
2025-01-18 10:00:00,0.4202686571409261
2025-01-18 11:00:00,0.47549129666206186
2025-01-18 12:00:00,0.5497936899788265
2025-01-18 13:00:00,0.4967517788356369
2025-01-18 14:00:00,0.4299084754005867
2025-01-18 15:00:00,0.3083296553868688
2025-01-18 16:00:00,0.1444417433213879
2025-01-18 17:00:00,0.0
2025-01-18 18:00:00,0.0
2025-01-18 19:00:00,0.0
2025-01-18 20:00:00,0.0
2025-01-18 21:00:00,0.0
2025-01-18 22:00:00,0.0
2025-01-18 23:00:00,0.0
2025-01-19 00:00:00,0.0
2025-01-19 01:00:00,0.0
2025-01-19 02:00:00,0.0
2025-01-19 03:00:00,0.0
2025-01-19 04:00:00,0.0
2025-01-19 05:00:00,0.0
2025-01-19 06:00:00,0.0
2025-01-19 07:00:00,0.0
2025-01-19 08:00:00,0.139461733272019
2025-01-19 09:00:00,0.3074509359649754
2025-01-19 10:00:00,0.39338280987541224
2025-01-19 11:00:00,0.45499290516006863
2025-01-19 12:00:00,0.47541608429951226
2025-01-19 13:00:00,0.4900906649598806
2025-01-19 14:00:00,0.4031880308463483
2025-01-19 15:00:00,0.292957423069866
2025-01-19 16:00:00,0.14148517196079466
2025-01-19 17:00:00,0.0
2025-01-19 18:00:00,0.0
2025-01-19 19:00:00,0.0
2025-01-19 20:00:00,0.0
2025-01-19 21:00:00,0.0
2025-01-19 22:00:00,0.0
2025-01-19 23:00:00,0.0
2025-01-20 00:00:00,0.0
2025-01-20 01:00:00,0.0
2025-01-20 02:00:00,0.0
2025-01-20 03:00:00,0.0
2025-01-20 04:00:00,0.0
2025-01-20 05:00:00,0.0
2025-01-20 06:00:00,0.0
2025-01-20 07:00:00,0.0
2025-01-20 08:00:00,0.14198147132371633
2025-01-20 09:00:00,0.2940260923071996
2025-01-20 10:00:00,0.39389857278613
2025-01-20 11:00:00,0.46305951373158755
2025-01-20 12:00:00,0.48682606464368305
2025-01-20 13:00:00,0.44120157356390577
2025-01-20 14:00:00,0.39917572834006687
2025-01-20 15:00:00,0.25755748037144005
2025-01-20 16:00:00,0.13728307551841587
2025-01-20 17:00:00,0.0
2025-01-20 18:00:00,0.0
2025-01-20 19:00:00,0.0
2025-01-20 20:00:00,0.0
2025-01-20 21:00:00,0.0
2025-01-20 22:00:00,0.0
2025-01-20 23:00:00,0.0
2025-01-21 00:00:00,0.0
2025-01-21 01:00:00,0.0
2025-01-21 02:00:00,0.0
2025-01-21 03:00:00,0.0
2025-01-21 04:00:00,0.0
2025-01-21 05:00:00,0.0
2025-01-21 06:00:00,0.0
2025-01-21 07:00:00,0.0
2025-01-21 08:00:00,0.06939565946017053
2025-01-21 09:00:00,0.1469762500103842
2025-01-21 10:00:00,0.19331255285769292
2025-01-21 11:00:00,0.23330699348980824
2025-01-21 12:00:00,0.23659178459358388
2025-01-21 13:00:00,0.23310383716715588
2025-01-21 14:00:00,0.18483429173669588
2025-01-21 15:00:00,0.13678794919091244
2025-01-21 16:00:00,0.06763637361056245
2025-01-21 17:00:00,0.0
2025-01-21 18:00:00,0.0
2025-01-21 19:00:00,0.0
2025-01-21 20:00:00,0.0
2025-01-21 21:00:00,0.0
2025-01-21 22:00:00,0.0
2025-01-21 23:00:00,0.0
2025-01-22 00:00:00,0.0
2025-01-22 01:00:00,0.0
2025-01-22 02:00:00,0.0
2025-01-22 03:00:00,0.0
2025-01-22 04:00:00,0.0
2025-01-22 05:00:00,0.0
2025-01-22 06:00:00,0.0
2025-01-22 07:00:00,0.0
2025-01-22 08:00:00,0.1591019859331859
2025-01-22 09:00:00,0.29735060105458144
2025-01-22 10:00:00,0.3933277094391512
2025-01-22 11:00:00,0.4861275224713988
2025-01-22 12:00:00,0.5309356792334499
2025-01-22 13:00:00,0.4951781884475789
2025-01-22 14:00:00,0.42253179136596253
2025-01-22 15:00:00,0.29747474548640696
2025-01-22 16:00:00,0.15856978626442084
2025-01-22 17:00:00,0.0
2025-01-22 18:00:00,0.0
2025-01-22 19:00:00,0.0
2025-01-22 20:00:00,0.0
2025-01-22 21:00:00,0.0
2025-01-22 22:00:00,0.0
2025-01-22 23:00:00,0.0
2025-01-23 00:00:00,0.0
2025-01-23 01:00:00,0.0
2025-01-23 02:00:00,0.0
2025-01-23 03:00:00,0.0
2025-01-23 04:00:00,0.0
2025-01-23 05:00:00,0.0
2025-01-23 06:00:00,0.0
2025-01-23 07:00:00,0.0
2025-01-23 08:00:00,0.13762820595219338
2025-01-23 09:00:00,0.2684974874236661
2025-01-23 10:00:00,0.36139460109037613
2025-01-23 11:00:00,0.4123775064187348
2025-01-23 12:00:00,0.4769483949797102
2025-01-23 13:00:00,0.48662198312403804
2025-01-23 14:00:00,0.40646421376713443
2025-01-23 15:00:00,0.2697605231598788
2025-01-23 16:00:00,0.14307031461392614
2025-01-23 17:00:00,0.0
2025-01-23 18:00:00,0.0
2025-01-23 19:00:00,0.0
2025-01-23 20:00:00,0.0
2025-01-23 21:00:00,0.0
2025-01-23 22:00:00,0.0
2025-01-23 23:00:00,0.0
2025-01-24 00:00:00,0.0
2025-01-24 01:00:00,0.0
2025-01-24 02:00:00,0.0
2025-01-24 03:00:00,0.0
2025-01-24 04:00:00,0.0
2025-01-24 05:00:00,0.0
2025-01-24 06:00:00,0.0
2025-01-24 07:00:00,0.0
2025-01-24 08:00:00,0.14443245248389816
2025-01-24 09:00:00,0.27001640177960884
2025-01-24 10:00:00,0.4078414898175747
2025-01-24 11:00:00,0.4499269088191744
2025-01-24 12:00:00,0.4916492099794758
2025-01-24 13:00:00,0.4728361570343591
2025-01-24 14:00:00,0.37736084777225104
2025-01-24 15:00:00,0.28116621174103423
2025-01-24 16:00:00,0.14710904293843458
2025-01-24 17:00:00,0.0
2025-01-24 18:00:00,0.0
2025-01-24 19:00:00,0.0
2025-01-24 20:00:00,0.0
2025-01-24 21:00:00,0.0
2025-01-24 22:00:00,0.0
2025-01-24 23:00:00,0.0
2025-01-25 00:00:00,0.0
2025-01-25 01:00:00,0.0
2025-01-25 02:00:00,0.0
2025-01-25 03:00:00,0.0
2025-01-25 04:00:00,0.0
2025-01-25 05:00:00,0.0
2025-01-25 06:00:00,0.0
2025-01-25 07:00:00,0.0
2025-01-25 08:00:00,0.1533408232154334
2025-01-25 09:00:00,0.2877250735489896
2025-01-25 10:00:00,0.4203437215770406
2025-01-25 11:00:00,0.4847515354477711
2025-01-25 12:00:00,0.49453042731046964
2025-01-25 13:00:00,0.4950907018307651
2025-01-25 14:00:00,0.4319985138333893
2025-01-25 15:00:00,0.28507716781049686
2025-01-25 16:00:00,0.16040354524068495
2025-01-25 17:00:00,0.0
2025-01-25 18:00:00,0.0
2025-01-25 19:00:00,0.0
2025-01-25 20:00:00,0.0
2025-01-25 21:00:00,0.0
2025-01-25 22:00:00,0.0
2025-01-25 23:00:00,0.0
2025-01-26 00:00:00,0.0
2025-01-26 01:00:00,0.0
2025-01-26 02:00:00,0.0
2025-01-26 03:00:00,0.0
2025-01-26 04:00:00,0.0
2025-01-26 05:00:00,0.0
2025-01-26 06:00:00,0.0
2025-01-26 07:00:00,0.0
2025-01-26 08:00:00,0.16640290348078265
2025-01-26 09:00:00,0.3128155700961982
2025-01-26 10:00:00,0.43187089317473026
2025-01-26 11:00:00,0.5073993673097835
2025-01-26 12:00:00,0.5350906669232097
2025-01-26 13:00:00,0.49654198093414476
2025-01-26 14:00:00,0.43528101510103784
2025-01-26 15:00:00,0.31468954231836926
2025-01-26 16:00:00,0.16248999823957638
2025-01-26 17:00:00,0.0
2025-01-26 18:00:00,0.0
2025-01-26 19:00:00,0.0
2025-01-26 20:00:00,0.0
2025-01-26 21:00:00,0.0
2025-01-26 22:00:00,0.0
2025-01-26 23:00:00,0.0
2025-01-27 00:00:00,0.0
2025-01-27 01:00:00,0.0
2025-01-27 02:00:00,0.0
2025-01-27 03:00:00,0.0
2025-01-27 04:00:00,0.0
2025-01-27 05:00:00,0.0
2025-01-27 06:00:00,0.0
2025-01-27 07:00:00,0.0002409510935519536
2025-01-27 08:00:00,0.1547161227457849
2025-01-27 09:00:00,0.2844273394567683
2025-01-27 10:00:00,0.4110703048903604
2025-01-27 11:00:00,0.4563717409421421
2025-01-27 12:00:00,0.5121868186794777
2025-01-27 13:00:00,0.46005616317321746
2025-01-27 14:00:00,0.3926980329336944
2025-01-27 15:00:00,0.28008194030106315
2025-01-27 16:00:00,0.14811374380619977
2025-01-27 17:00:00,0.00023293099707891372
2025-01-27 18:00:00,0.0
2025-01-27 19:00:00,0.0
2025-01-27 20:00:00,0.0
2025-01-27 21:00:00,0.0
2025-01-27 22:00:00,0.0
2025-01-27 23:00:00,0.0
2025-01-28 00:00:00,0.0
2025-01-28 01:00:00,0.0
2025-01-28 02:00:00,0.0
2025-01-28 03:00:00,0.0
2025-01-28 04:00:00,0.0
2025-01-28 05:00:00,0.0
2025-01-28 06:00:00,0.0
2025-01-28 07:00:00,0.0023163787325376235
2025-01-28 08:00:00,0.15758814740786037
2025-01-28 09:00:00,0.30711073377594095
2025-01-28 10:00:00,0.41873046712592077
2025-01-28 11:00:00,0.5111336419767605
2025-01-28 12:00:00,0.5001218417061747
2025-01-28 13:00:00,0.4731153013315118
2025-01-28 14:00:00,0.3902062077900029
2025-01-28 15:00:00,0.30191016736976756
2025-01-28 16:00:00,0.1571916936057886
2025-01-28 17:00:00,0.002340083689910341
2025-01-28 18:00:00,0.0
2025-01-28 19:00:00,0.0
2025-01-28 20:00:00,0.0
2025-01-28 21:00:00,0.0
2025-01-28 22:00:00,0.0
2025-01-28 23:00:00,0.0
2025-01-29 00:00:00,0.0
2025-01-29 01:00:00,0.0
2025-01-29 02:00:00,0.0
2025-01-29 03:00:00,0.0
2025-01-29 04:00:00,0.0
2025-01-29 05:00:00,0.0
2025-01-29 06:00:00,0.0
2025-01-29 07:00:00,0.004664522070416039
2025-01-29 08:00:00,0.1740753861965207
2025-01-29 09:00:00,0.3368687331287209
2025-01-29 10:00:00,0.4250961047879139
2025-01-29 11:00:00,0.5224824848423526
2025-01-29 12:00:00,0.5464968251460313
2025-01-29 13:00:00,0.5532308498162081
2025-01-29 14:00:00,0.45601095851674844
2025-01-29 15:00:00,0.31699490416099596
2025-01-29 16:00:00,0.17273145025166767
2025-01-29 17:00:00,0.005082479161799193
2025-01-29 18:00:00,0.0
2025-01-29 19:00:00,0.0
2025-01-29 20:00:00,0.0
2025-01-29 21:00:00,0.0
2025-01-29 22:00:00,0.0
2025-01-29 23:00:00,0.0
2025-01-30 00:00:00,0.0
2025-01-30 01:00:00,0.0
2025-01-30 02:00:00,0.0
2025-01-30 03:00:00,0.0
2025-01-30 04:00:00,0.0
2025-01-30 05:00:00,0.0
2025-01-30 06:00:00,0.0
2025-01-30 07:00:00,0.006562383439411727
2025-01-30 08:00:00,0.15324146962412127
2025-01-30 09:00:00,0.28844228460524085
2025-01-30 10:00:00,0.39752555828251346
2025-01-30 11:00:00,0.4549672308341787
2025-01-30 12:00:00,0.48635301896728367
2025-01-30 13:00:00,0.4781938207646611
2025-01-30 14:00:00,0.3878345458231962
2025-01-30 15:00:00,0.29070531734437566
2025-01-30 16:00:00,0.15935946084615987
2025-01-30 17:00:00,0.006196703905703851
2025-01-30 18:00:00,0.0
2025-01-30 19:00:00,0.0
2025-01-30 20:00:00,0.0
2025-01-30 21:00:00,0.0
2025-01-30 22:00:00,0.0
2025-01-30 23:00:00,0.0
2025-01-31 00:00:00,0.0
2025-01-31 01:00:00,0.0
2025-01-31 02:00:00,0.0
2025-01-31 03:00:00,0.0
2025-01-31 04:00:00,0.0
2025-01-31 05:00:00,0.0
2025-01-31 06:00:00,0.0
2025-01-31 07:00:00,0.008597932508292383
2025-01-31 08:00:00,0.15915943466498064
2025-01-31 09:00:00,0.29057271454466316
2025-01-31 10:00:00,0.3891872557241865
2025-01-31 11:00:00,0.4466692525487185
2025-01-31 12:00:00,0.5091844727557431
2025-01-31 13:00:00,0.4690138416884196
2025-01-31 14:00:00,0.3970797944938796
2025-01-31 15:00:00,0.28462800704722646
2025-01-31 16:00:00,0.15591030903296524
2025-01-31 17:00:00,0.008397262513415734
2025-01-31 18:00:00,0.0
2025-01-31 19:00:00,0.0
2025-01-31 20:00:00,0.0
2025-01-31 21:00:00,0.0
2025-01-31 22:00:00,0.0
2025-01-31 23:00:00,0.0
2025-02-01 00:00:00,0.0
2025-02-01 01:00:00,0.0
2025-02-01 02:00:00,0.0
2025-02-01 03:00:00,0.0
2025-02-01 04:00:00,0.0
2025-02-01 05:00:00,0.0
2025-02-01 06:00:00,0.0
2025-02-01 07:00:00,0.011576166945462627
2025-02-01 08:00:00,0.16493456953351399
2025-02-01 09:00:00,0.32610089038776496
2025-02-01 10:00:00,0.43140135103352356
2025-02-01 11:00:00,0.5031385240937973
2025-02-01 12:00:00,0.4985069761891643
2025-02-01 13:00:00,0.5051839952647385
2025-02-01 14:00:00,0.4417984204510618
2025-02-01 15:00:00,0.3143872585817973
2025-02-01 16:00:00,0.17831304223025723
2025-02-01 17:00:00,0.011846000203118717
2025-02-01 18:00:00,0.0
2025-02-01 19:00:00,0.0
2025-02-01 20:00:00,0.0
2025-02-01 21:00:00,0.0
2025-02-01 22:00:00,0.0
2025-02-01 23:00:00,0.0
2025-02-02 00:00:00,0.0
2025-02-02 01:00:00,0.0
2025-02-02 02:00:00,0.0
2025-02-02 03:00:00,0.0
2025-02-02 04:00:00,0.0
2025-02-02 05:00:00,0.0
2025-02-02 06:00:00,0.0
2025-02-02 07:00:00,0.008001890122640198
2025-02-02 08:00:00,0.10202360102303894
2025-02-02 09:00:00,0.20112284288849214
2025-02-02 10:00:00,0.25266361650838426
2025-02-02 11:00:00,0.2802532238696175
2025-02-02 12:00:00,0.32633431683834885
2025-02-02 13:00:00,0.31513905149044785
2025-02-02 14:00:00,0.2708650826605059
2025-02-02 15:00:00,0.1959670914407615
2025-02-02 16:00:00,0.10782827673359406
2025-02-02 17:00:00,0.008264520092894894
2025-02-02 18:00:00,0.0
2025-02-02 19:00:00,0.0
2025-02-02 20:00:00,0.0
2025-02-02 21:00:00,0.0
2025-02-02 22:00:00,0.0
2025-02-02 23:00:00,0.0
2025-02-03 00:00:00,0.0
2025-02-03 01:00:00,0.0
2025-02-03 02:00:00,0.0
2025-02-03 03:00:00,0.0
2025-02-03 04:00:00,0.0
2025-02-03 05:00:00,0.0
2025-02-03 06:00:00,0.0
2025-02-03 07:00:00,0.016070793133510005
2025-02-03 08:00:00,0.15839354822565288
2025-02-03 09:00:00,0.3053155271528816
2025-02-03 10:00:00,0.41448627913192926
2025-02-03 11:00:00,0.4837926912437388
2025-02-03 12:00:00,0.5244122176693383
2025-02-03 13:00:00,0.5053443244176139
2025-02-03 14:00:00,0.405033346226671
2025-02-03 15:00:00,0.3072062035682685
2025-02-03 16:00:00,0.16642906390770873
2025-02-03 17:00:00,0.014975487200806345
2025-02-03 18:00:00,0.0
2025-02-03 19:00:00,0.0
2025-02-03 20:00:00,0.0
2025-02-03 21:00:00,0.0
2025-02-03 22:00:00,0.0
2025-02-03 23:00:00,0.0
2025-02-04 00:00:00,0.0
2025-02-04 01:00:00,0.0
2025-02-04 02:00:00,0.0
2025-02-04 03:00:00,0.0
2025-02-04 04:00:00,0.0
2025-02-04 05:00:00,0.0
2025-02-04 06:00:00,0.0
2025-02-04 07:00:00,0.01885961163242903
2025-02-04 08:00:00,0.1815065764962455
2025-02-04 09:00:00,0.32504243123825877
2025-02-04 10:00:00,0.45660146028568344
2025-02-04 11:00:00,0.5331995795475916
2025-02-04 12:00:00,0.558427785891869
2025-02-04 13:00:00,0.5155024474386023
2025-02-04 14:00:00,0.4300335558886761
2025-02-04 15:00:00,0.34563134948744306
2025-02-04 16:00:00,0.1860012155791278
2025-02-04 17:00:00,0.01869348935180726
2025-02-04 18:00:00,0.0
2025-02-04 19:00:00,0.0
2025-02-04 20:00:00,0.0
2025-02-04 21:00:00,0.0
2025-02-04 22:00:00,0.0
2025-02-04 23:00:00,0.0
2025-02-05 00:00:00,0.0
2025-02-05 01:00:00,0.0
2025-02-05 02:00:00,0.0
2025-02-05 03:00:00,0.0
2025-02-05 04:00:00,0.0
2025-02-05 05:00:00,0.0
2025-02-05 06:00:00,0.0
2025-02-05 07:00:00,0.021672762446247867
2025-02-05 08:00:00,0.17939469560813323
2025-02-05 09:00:00,0.3347564797899355
2025-02-05 10:00:00,0.46001137714791723
2025-02-05 11:00:00,0.5247922672465898
2025-02-05 12:00:00,0.5376092049149409
2025-02-05 13:00:00,0.5187477756608581
2025-02-05 14:00:00,0.44710153754908916
2025-02-05 15:00:00,0.333812748468622
2025-02-05 16:00:00,0.19144934311838355
2025-02-05 17:00:00,0.02184795751661881
2025-02-05 18:00:00,0.0
2025-02-05 19:00:00,0.0
2025-02-05 20:00:00,0.0
2025-02-05 21:00:00,0.0
2025-02-05 22:00:00,0.0
2025-02-05 23:00:00,0.0
2025-02-06 00:00:00,0.0
2025-02-06 01:00:00,0.0
2025-02-06 02:00:00,0.0
2025-02-06 03:00:00,0.0
2025-02-06 04:00:00,0.0
2025-02-06 05:00:00,0.0
2025-02-06 06:00:00,0.0
2025-02-06 07:00:00,0.02397505284492574
2025-02-06 08:00:00,0.17899997226175576
2025-02-06 09:00:00,0.33076759497233005
2025-02-06 10:00:00,0.43273777767956223
2025-02-06 11:00:00,0.4969416784436768
2025-02-06 12:00:00,0.5703490720735823
2025-02-06 13:00:00,0.5280660702620592
2025-02-06 14:00:00,0.44411277103426655
2025-02-06 15:00:00,0.32292891570533405
2025-02-06 16:00:00,0.1820487156091574
2025-02-06 17:00:00,0.024858111818636258
2025-02-06 18:00:00,0.0
2025-02-06 19:00:00,0.0
2025-02-06 20:00:00,0.0
2025-02-06 21:00:00,0.0
2025-02-06 22:00:00,0.0
2025-02-06 23:00:00,0.0
2025-02-07 00:00:00,0.0
2025-02-07 01:00:00,0.0
2025-02-07 02:00:00,0.0
2025-02-07 03:00:00,0.0
2025-02-07 04:00:00,0.0
2025-02-07 05:00:00,0.0
2025-02-07 06:00:00,0.0
2025-02-07 07:00:00,0.02530400865043475
2025-02-07 08:00:00,0.1895321973647997
2025-02-07 09:00:00,0.3185631452555528
2025-02-07 10:00:00,0.4281229067263366
2025-02-07 11:00:00,0.498441300296373
2025-02-07 12:00:00,0.5273390947728603
2025-02-07 13:00:00,0.4802868018189659
2025-02-07 14:00:00,0.4264482679498028
2025-02-07 15:00:00,0.3252259887967941
2025-02-07 16:00:00,0.1840593213688374
2025-02-07 17:00:00,0.02676769026089838
2025-02-07 18:00:00,0.0
2025-02-07 19:00:00,0.0
2025-02-07 20:00:00,0.0
2025-02-07 21:00:00,0.0
2025-02-07 22:00:00,0.0
2025-02-07 23:00:00,0.0
2025-02-08 00:00:00,0.0
2025-02-08 01:00:00,0.0
2025-02-08 02:00:00,0.0
2025-02-08 03:00:00,0.0
2025-02-08 04:00:00,0.0
2025-02-08 05:00:00,0.0
2025-02-08 06:00:00,0.0
2025-02-08 07:00:00,0.02939759365142232
2025-02-08 08:00:00,0.18684089243125832
2025-02-08 09:00:00,0.327683189693769
2025-02-08 10:00:00,0.4411075405138121
2025-02-08 11:00:00,0.5271794396666009
2025-02-08 12:00:00,0.5567340059214588
2025-02-08 13:00:00,0.5009446556176383
2025-02-08 14:00:00,0.44350169434173237
2025-02-08 15:00:00,0.33879088732232465
2025-02-08 16:00:00,0.18646242601615715
2025-02-08 17:00:00,0.02980889400372466
2025-02-08 18:00:00,0.0
2025-02-08 19:00:00,0.0
2025-02-08 20:00:00,0.0
2025-02-08 21:00:00,0.0
2025-02-08 22:00:00,0.0
2025-02-08 23:00:00,0.0
2025-02-09 00:00:00,0.0
2025-02-09 01:00:00,0.0
2025-02-09 02:00:00,0.0
2025-02-09 03:00:00,0.0
2025-02-09 04:00:00,0.0
2025-02-09 05:00:00,0.0
2025-02-09 06:00:00,0.0
2025-02-09 07:00:00,0.034186277946045784
2025-02-09 08:00:00,0.1886282750455189
2025-02-09 09:00:00,0.3401990022877249
2025-02-09 10:00:00,0.48761602447206204
2025-02-09 11:00:00,0.5383935754709513
2025-02-09 12:00:00,0.5510275542393522
2025-02-09 13:00:00,0.5293779849672023
2025-02-09 14:00:00,0.4642023237810159
2025-02-09 15:00:00,0.360562904638345
2025-02-09 16:00:00,0.19363249854610914
2025-02-09 17:00:00,0.03181993069101338
2025-02-09 18:00:00,0.0
2025-02-09 19:00:00,0.0
2025-02-09 20:00:00,0.0
2025-02-09 21:00:00,0.0
2025-02-09 22:00:00,0.0
2025-02-09 23:00:00,0.0
2025-02-10 00:00:00,0.0
2025-02-10 01:00:00,0.0
2025-02-10 02:00:00,0.0
2025-02-10 03:00:00,0.0
2025-02-10 04:00:00,0.0
2025-02-10 05:00:00,0.0
2025-02-10 06:00:00,0.0
2025-02-10 07:00:00,0.03734578975849972
2025-02-10 08:00:00,0.20416872469689804
2025-02-10 09:00:00,0.3891737771470702
2025-02-10 10:00:00,0.46020559327615373
2025-02-10 11:00:00,0.567785300720342
2025-02-10 12:00:00,0.5481073619178204
2025-02-10 13:00:00,0.5445933550645149
2025-02-10 14:00:00,0.45406422440781363
2025-02-10 15:00:00,0.35783657576443245
2025-02-10 16:00:00,0.20530244848587248
2025-02-10 17:00:00,0.03599449580983891
2025-02-10 18:00:00,0.0
2025-02-10 19:00:00,0.0
2025-02-10 20:00:00,0.0
2025-02-10 21:00:00,0.0
2025-02-10 22:00:00,0.0
2025-02-10 23:00:00,0.0
2025-02-11 00:00:00,0.0
2025-02-11 01:00:00,0.0
2025-02-11 02:00:00,0.0
2025-02-11 03:00:00,0.0
2025-02-11 04:00:00,0.0
2025-02-11 05:00:00,0.0
2025-02-11 06:00:00,0.0
2025-02-11 07:00:00,0.038912707698131
2025-02-11 08:00:00,0.20615634969782362
2025-02-11 09:00:00,0.3568260263092579
2025-02-11 10:00:00,0.4835977780876469
2025-02-11 11:00:00,0.5416525090600559
2025-02-11 12:00:00,0.5634628360897619
2025-02-11 13:00:00,0.5581064942005578
2025-02-11 14:00:00,0.43254268244730737
2025-02-11 15:00:00,0.3513534252369672
2025-02-11 16:00:00,0.20068568737556364
2025-02-11 17:00:00,0.04067997079023856
2025-02-11 18:00:00,0.0
2025-02-11 19:00:00,0.0
2025-02-11 20:00:00,0.0
2025-02-11 21:00:00,0.0
2025-02-11 22:00:00,0.0
2025-02-11 23:00:00,0.0
2025-02-12 00:00:00,0.0
2025-02-12 01:00:00,0.0
2025-02-12 02:00:00,0.0
2025-02-12 03:00:00,0.0
2025-02-12 04:00:00,0.0
2025-02-12 05:00:00,0.0
2025-02-12 06:00:00,0.0
2025-02-12 07:00:00,0.04241687241858892
2025-02-12 08:00:00,0.2117249956214307
2025-02-12 09:00:00,0.36440763781310853
2025-02-12 10:00:00,0.47381911804782223
2025-02-12 11:00:00,0.5536923839689915
2025-02-12 12:00:00,0.6059058487979128
2025-02-12 13:00:00,0.5383938451001817
2025-02-12 14:00:00,0.45486280757538466
2025-02-12 15:00:00,0.3377605961321938
2025-02-12 16:00:00,0.21788242079610648
2025-02-12 17:00:00,0.04367201982644067
2025-02-12 18:00:00,0.0
2025-02-12 19:00:00,0.0
2025-02-12 20:00:00,0.0
2025-02-12 21:00:00,0.0
2025-02-12 22:00:00,0.0
2025-02-12 23:00:00,0.0
2025-02-13 00:00:00,0.0
2025-02-13 01:00:00,0.0
2025-02-13 02:00:00,0.0
2025-02-13 03:00:00,0.0
2025-02-13 04:00:00,0.0
2025-02-13 05:00:00,0.0
2025-02-13 06:00:00,0.0
2025-02-13 07:00:00,0.04626828778393867
2025-02-13 08:00:00,0.20303891913045186
2025-02-13 09:00:00,0.3670009641003274
2025-02-13 10:00:00,0.48471506955270605
2025-02-13 11:00:00,0.5612669831268359
2025-02-13 12:00:00,0.5828332683082731
2025-02-13 13:00:00,0.5494878838748772
2025-02-13 14:00:00,0.4632813980601328
2025-02-13 15:00:00,0.3719704617712936
2025-02-13 16:00:00,0.21592079032395986
2025-02-13 17:00:00,0.044219828204881864
2025-02-13 18:00:00,0.0
2025-02-13 19:00:00,0.0
2025-02-13 20:00:00,0.0
2025-02-13 21:00:00,0.0
2025-02-13 22:00:00,0.0
2025-02-13 23:00:00,0.0
2025-02-14 00:00:00,0.0
2025-02-14 01:00:00,0.0
2025-02-14 02:00:00,0.0
2025-02-14 03:00:00,0.0
2025-02-14 04:00:00,0.0
2025-02-14 05:00:00,0.0
2025-02-14 06:00:00,0.0
2025-02-14 07:00:00,0.049483277996769395
2025-02-14 08:00:00,0.20771295653587726
2025-02-14 09:00:00,0.36715330944907676
2025-02-14 10:00:00,0.4860422608421678
2025-02-14 11:00:00,0.5857268296535774
2025-02-14 12:00:00,0.5819865764327528
2025-02-14 13:00:00,0.5694754760856913
2025-02-14 14:00:00,0.49265818591603217
2025-02-14 15:00:00,0.3835583180172756
2025-02-14 16:00:00,0.21855801109439027
2025-02-14 17:00:00,0.050116526138916456
2025-02-14 18:00:00,0.0
2025-02-14 19:00:00,0.0
2025-02-14 20:00:00,0.0
2025-02-14 21:00:00,0.0
2025-02-14 22:00:00,0.0
2025-02-14 23:00:00,0.0
2025-02-15 00:00:00,0.0
2025-02-15 01:00:00,0.0
2025-02-15 02:00:00,0.0
2025-02-15 03:00:00,0.0
2025-02-15 04:00:00,0.0
2025-02-15 05:00:00,0.0
2025-02-15 06:00:00,0.0
2025-02-15 07:00:00,0.0483427173731051
2025-02-15 08:00:00,0.19723255152791633
2025-02-15 09:00:00,0.32976513938402296
2025-02-15 10:00:00,0.43775904184437936
2025-02-15 11:00:00,0.4919825600118124
2025-02-15 12:00:00,0.5272240532723124
2025-02-15 13:00:00,0.4898735916123597
2025-02-15 14:00:00,0.452973543278988
2025-02-15 15:00:00,0.33912110960076836
2025-02-15 16:00:00,0.20728218622039662
2025-02-15 17:00:00,0.0442087313819971
2025-02-15 18:00:00,0.0
2025-02-15 19:00:00,0.0
2025-02-15 20:00:00,0.0
2025-02-15 21:00:00,0.0
2025-02-15 22:00:00,0.0
2025-02-15 23:00:00,0.0
2025-02-16 00:00:00,0.0
2025-02-16 01:00:00,0.0
2025-02-16 02:00:00,0.0
2025-02-16 03:00:00,0.0
2025-02-16 04:00:00,0.0
2025-02-16 05:00:00,0.0
2025-02-16 06:00:00,0.0
2025-02-16 07:00:00,0.05194574139093241
2025-02-16 08:00:00,0.22195224090463422
2025-02-16 09:00:00,0.3900693430540004
2025-02-16 10:00:00,0.4998702221989202
2025-02-16 11:00:00,0.5726379116058585
2025-02-16 12:00:00,0.5886577290736297
2025-02-16 13:00:00,0.5989583752298167
2025-02-16 14:00:00,0.5123945654847583
2025-02-16 15:00:00,0.3904885157982091
2025-02-16 16:00:00,0.2261782868006909
2025-02-16 17:00:00,0.05671594334119023
2025-02-16 18:00:00,0.0
2025-02-16 19:00:00,0.0
2025-02-16 20:00:00,0.0
2025-02-16 21:00:00,0.0
2025-02-16 22:00:00,0.0
2025-02-16 23:00:00,0.0
2025-02-17 00:00:00,0.0
2025-02-17 01:00:00,0.0
2025-02-17 02:00:00,0.0
2025-02-17 03:00:00,0.0
2025-02-17 04:00:00,0.0
2025-02-17 05:00:00,0.0
2025-02-17 06:00:00,0.0
2025-02-17 07:00:00,0.058313626682761424
2025-02-17 08:00:00,0.23246912066746253
2025-02-17 09:00:00,0.3769982112530775
2025-02-17 10:00:00,0.5151067937945938
2025-02-17 11:00:00,0.5523110451916491
2025-02-17 12:00:00,0.6225878127648038
2025-02-17 13:00:00,0.5809577171868716
2025-02-17 14:00:00,0.5009049652115936
2025-02-17 15:00:00,0.3656369926360591
2025-02-17 16:00:00,0.2250810581091815
2025-02-17 17:00:00,0.06135036270923035
2025-02-17 18:00:00,0.0
2025-02-17 19:00:00,0.0
2025-02-17 20:00:00,0.0
2025-02-17 21:00:00,0.0
2025-02-17 22:00:00,0.0
2025-02-17 23:00:00,0.0
2025-02-18 00:00:00,0.0
2025-02-18 01:00:00,0.0
2025-02-18 02:00:00,0.0
2025-02-18 03:00:00,0.0
2025-02-18 04:00:00,0.0
2025-02-18 05:00:00,0.0
2025-02-18 06:00:00,0.0
2025-02-18 07:00:00,0.060441780640338456
2025-02-18 08:00:00,0.2089057687991915
2025-02-18 09:00:00,0.36599258476525287
2025-02-18 10:00:00,0.44756615840208835
2025-02-18 11:00:00,0.5435460120995887
2025-02-18 12:00:00,0.568734935244939
2025-02-18 13:00:00,0.5249127162095658
2025-02-18 14:00:00,0.4466927393213938
2025-02-18 15:00:00,0.3335465702889953
2025-02-18 16:00:00,0.21107257772602148
2025-02-18 17:00:00,0.05807938174648746
2025-02-18 18:00:00,0.0
2025-02-18 19:00:00,0.0
2025-02-18 20:00:00,0.0
2025-02-18 21:00:00,0.0
2025-02-18 22:00:00,0.0
2025-02-18 23:00:00,0.0
2025-02-19 00:00:00,0.0
2025-02-19 01:00:00,0.0
2025-02-19 02:00:00,0.0
2025-02-19 03:00:00,0.0
2025-02-19 04:00:00,0.0
2025-02-19 05:00:00,0.0
2025-02-19 06:00:00,0.0
2025-02-19 07:00:00,0.053516207281096476
2025-02-19 08:00:00,0.20356049723547823
2025-02-19 09:00:00,0.34927420302559653
2025-02-19 10:00:00,0.43342762643078786
2025-02-19 11:00:00,0.5323642588209281
2025-02-19 12:00:00,0.5184098168629597
2025-02-19 13:00:00,0.517166656695298
2025-02-19 14:00:00,0.457353153625164
2025-02-19 15:00:00,0.34453687966209723
2025-02-19 16:00:00,0.1988855635681153
2025-02-19 17:00:00,0.055681803511867675
2025-02-19 18:00:00,0.0
2025-02-19 19:00:00,0.0
2025-02-19 20:00:00,0.0
2025-02-19 21:00:00,0.0
2025-02-19 22:00:00,0.0
2025-02-19 23:00:00,0.0
2025-02-20 00:00:00,0.0
2025-02-20 01:00:00,0.0
2025-02-20 02:00:00,0.0
2025-02-20 03:00:00,0.0
2025-02-20 04:00:00,0.0
2025-02-20 05:00:00,0.0
2025-02-20 06:00:00,0.0
2025-02-20 07:00:00,0.026668391569806927
2025-02-20 08:00:00,0.08974297501362866
2025-02-20 09:00:00,0.15574789051788498
2025-02-20 10:00:00,0.19572122883011064
2025-02-20 11:00:00,0.22314249218972107
2025-02-20 12:00:00,0.23853931455112395
2025-02-20 13:00:00,0.22483104618556496
2025-02-20 14:00:00,0.18662694012316663
2025-02-20 15:00:00,0.1460629008097728
2025-02-20 16:00:00,0.09554169278715186
2025-02-20 17:00:00,0.026589741812665112
2025-02-20 18:00:00,0.0
2025-02-20 19:00:00,0.0
2025-02-20 20:00:00,0.0
2025-02-20 21:00:00,0.0
2025-02-20 22:00:00,0.0
2025-02-20 23:00:00,0.0
2025-02-21 00:00:00,0.0
2025-02-21 01:00:00,0.0
2025-02-21 02:00:00,0.0
2025-02-21 03:00:00,0.0
2025-02-21 04:00:00,0.0
2025-02-21 05:00:00,0.0
2025-02-21 06:00:00,0.0
2025-02-21 07:00:00,0.06531854332730005
2025-02-21 08:00:00,0.23151744022630336
2025-02-21 09:00:00,0.37748191915963464
2025-02-21 10:00:00,0.4704270971326662
2025-02-21 11:00:00,0.5654479468383937
2025-02-21 12:00:00,0.5691741795893723
2025-02-21 13:00:00,0.5654072279786434
2025-02-21 14:00:00,0.4565329797905475
2025-02-21 15:00:00,0.37577640289495545
2025-02-21 16:00:00,0.22684940324433853
2025-02-21 17:00:00,0.07043489171573022
2025-02-21 18:00:00,0.0
2025-02-21 19:00:00,0.0
2025-02-21 20:00:00,0.0
2025-02-21 21:00:00,0.0
2025-02-21 22:00:00,0.0
2025-02-21 23:00:00,0.0
2025-02-22 00:00:00,0.0
2025-02-22 01:00:00,0.0
2025-02-22 02:00:00,0.0
2025-02-22 03:00:00,0.0
2025-02-22 04:00:00,0.0
2025-02-22 05:00:00,0.0
2025-02-22 06:00:00,0.0
2025-02-22 07:00:00,0.07344394316385362
2025-02-22 08:00:00,0.23046087366368123
2025-02-22 09:00:00,0.38804533972372485
2025-02-22 10:00:00,0.543460967092337
2025-02-22 11:00:00,0.5706003680644064
2025-02-22 12:00:00,0.596646776265043
2025-02-22 13:00:00,0.5682402073759245
2025-02-22 14:00:00,0.5302128943610538
2025-02-22 15:00:00,0.3919062830782152
2025-02-22 16:00:00,0.2405309133409397
2025-02-22 17:00:00,0.07826224663486704
2025-02-22 18:00:00,0.0
2025-02-22 19:00:00,0.0
2025-02-22 20:00:00,0.0
2025-02-22 21:00:00,0.0
2025-02-22 22:00:00,0.0
2025-02-22 23:00:00,0.0
2025-02-23 00:00:00,0.0
2025-02-23 01:00:00,0.0
2025-02-23 02:00:00,0.0
2025-02-23 03:00:00,0.0
2025-02-23 04:00:00,0.0
2025-02-23 05:00:00,0.0
2025-02-23 06:00:00,0.0
2025-02-23 07:00:00,0.07974235760337166
2025-02-23 08:00:00,0.23826297481288355
2025-02-23 09:00:00,0.3826954569707258
2025-02-23 10:00:00,0.504875548588076
2025-02-23 11:00:00,0.5647718503162357
2025-02-23 12:00:00,0.600467948705114
2025-02-23 13:00:00,0.5736101937564966
2025-02-23 14:00:00,0.49910711835335203
2025-02-23 15:00:00,0.4165509809331093
2025-02-23 16:00:00,0.2467509160890846
2025-02-23 17:00:00,0.07342550263408049
2025-02-23 18:00:00,0.0
2025-02-23 19:00:00,0.0
2025-02-23 20:00:00,0.0
2025-02-23 21:00:00,0.0
2025-02-23 22:00:00,0.0
2025-02-23 23:00:00,0.0
2025-02-24 00:00:00,0.0
2025-02-24 01:00:00,0.0
2025-02-24 02:00:00,0.0
2025-02-24 03:00:00,0.0
2025-02-24 04:00:00,0.0
2025-02-24 05:00:00,0.0
2025-02-24 06:00:00,0.0
2025-02-24 07:00:00,0.07589177988443284
2025-02-24 08:00:00,0.22579175326964818
2025-02-24 09:00:00,0.3589801413927303
2025-02-24 10:00:00,0.48688398318652865
2025-02-24 11:00:00,0.5306844635258879
2025-02-24 12:00:00,0.5549927056340807
2025-02-24 13:00:00,0.538723649380807
2025-02-24 14:00:00,0.4633347650652113
2025-02-24 15:00:00,0.35137812243198396
2025-02-24 16:00:00,0.22878519664440605
2025-02-24 17:00:00,0.07354238246801055
2025-02-24 18:00:00,0.0
2025-02-24 19:00:00,0.0
2025-02-24 20:00:00,0.0
2025-02-24 21:00:00,0.0
2025-02-24 22:00:00,0.0
2025-02-24 23:00:00,0.0
2025-02-25 00:00:00,0.0
2025-02-25 01:00:00,0.0
2025-02-25 02:00:00,0.0
2025-02-25 03:00:00,0.0
2025-02-25 04:00:00,0.0
2025-02-25 05:00:00,0.0
2025-02-25 06:00:00,0.0
2025-02-25 07:00:00,0.0822029202118446
2025-02-25 08:00:00,0.23632834771139477
2025-02-25 09:00:00,0.36975524182931246
2025-02-25 10:00:00,0.4932590089986828
2025-02-25 11:00:00,0.5369408601631817
2025-02-25 12:00:00,0.5920778204277231
2025-02-25 13:00:00,0.567914734688484
2025-02-25 14:00:00,0.50002395055268
2025-02-25 15:00:00,0.3786107980593779
2025-02-25 16:00:00,0.23294922655736447
2025-02-25 17:00:00,0.07941038369388612
2025-02-25 18:00:00,0.0
2025-02-25 19:00:00,0.0
2025-02-25 20:00:00,0.0
2025-02-25 21:00:00,0.0
2025-02-25 22:00:00,0.0
2025-02-25 23:00:00,0.0
2025-02-26 00:00:00,0.0
2025-02-26 01:00:00,0.0
2025-02-26 02:00:00,0.0
2025-02-26 03:00:00,0.0
2025-02-26 04:00:00,0.0
2025-02-26 05:00:00,0.0
2025-02-26 06:00:00,0.0
2025-02-26 07:00:00,0.09480298472893799
2025-02-26 08:00:00,0.27032519992855464
2025-02-26 09:00:00,0.4229188139079203
2025-02-26 10:00:00,0.5465070471082256
2025-02-26 11:00:00,0.6268298739849014
2025-02-26 12:00:00,0.6249297771715121
2025-02-26 13:00:00,0.626755235944818
2025-02-26 14:00:00,0.5613301343066996
2025-02-26 15:00:00,0.416192112526201
2025-02-26 16:00:00,0.2633843469073877
2025-02-26 17:00:00,0.0927722794243887
2025-02-26 18:00:00,0.0
2025-02-26 19:00:00,0.0
2025-02-26 20:00:00,0.0
2025-02-26 21:00:00,0.0
2025-02-26 22:00:00,0.0
2025-02-26 23:00:00,0.0
2025-02-27 00:00:00,0.0
2025-02-27 01:00:00,0.0
2025-02-27 02:00:00,0.0
2025-02-27 03:00:00,0.0
2025-02-27 04:00:00,0.0
2025-02-27 05:00:00,0.0
2025-02-27 06:00:00,0.0
2025-02-27 07:00:00,0.08326046309784578
2025-02-27 08:00:00,0.23657293896853074
2025-02-27 09:00:00,0.37666629522462053
2025-02-27 10:00:00,0.47130199049965227
2025-02-27 11:00:00,0.5448480975362728
2025-02-27 12:00:00,0.5435087091221986
2025-02-27 13:00:00,0.5787781806690623
2025-02-27 14:00:00,0.467876034184946
2025-02-27 15:00:00,0.37053214215161184
2025-02-27 16:00:00,0.23907489562449885
2025-02-27 17:00:00,0.0819661145645759
2025-02-27 18:00:00,0.0
2025-02-27 19:00:00,0.0
2025-02-27 20:00:00,0.0
2025-02-27 21:00:00,0.0
2025-02-27 22:00:00,0.0
2025-02-27 23:00:00,0.0
2025-02-28 00:00:00,0.0
2025-02-28 01:00:00,0.0
2025-02-28 02:00:00,0.0
2025-02-28 03:00:00,0.0
2025-02-28 04:00:00,0.0
2025-02-28 05:00:00,0.0
2025-02-28 06:00:00,0.0
2025-02-28 07:00:00,0.09994321831189615
2025-02-28 08:00:00,0.27206257939122397
2025-02-28 09:00:00,0.40678112545044737
2025-02-28 10:00:00,0.5495770281019443
2025-02-28 11:00:00,0.5872614393638294
2025-02-28 12:00:00,0.6095832819997211
2025-02-28 13:00:00,0.584121774952015
2025-02-28 14:00:00,0.5492656232790231
2025-02-28 15:00:00,0.41667438809714247
2025-02-28 16:00:00,0.26865466753406
2025-02-28 17:00:00,0.09688316204711976
2025-02-28 18:00:00,0.0
2025-02-28 19:00:00,0.0
2025-02-28 20:00:00,0.0
2025-02-28 21:00:00,0.0
2025-02-28 22:00:00,0.0
2025-02-28 23:00:00,0.0
2025-03-01 00:00:00,0.0
2025-03-01 01:00:00,0.0
2025-03-01 02:00:00,0.0
2025-03-01 03:00:00,0.0
2025-03-01 04:00:00,0.0
2025-03-01 05:00:00,0.0
2025-03-01 06:00:00,0.0
2025-03-01 07:00:00,0.09403730777241641
2025-03-01 08:00:00,0.26125104776739927
2025-03-01 09:00:00,0.39561515276743436
2025-03-01 10:00:00,0.4937894749895408
2025-03-01 11:00:00,0.5699021267095015
2025-03-01 12:00:00,0.593661318135432
2025-03-01 13:00:00,0.5671983533349035
2025-03-01 14:00:00,0.4804652490770197
2025-03-01 15:00:00,0.406763142819697
2025-03-01 16:00:00,0.26105029592200124
2025-03-01 17:00:00,0.09080407138879794
2025-03-01 18:00:00,0.0
2025-03-01 19:00:00,0.0
2025-03-01 20:00:00,0.0
2025-03-01 21:00:00,0.0
2025-03-01 22:00:00,0.0
2025-03-01 23:00:00,0.0
2025-03-02 00:00:00,0.0
2025-03-02 01:00:00,0.0
2025-03-02 02:00:00,0.0
2025-03-02 03:00:00,0.0
2025-03-02 04:00:00,0.0
2025-03-02 05:00:00,0.0
2025-03-02 06:00:00,0.0
2025-03-02 07:00:00,0.10038371955826293
2025-03-02 08:00:00,0.2669826003383265
2025-03-02 09:00:00,0.43019341221706336
2025-03-02 10:00:00,0.5047520470231324
2025-03-02 11:00:00,0.5371433250210158
2025-03-02 12:00:00,0.5925613137713798
2025-03-02 13:00:00,0.5964129220765668
2025-03-02 14:00:00,0.5179767721077263
2025-03-02 15:00:00,0.3917505712389936
2025-03-02 16:00:00,0.2523982409715192
2025-03-02 17:00:00,0.09888154587891329
2025-03-02 18:00:00,0.0
2025-03-02 19:00:00,0.0
2025-03-02 20:00:00,0.0
2025-03-02 21:00:00,0.0
2025-03-02 22:00:00,0.0
2025-03-02 23:00:00,0.0
2025-03-03 00:00:00,0.0
2025-03-03 01:00:00,0.0
2025-03-03 02:00:00,0.0
2025-03-03 03:00:00,0.0
2025-03-03 04:00:00,0.0
2025-03-03 05:00:00,0.0
2025-03-03 06:00:00,0.0
2025-03-03 07:00:00,0.11148774801385901
2025-03-03 08:00:00,0.2599663440925347
2025-03-03 09:00:00,0.41049933819722895
2025-03-03 10:00:00,0.5296217901681374
2025-03-03 11:00:00,0.5937278365342911
2025-03-03 12:00:00,0.6436080329530038
2025-03-03 13:00:00,0.5936349903505656
2025-03-03 14:00:00,0.5243494547159725
2025-03-03 15:00:00,0.42588454063831244
2025-03-03 16:00:00,0.2856467897747317
2025-03-03 17:00:00,0.10941633021153983
2025-03-03 18:00:00,0.0
2025-03-03 19:00:00,0.0
2025-03-03 20:00:00,0.0
2025-03-03 21:00:00,0.0
2025-03-03 22:00:00,0.0
2025-03-03 23:00:00,0.0
2025-03-04 00:00:00,0.0
2025-03-04 01:00:00,0.0
2025-03-04 02:00:00,0.0
2025-03-04 03:00:00,0.0
2025-03-04 04:00:00,0.0
2025-03-04 05:00:00,0.0
2025-03-04 06:00:00,0.0
2025-03-04 07:00:00,0.10473999793880172
2025-03-04 08:00:00,0.2772256717168566
2025-03-04 09:00:00,0.4075412413147836
2025-03-04 10:00:00,0.5299215551176273
2025-03-04 11:00:00,0.5868235837696695
2025-03-04 12:00:00,0.619102299491962
2025-03-04 13:00:00,0.6077538619336824
2025-03-04 14:00:00,0.4967042478859023
2025-03-04 15:00:00,0.3910857083095606
2025-03-04 16:00:00,0.2676914262230562
2025-03-04 17:00:00,0.10383443994642746
2025-03-04 18:00:00,0.0
2025-03-04 19:00:00,0.0
2025-03-04 20:00:00,0.0
2025-03-04 21:00:00,0.0
2025-03-04 22:00:00,0.0
2025-03-04 23:00:00,0.0
2025-03-05 00:00:00,0.0
2025-03-05 01:00:00,0.0
2025-03-05 02:00:00,0.0
2025-03-05 03:00:00,0.0
2025-03-05 04:00:00,0.0
2025-03-05 05:00:00,0.0
2025-03-05 06:00:00,0.0
2025-03-05 07:00:00,0.10978009541958426
2025-03-05 08:00:00,0.3041514840505735
2025-03-05 09:00:00,0.4328718586418024
2025-03-05 10:00:00,0.5545284986646108
2025-03-05 11:00:00,0.6086767681902635
2025-03-05 12:00:00,0.6308687365595915
2025-03-05 13:00:00,0.6542135044852393
2025-03-05 14:00:00,0.5149336257726017
2025-03-05 15:00:00,0.4355601137204667
2025-03-05 16:00:00,0.2739794990488433
2025-03-05 17:00:00,0.11340541663302856
2025-03-05 18:00:00,0.0
2025-03-05 19:00:00,0.0
2025-03-05 20:00:00,0.0
2025-03-05 21:00:00,0.0
2025-03-05 22:00:00,0.0
2025-03-05 23:00:00,0.0
2025-03-06 00:00:00,0.0
2025-03-06 01:00:00,0.0
2025-03-06 02:00:00,0.0
2025-03-06 03:00:00,0.0
2025-03-06 04:00:00,0.0
2025-03-06 05:00:00,0.0
2025-03-06 06:00:00,0.0
2025-03-06 07:00:00,0.128379998023106
2025-03-06 08:00:00,0.2967896952488327
2025-03-06 09:00:00,0.4532296319217616
2025-03-06 10:00:00,0.582511418425237
2025-03-06 11:00:00,0.631428476618555
2025-03-06 12:00:00,0.6823344722031692
2025-03-06 13:00:00,0.641648185569996
2025-03-06 14:00:00,0.5563781637422451
2025-03-06 15:00:00,0.44351687228666614
2025-03-06 16:00:00,0.2744335101648205
2025-03-06 17:00:00,0.12056061680479303
2025-03-06 18:00:00,0.0
2025-03-06 19:00:00,0.0
2025-03-06 20:00:00,0.0
2025-03-06 21:00:00,0.0
2025-03-06 22:00:00,0.0
2025-03-06 23:00:00,0.0
2025-03-07 00:00:00,0.0
2025-03-07 01:00:00,0.0
2025-03-07 02:00:00,0.0
2025-03-07 03:00:00,0.0
2025-03-07 04:00:00,0.0
2025-03-07 05:00:00,0.0
2025-03-07 06:00:00,0.0
2025-03-07 07:00:00,0.11536700570519433
2025-03-07 08:00:00,0.2740241540547423
2025-03-07 09:00:00,0.3910821242020334
2025-03-07 10:00:00,0.49641327744474406
2025-03-07 11:00:00,0.5534909541718607
2025-03-07 12:00:00,0.5812146531664389
2025-03-07 13:00:00,0.5464683989638067
2025-03-07 14:00:00,0.5025811247858184
2025-03-07 15:00:00,0.4082758581211296
2025-03-07 16:00:00,0.26000297843166076
2025-03-07 17:00:00,0.1113866962211391
2025-03-07 18:00:00,0.0
2025-03-07 19:00:00,0.0
2025-03-07 20:00:00,0.0
2025-03-07 21:00:00,0.0
2025-03-07 22:00:00,0.0
2025-03-07 23:00:00,0.0
2025-03-08 00:00:00,0.0
2025-03-08 01:00:00,0.0
2025-03-08 02:00:00,0.0
2025-03-08 03:00:00,0.0
2025-03-08 04:00:00,0.0
2025-03-08 05:00:00,0.0
2025-03-08 06:00:00,0.0
2025-03-08 07:00:00,0.12193889272765951
2025-03-08 08:00:00,0.27967861349768636
2025-03-08 09:00:00,0.42891751822909896
2025-03-08 10:00:00,0.5062507362800711
2025-03-08 11:00:00,0.629322176755596
2025-03-08 12:00:00,0.6361268659563983
2025-03-08 13:00:00,0.587220716382439
2025-03-08 14:00:00,0.5245257810508277
2025-03-08 15:00:00,0.4030401470032165
2025-03-08 16:00:00,0.2809347076192762
2025-03-08 17:00:00,0.11936494863308882
2025-03-08 18:00:00,0.0
2025-03-08 19:00:00,0.0
2025-03-08 20:00:00,0.0
2025-03-08 21:00:00,0.0
2025-03-08 22:00:00,0.0
2025-03-08 23:00:00,0.0
2025-03-09 00:00:00,0.0
2025-03-09 01:00:00,0.0
2025-03-09 02:00:00,0.0
2025-03-09 03:00:00,0.0
2025-03-09 04:00:00,0.0
2025-03-09 05:00:00,0.0
2025-03-09 06:00:00,0.0
2025-03-09 07:00:00,0.12656255334270014
2025-03-09 08:00:00,0.3113152806395373
2025-03-09 09:00:00,0.45505366351073007
2025-03-09 10:00:00,0.614495697005789
2025-03-09 11:00:00,0.6364151120430597
2025-03-09 12:00:00,0.6753895302958465
2025-03-09 13:00:00,0.6985553690619893
2025-03-09 14:00:00,0.5741078425113084
2025-03-09 15:00:00,0.4540838648364747
2025-03-09 16:00:00,0.29618709726052794
2025-03-09 17:00:00,0.13871048083385945
2025-03-09 18:00:00,0.0
2025-03-09 19:00:00,0.0
2025-03-09 20:00:00,0.0
2025-03-09 21:00:00,0.0
2025-03-09 22:00:00,0.0
2025-03-09 23:00:00,0.0
2025-03-10 00:00:00,0.0
2025-03-10 01:00:00,0.0
2025-03-10 02:00:00,0.0
2025-03-10 03:00:00,0.0
2025-03-10 04:00:00,0.0
2025-03-10 05:00:00,0.0
2025-03-10 06:00:00,0.0
2025-03-10 07:00:00,0.06940450461271515
2025-03-10 08:00:00,0.17166619559779206
2025-03-10 09:00:00,0.2487861845565064
2025-03-10 10:00:00,0.30932246243504447
2025-03-10 11:00:00,0.35094216801060496
2025-03-10 12:00:00,0.3479974635239377
2025-03-10 13:00:00,0.35412417662810264
2025-03-10 14:00:00,0.2996188514588137
2025-03-10 15:00:00,0.24739954942091327
2025-03-10 16:00:00,0.16894661048071702
2025-03-10 17:00:00,0.07669491850977492
2025-03-10 18:00:00,0.0
2025-03-10 19:00:00,0.0
2025-03-10 20:00:00,0.0
2025-03-10 21:00:00,0.0
2025-03-10 22:00:00,0.0
2025-03-10 23:00:00,0.0
2025-03-11 00:00:00,0.0
2025-03-11 01:00:00,0.0
2025-03-11 02:00:00,0.0
2025-03-11 03:00:00,0.0
2025-03-11 04:00:00,0.0
2025-03-11 05:00:00,0.0
2025-03-11 06:00:00,0.0
2025-03-11 07:00:00,0.13652321914478527
2025-03-11 08:00:00,0.31295654908617465
2025-03-11 09:00:00,0.4506331040952736
2025-03-11 10:00:00,0.5631032037241224
2025-03-11 11:00:00,0.6356429300620062
2025-03-11 12:00:00,0.6225948550442927
2025-03-11 13:00:00,0.6391812192206721
2025-03-11 14:00:00,0.5637590987606172
2025-03-11 15:00:00,0.46108260475021257
2025-03-11 16:00:00,0.3094897160832373
2025-03-11 17:00:00,0.1356613017292194
2025-03-11 18:00:00,0.0
2025-03-11 19:00:00,0.0
2025-03-11 20:00:00,0.0
2025-03-11 21:00:00,0.0
2025-03-11 22:00:00,0.0
2025-03-11 23:00:00,0.0
2025-03-12 00:00:00,0.0
2025-03-12 01:00:00,0.0
2025-03-12 02:00:00,0.0
2025-03-12 03:00:00,0.0
2025-03-12 04:00:00,0.0
2025-03-12 05:00:00,0.0
2025-03-12 06:00:00,0.0
2025-03-12 07:00:00,0.14597465224443393
2025-03-12 08:00:00,0.31778228026144234
2025-03-12 09:00:00,0.4470327981154842
2025-03-12 10:00:00,0.6065852150281513
2025-03-12 11:00:00,0.702214874959356
2025-03-12 12:00:00,0.7109278746991362
2025-03-12 13:00:00,0.6810683081656704
2025-03-12 14:00:00,0.5903062846592997
2025-03-12 15:00:00,0.4583053552824244
2025-03-12 16:00:00,0.32037876761018874
2025-03-12 17:00:00,0.15500379800156128
2025-03-12 18:00:00,0.0
2025-03-12 19:00:00,0.0
2025-03-12 20:00:00,0.0
2025-03-12 21:00:00,0.0
2025-03-12 22:00:00,0.0
2025-03-12 23:00:00,0.0
2025-03-13 00:00:00,0.0
2025-03-13 01:00:00,0.0
2025-03-13 02:00:00,0.0
2025-03-13 03:00:00,0.0
2025-03-13 04:00:00,0.0
2025-03-13 05:00:00,0.0
2025-03-13 06:00:00,0.0
2025-03-13 07:00:00,0.1356924661369578
2025-03-13 08:00:00,0.289481354728493
2025-03-13 09:00:00,0.4324997893843753
2025-03-13 10:00:00,0.5237977782256504
2025-03-13 11:00:00,0.5626886390256175
2025-03-13 12:00:00,0.6126646570204758
2025-03-13 13:00:00,0.5901464561080363
2025-03-13 14:00:00,0.5038725700244221
2025-03-13 15:00:00,0.42423768883119384
2025-03-13 16:00:00,0.27232144884173487
2025-03-13 17:00:00,0.13300492923735655
2025-03-13 18:00:00,0.0
2025-03-13 19:00:00,0.0
2025-03-13 20:00:00,0.0
2025-03-13 21:00:00,0.0
2025-03-13 22:00:00,0.0
2025-03-13 23:00:00,0.0
2025-03-14 00:00:00,0.0
2025-03-14 01:00:00,0.0
2025-03-14 02:00:00,0.0
2025-03-14 03:00:00,0.0
2025-03-14 04:00:00,0.0
2025-03-14 05:00:00,0.0
2025-03-14 06:00:00,0.0
2025-03-14 07:00:00,0.1372913750785144
2025-03-14 08:00:00,0.29102467273991894
2025-03-14 09:00:00,0.4173066459324514
2025-03-14 10:00:00,0.5449047708375411
2025-03-14 11:00:00,0.587190634978626
2025-03-14 12:00:00,0.6113465488756306
2025-03-14 13:00:00,0.5898526608884932
2025-03-14 14:00:00,0.518141991494106
2025-03-14 15:00:00,0.40724684255211346
2025-03-14 16:00:00,0.29066612610214015
2025-03-14 17:00:00,0.14207861369246286
2025-03-14 18:00:00,0.0
2025-03-14 19:00:00,0.0
2025-03-14 20:00:00,0.0
2025-03-14 21:00:00,0.0
2025-03-14 22:00:00,0.0
2025-03-14 23:00:00,0.0
2025-03-15 00:00:00,0.0
2025-03-15 01:00:00,0.0
2025-03-15 02:00:00,0.0
2025-03-15 03:00:00,0.0
2025-03-15 04:00:00,0.0
2025-03-15 05:00:00,0.0
2025-03-15 06:00:00,0.0
2025-03-15 07:00:00,0.15802040597428024
2025-03-15 08:00:00,0.33057434302962924
2025-03-15 09:00:00,0.47145534277258244
2025-03-15 10:00:00,0.5978348571658414
2025-03-15 11:00:00,0.6300700201101302
2025-03-15 12:00:00,0.6873168285377903
2025-03-15 13:00:00,0.6503503220636039
2025-03-15 14:00:00,0.6383343759692218
2025-03-15 15:00:00,0.47636602952651774
2025-03-15 16:00:00,0.3206784891628417
2025-03-15 17:00:00,0.1491001908474238
2025-03-15 18:00:00,0.0
2025-03-15 19:00:00,0.0
2025-03-15 20:00:00,0.0
2025-03-15 21:00:00,0.0
2025-03-15 22:00:00,0.0
2025-03-15 23:00:00,0.0
2025-03-16 00:00:00,0.0
2025-03-16 01:00:00,0.0
2025-03-16 02:00:00,0.0
2025-03-16 03:00:00,0.0
2025-03-16 04:00:00,0.0
2025-03-16 05:00:00,0.0
2025-03-16 06:00:00,0.0
2025-03-16 07:00:00,0.15669339073102564
2025-03-16 08:00:00,0.3312523455110289
2025-03-16 09:00:00,0.49200552133544423
2025-03-16 10:00:00,0.5634760097608077
2025-03-16 11:00:00,0.6317068039992424
2025-03-16 12:00:00,0.7109929790543729
2025-03-16 13:00:00,0.6977928460651897
2025-03-16 14:00:00,0.5727877538357905
2025-03-16 15:00:00,0.482575629226031
2025-03-16 16:00:00,0.3287047187478859
2025-03-16 17:00:00,0.15937256093800597
2025-03-16 18:00:00,0.0
2025-03-16 19:00:00,0.0
2025-03-16 20:00:00,0.0
2025-03-16 21:00:00,0.0
2025-03-16 22:00:00,0.0
2025-03-16 23:00:00,0.0
2025-03-17 00:00:00,0.0
2025-03-17 01:00:00,0.0
2025-03-17 02:00:00,0.0
2025-03-17 03:00:00,0.0
2025-03-17 04:00:00,0.0
2025-03-17 05:00:00,0.0
2025-03-17 06:00:00,0.0
2025-03-17 07:00:00,0.16096287644265997
2025-03-17 08:00:00,0.34025714368408466
2025-03-17 09:00:00,0.4955680446774918
2025-03-17 10:00:00,0.5882740307371834
2025-03-17 11:00:00,0.6557878404618633
2025-03-17 12:00:00,0.7131622744760896
2025-03-17 13:00:00,0.6687201031564374
2025-03-17 14:00:00,0.5843924346736944
2025-03-17 15:00:00,0.5090000072041116
2025-03-17 16:00:00,0.33693935279746523
2025-03-17 17:00:00,0.1738012103952097
2025-03-17 18:00:00,0.0
2025-03-17 19:00:00,0.0
2025-03-17 20:00:00,0.0
2025-03-17 21:00:00,0.0
2025-03-17 22:00:00,0.0
2025-03-17 23:00:00,0.0
2025-03-18 00:00:00,0.0
2025-03-18 01:00:00,0.0
2025-03-18 02:00:00,0.0
2025-03-18 03:00:00,0.0
2025-03-18 04:00:00,0.0
2025-03-18 05:00:00,0.0
2025-03-18 06:00:00,0.0
2025-03-18 07:00:00,0.16047035631458922
2025-03-18 08:00:00,0.3181972366293194
2025-03-18 09:00:00,0.4619059716220484
2025-03-18 10:00:00,0.5493335987648711
2025-03-18 11:00:00,0.6737989100796759
2025-03-18 12:00:00,0.6201832918274134
2025-03-18 13:00:00,0.6113532148804731
2025-03-18 14:00:00,0.5701807514718525
2025-03-18 15:00:00,0.46045148053596663
2025-03-18 16:00:00,0.3184646500712008
2025-03-18 17:00:00,0.15864406141126186
2025-03-18 18:00:00,0.0
2025-03-18 19:00:00,0.0
2025-03-18 20:00:00,0.0
2025-03-18 21:00:00,0.0
2025-03-18 22:00:00,0.0
2025-03-18 23:00:00,0.0
2025-03-19 00:00:00,0.0
2025-03-19 01:00:00,0.0
2025-03-19 02:00:00,0.0
2025-03-19 03:00:00,0.0
2025-03-19 04:00:00,0.0
2025-03-19 05:00:00,0.0
2025-03-19 06:00:00,0.0
2025-03-19 07:00:00,0.17107466313386846
2025-03-19 08:00:00,0.34610711691849644
2025-03-19 09:00:00,0.48249820033240504
2025-03-19 10:00:00,0.5685116148113487
2025-03-19 11:00:00,0.6630033282907232
2025-03-19 12:00:00,0.7382952736112587
2025-03-19 13:00:00,0.6935043474322538
2025-03-19 14:00:00,0.5383947267714296
2025-03-19 15:00:00,0.48124262622550523
2025-03-19 16:00:00,0.34553054311962134
2025-03-19 17:00:00,0.16764778817757817
2025-03-19 18:00:00,0.0
2025-03-19 19:00:00,0.0
2025-03-19 20:00:00,0.0
2025-03-19 21:00:00,0.0
2025-03-19 22:00:00,0.0
2025-03-19 23:00:00,0.0
2025-03-20 00:00:00,0.0
2025-03-20 01:00:00,0.0
2025-03-20 02:00:00,0.0
2025-03-20 03:00:00,0.0
2025-03-20 04:00:00,0.0
2025-03-20 05:00:00,0.0
2025-03-20 06:00:00,0.0
2025-03-20 07:00:00,0.16532913585686004
2025-03-20 08:00:00,0.3422254745656834
2025-03-20 09:00:00,0.5025943692992331
2025-03-20 10:00:00,0.6234447518627425
2025-03-20 11:00:00,0.7268496435025044
2025-03-20 12:00:00,0.7344396151403917
2025-03-20 13:00:00,0.6842179106383244
2025-03-20 14:00:00,0.5928274966457852
2025-03-20 15:00:00,0.5199749376717688
2025-03-20 16:00:00,0.3444537718168824
2025-03-20 17:00:00,0.17326624050871348
2025-03-20 18:00:00,0.0
2025-03-20 19:00:00,0.0
2025-03-20 20:00:00,0.0
2025-03-20 21:00:00,0.0
2025-03-20 22:00:00,0.0
2025-03-20 23:00:00,0.0
2025-03-21 00:00:00,0.0
2025-03-21 01:00:00,0.0
2025-03-21 02:00:00,0.0
2025-03-21 03:00:00,0.0
2025-03-21 04:00:00,0.0
2025-03-21 05:00:00,0.0
2025-03-21 06:00:00,0.0
2025-03-21 07:00:00,0.17555167124072202
2025-03-21 08:00:00,0.32060867297893636
2025-03-21 09:00:00,0.466811712559178
2025-03-21 10:00:00,0.5873633824048622
2025-03-21 11:00:00,0.622374639095379
2025-03-21 12:00:00,0.6595050342416191
2025-03-21 13:00:00,0.6364847616734385
2025-03-21 14:00:00,0.5484891506671943
2025-03-21 15:00:00,0.4679234372664991
2025-03-21 16:00:00,0.3286028089576277
2025-03-21 17:00:00,0.17132787042062259
2025-03-21 18:00:00,0.0
2025-03-21 19:00:00,0.0
2025-03-21 20:00:00,0.0
2025-03-21 21:00:00,0.0
2025-03-21 22:00:00,0.0
2025-03-21 23:00:00,0.0
2025-03-22 00:00:00,0.0
2025-03-22 01:00:00,0.0
2025-03-22 02:00:00,0.0
2025-03-22 03:00:00,0.0
2025-03-22 04:00:00,0.0
2025-03-22 05:00:00,0.0
2025-03-22 06:00:00,0.001001486558595489
2025-03-22 07:00:00,0.18266045819571494
2025-03-22 08:00:00,0.3531094997198446
2025-03-22 09:00:00,0.49615353959077657
2025-03-22 10:00:00,0.6108056548776111
2025-03-22 11:00:00,0.6836468786109747
2025-03-22 12:00:00,0.6909115864150981
2025-03-22 13:00:00,0.6746301764740671
2025-03-22 14:00:00,0.635042651074353
2025-03-22 15:00:00,0.49505445975607726
2025-03-22 16:00:00,0.34933744370811554
2025-03-22 17:00:00,0.18165475042158938
2025-03-22 18:00:00,0.0009738288445594272
2025-03-22 19:00:00,0.0
2025-03-22 20:00:00,0.0
2025-03-22 21:00:00,0.0
2025-03-22 22:00:00,0.0
2025-03-22 23:00:00,0.0
2025-03-23 00:00:00,0.0
2025-03-23 01:00:00,0.0
2025-03-23 02:00:00,0.0
2025-03-23 03:00:00,0.0
2025-03-23 04:00:00,0.0
2025-03-23 05:00:00,0.0
2025-03-23 06:00:00,0.002262615177964377
2025-03-23 07:00:00,0.09002572195412115
2025-03-23 08:00:00,0.16065903235282494
2025-03-23 09:00:00,0.24348089865961495
2025-03-23 10:00:00,0.28801739330875853
2025-03-23 11:00:00,0.29958250445753815
2025-03-23 12:00:00,0.3344791798436275
2025-03-23 13:00:00,0.3175459265254708
2025-03-23 14:00:00,0.2836941621166852
2025-03-23 15:00:00,0.23085219542534297
2025-03-23 16:00:00,0.16705426833901116
2025-03-23 17:00:00,0.0867039701154921
2025-03-23 18:00:00,0.0022022048868022837
2025-03-23 19:00:00,0.0
2025-03-23 20:00:00,0.0
2025-03-23 21:00:00,0.0
2025-03-23 22:00:00,0.0
2025-03-23 23:00:00,0.0
2025-03-24 00:00:00,0.0
2025-03-24 01:00:00,0.0
2025-03-24 02:00:00,0.0
2025-03-24 03:00:00,0.0
2025-03-24 04:00:00,0.0
2025-03-24 05:00:00,0.0
2025-03-24 06:00:00,0.005817221525347446
2025-03-24 07:00:00,0.12529832795298287
2025-03-24 08:00:00,0.22914882765562158
2025-03-24 09:00:00,0.32830182089501164
2025-03-24 10:00:00,0.4123464594249657
2025-03-24 11:00:00,0.4248422195656005
2025-03-24 12:00:00,0.4625731742355305
2025-03-24 13:00:00,0.4343911590947549
2025-03-24 14:00:00,0.38895721875323963
2025-03-24 15:00:00,0.33177763758123313
2025-03-24 16:00:00,0.23084092240126705
2025-03-24 17:00:00,0.11987816212144363
2025-03-24 18:00:00,0.006046732400866779
2025-03-24 19:00:00,0.0
2025-03-24 20:00:00,0.0
2025-03-24 21:00:00,0.0
2025-03-24 22:00:00,0.0
2025-03-24 23:00:00,0.0
2025-03-25 00:00:00,0.0
2025-03-25 01:00:00,0.0
2025-03-25 02:00:00,0.0
2025-03-25 03:00:00,0.0
2025-03-25 04:00:00,0.0
2025-03-25 05:00:00,0.0
2025-03-25 06:00:00,0.01301427903154471
2025-03-25 07:00:00,0.19166941180732164
2025-03-25 08:00:00,0.3446708387602862
2025-03-25 09:00:00,0.5059493151791932
2025-03-25 10:00:00,0.6421942965879441
2025-03-25 11:00:00,0.6649943650101637
2025-03-25 12:00:00,0.7038542836732429
2025-03-25 13:00:00,0.6606927845118581
2025-03-25 14:00:00,0.6032712520195458
2025-03-25 15:00:00,0.47168515446581116
2025-03-25 16:00:00,0.3534104765402668
2025-03-25 17:00:00,0.18951987545812082
2025-03-25 18:00:00,0.013199790183518655
2025-03-25 19:00:00,0.0
2025-03-25 20:00:00,0.0
2025-03-25 21:00:00,0.0
2025-03-25 22:00:00,0.0
2025-03-25 23:00:00,0.0
2025-03-26 00:00:00,0.0
2025-03-26 01:00:00,0.0
2025-03-26 02:00:00,0.0
2025-03-26 03:00:00,0.0
2025-03-26 04:00:00,0.0
2025-03-26 05:00:00,0.0
2025-03-26 06:00:00,0.015594956845265046
2025-03-26 07:00:00,0.18558416237751493
2025-03-26 08:00:00,0.3434390070452627
2025-03-26 09:00:00,0.4843062249361037
2025-03-26 10:00:00,0.5804267500599206
2025-03-26 11:00:00,0.6346652653061132
2025-03-26 12:00:00,0.679708226903201
2025-03-26 13:00:00,0.6765403343549092
2025-03-26 14:00:00,0.5920510716035065
2025-03-26 15:00:00,0.4761340223655936
2025-03-26 16:00:00,0.3468759843986846
2025-03-26 17:00:00,0.17670966428546797
2025-03-26 18:00:00,0.015905587207906503
2025-03-26 19:00:00,0.0
2025-03-26 20:00:00,0.0
2025-03-26 21:00:00,0.0
2025-03-26 22:00:00,0.0
2025-03-26 23:00:00,0.0
2025-03-27 00:00:00,0.0
2025-03-27 01:00:00,0.0
2025-03-27 02:00:00,0.0
2025-03-27 03:00:00,0.0
2025-03-27 04:00:00,0.0
2025-03-27 05:00:00,0.0
2025-03-27 06:00:00,0.022128640438596796
2025-03-27 07:00:00,0.21820381108699086
2025-03-27 08:00:00,0.386290576550866
2025-03-27 09:00:00,0.5684211915402656
2025-03-27 10:00:00,0.6629314041118863
2025-03-27 11:00:00,0.717411042227838
2025-03-27 12:00:00,0.7560706355064216
2025-03-27 13:00:00,0.7635304686534539
2025-03-27 14:00:00,0.654510458813098
2025-03-27 15:00:00,0.5616335221887359
2025-03-27 16:00:00,0.3859491789037666
2025-03-27 17:00:00,0.20981619161003173
2025-03-27 18:00:00,0.02250387630884729
2025-03-27 19:00:00,0.0
2025-03-27 20:00:00,0.0
2025-03-27 21:00:00,0.0
2025-03-27 22:00:00,0.0
2025-03-27 23:00:00,0.0
2025-03-28 00:00:00,0.0
2025-03-28 01:00:00,0.0
2025-03-28 02:00:00,0.0
2025-03-28 03:00:00,0.0
2025-03-28 04:00:00,0.0
2025-03-28 05:00:00,0.0
2025-03-28 06:00:00,0.02365699539053508
2025-03-28 07:00:00,0.19602514462203455
2025-03-28 08:00:00,0.3483194894092109
2025-03-28 09:00:00,0.49968854656951056
2025-03-28 10:00:00,0.5944564775025392
2025-03-28 11:00:00,0.6474171406476817
2025-03-28 12:00:00,0.7088418095016581
2025-03-28 13:00:00,0.6674576279832165
2025-03-28 14:00:00,0.5955474124826171
2025-03-28 15:00:00,0.5146029545907495
2025-03-28 16:00:00,0.3378228562416317
2025-03-28 17:00:00,0.20452394316760747
2025-03-28 18:00:00,0.02301570617212328
2025-03-28 19:00:00,0.0
2025-03-28 20:00:00,0.0
2025-03-28 21:00:00,0.0
2025-03-28 22:00:00,0.0
2025-03-28 23:00:00,0.0
2025-03-29 00:00:00,0.0
2025-03-29 01:00:00,0.0
2025-03-29 02:00:00,0.0
2025-03-29 03:00:00,0.0
2025-03-29 04:00:00,0.0
2025-03-29 05:00:00,0.0
2025-03-29 06:00:00,0.013499392536458306
2025-03-29 07:00:00,0.09389881889649948
2025-03-29 08:00:00,0.17977051201669111
2025-03-29 09:00:00,0.264558972179359
2025-03-29 10:00:00,0.2973830734988104
2025-03-29 11:00:00,0.34437877020453306
2025-03-29 12:00:00,0.36015818800368044
2025-03-29 13:00:00,0.3362702670835945
2025-03-29 14:00:00,0.30444973747311654
2025-03-29 15:00:00,0.2377555937492976
2025-03-29 16:00:00,0.177831566647057
2025-03-29 17:00:00,0.10378956141078315
2025-03-29 18:00:00,0.01382555419278416
2025-03-29 19:00:00,0.0
2025-03-29 20:00:00,0.0
2025-03-29 21:00:00,0.0
2025-03-29 22:00:00,0.0
2025-03-29 23:00:00,0.0
2025-03-30 00:00:00,0.0
2025-03-30 01:00:00,0.0
2025-03-30 02:00:00,0.0
2025-03-30 03:00:00,0.0
2025-03-30 04:00:00,0.0
2025-03-30 05:00:00,0.0
2025-03-30 06:00:00,0.031319853759732744
2025-03-30 07:00:00,0.20030343712258114
2025-03-30 08:00:00,0.36608402028353315
2025-03-30 09:00:00,0.47577843698204686
2025-03-30 10:00:00,0.5722143933224558
2025-03-30 11:00:00,0.6504301437149359
2025-03-30 12:00:00,0.6709399793335449
2025-03-30 13:00:00,0.646491134025801
2025-03-30 14:00:00,0.5698242377082835
2025-03-30 15:00:00,0.5030008681319341
2025-03-30 16:00:00,0.3493103829076289
2025-03-30 17:00:00,0.20652586812905158
2025-03-30 18:00:00,0.030223492958742205
2025-03-30 19:00:00,0.0
2025-03-30 20:00:00,0.0
2025-03-30 21:00:00,0.0
2025-03-30 22:00:00,0.0
2025-03-30 23:00:00,0.0
2025-03-31 00:00:00,0.0
2025-03-31 01:00:00,0.0
2025-03-31 02:00:00,0.0
2025-03-31 03:00:00,0.0
2025-03-31 04:00:00,0.0
2025-03-31 05:00:00,0.0
2025-03-31 06:00:00,0.03474448183795537
2025-03-31 07:00:00,0.19408133070155295
2025-03-31 08:00:00,0.36033854113465724
2025-03-31 09:00:00,0.48752550970848496
2025-03-31 10:00:00,0.584516046138668
2025-03-31 11:00:00,0.6803717090547953
2025-03-31 12:00:00,0.6616388188896497
2025-03-31 13:00:00,0.6275061001724022
2025-03-31 14:00:00,0.6055823657631472
2025-03-31 15:00:00,0.4693430326652844
2025-03-31 16:00:00,0.3369969655556304
2025-03-31 17:00:00,0.20779901555653127
2025-03-31 18:00:00,0.0341284343599493
2025-03-31 19:00:00,0.0
2025-03-31 20:00:00,0.0
2025-03-31 21:00:00,0.0
2025-03-31 22:00:00,0.0
2025-03-31 23:00:00,0.0
2025-04-01 00:00:00,0.0
2025-04-01 01:00:00,0.0
2025-04-01 02:00:00,0.0
2025-04-01 03:00:00,0.0
2025-04-01 04:00:00,0.0
2025-04-01 05:00:00,0.0
2025-04-01 06:00:00,0.039218261791236726
2025-04-01 07:00:00,0.20928889989946522
2025-04-01 08:00:00,0.3729311669146958
2025-04-01 09:00:00,0.5103532625145086
2025-04-01 10:00:00,0.5660075018108103
2025-04-01 11:00:00,0.6885847124276618
2025-04-01 12:00:00,0.7007530540394592
2025-04-01 13:00:00,0.6869133600248022
2025-04-01 14:00:00,0.5869238149388312
2025-04-01 15:00:00,0.5019645549552999
2025-04-01 16:00:00,0.3587392961392291
2025-04-01 17:00:00,0.2161944863334003
2025-04-01 18:00:00,0.037010492115277294
2025-04-01 19:00:00,0.0
2025-04-01 20:00:00,0.0
2025-04-01 21:00:00,0.0
2025-04-01 22:00:00,0.0
2025-04-01 23:00:00,0.0
2025-04-02 00:00:00,0.0
2025-04-02 01:00:00,0.0
2025-04-02 02:00:00,0.0
2025-04-02 03:00:00,0.0
2025-04-02 04:00:00,0.0
2025-04-02 05:00:00,0.0
2025-04-02 06:00:00,0.045688046598514935
2025-04-02 07:00:00,0.22712361212568188
2025-04-02 08:00:00,0.3963362934966415
2025-04-02 09:00:00,0.5568658229745161
2025-04-02 10:00:00,0.6813973803737183
2025-04-02 11:00:00,0.7362296441640356
2025-04-02 12:00:00,0.7916459966642315
2025-04-02 13:00:00,0.7121385059340749
2025-04-02 14:00:00,0.6217316799893919
2025-04-02 15:00:00,0.5587485730661299
2025-04-02 16:00:00,0.3922552994415885
2025-04-02 17:00:00,0.22888357063145964
2025-04-02 18:00:00,0.04304568970454885
2025-04-02 19:00:00,0.0
2025-04-02 20:00:00,0.0
2025-04-02 21:00:00,0.0
2025-04-02 22:00:00,0.0
2025-04-02 23:00:00,0.0
2025-04-03 00:00:00,0.0
2025-04-03 01:00:00,0.0
2025-04-03 02:00:00,0.0
2025-04-03 03:00:00,0.0
2025-04-03 04:00:00,0.0
2025-04-03 05:00:00,0.0
2025-04-03 06:00:00,0.044838934184433375
2025-04-03 07:00:00,0.21422591626931636
2025-04-03 08:00:00,0.3600091357258251
2025-04-03 09:00:00,0.4966143823707272
2025-04-03 10:00:00,0.6210957795637636
2025-04-03 11:00:00,0.6486964256470527
2025-04-03 12:00:00,0.6629670128427637
2025-04-03 13:00:00,0.661463791232084
2025-04-03 14:00:00,0.5794491039842029
2025-04-03 15:00:00,0.4735381185558121
2025-04-03 16:00:00,0.3638408971272732
2025-04-03 17:00:00,0.22217250900066815
2025-04-03 18:00:00,0.04481752529171729
2025-04-03 19:00:00,0.0
2025-04-03 20:00:00,0.0
2025-04-03 21:00:00,0.0
2025-04-03 22:00:00,0.0
2025-04-03 23:00:00,0.0
2025-04-04 00:00:00,0.0
2025-04-04 01:00:00,0.0
2025-04-04 02:00:00,0.0
2025-04-04 03:00:00,0.0
2025-04-04 04:00:00,0.0
2025-04-04 05:00:00,0.0
2025-04-04 06:00:00,0.04953134812866581
2025-04-04 07:00:00,0.22582464253794732
2025-04-04 08:00:00,0.3990707672869772
2025-04-04 09:00:00,0.5075730451691585
2025-04-04 10:00:00,0.6430253362323941
2025-04-04 11:00:00,0.6836508554021833
2025-04-04 12:00:00,0.7254699764627995
2025-04-04 13:00:00,0.6860308537701494
2025-04-04 14:00:00,0.6213033427813788
2025-04-04 15:00:00,0.5510379494686453
2025-04-04 16:00:00,0.3726469395324921
2025-04-04 17:00:00,0.23033998556572097
2025-04-04 18:00:00,0.05349638776867881
2025-04-04 19:00:00,0.0
2025-04-04 20:00:00,0.0
2025-04-04 21:00:00,0.0
2025-04-04 22:00:00,0.0
2025-04-04 23:00:00,0.0
2025-04-05 00:00:00,0.0
2025-04-05 01:00:00,0.0
2025-04-05 02:00:00,0.0
2025-04-05 03:00:00,0.0
2025-04-05 04:00:00,0.0
2025-04-05 05:00:00,0.0
2025-04-05 06:00:00,0.05113948819139764
2025-04-05 07:00:00,0.21567652799050283
2025-04-05 08:00:00,0.3651877489724293
2025-04-05 09:00:00,0.5202695136968767
2025-04-05 10:00:00,0.6107348655280969
2025-04-05 11:00:00,0.6565356481509698
2025-04-05 12:00:00,0.6886019385753613
2025-04-05 13:00:00,0.6586551327798171
2025-04-05 14:00:00,0.6169213345668335
2025-04-05 15:00:00,0.5516495566226022
2025-04-05 16:00:00,0.38428632658741274
2025-04-05 17:00:00,0.22156876500454445
2025-04-05 18:00:00,0.051562825873873334
2025-04-05 19:00:00,0.0
2025-04-05 20:00:00,0.0
2025-04-05 21:00:00,0.0
2025-04-05 22:00:00,0.0
2025-04-05 23:00:00,0.0
2025-04-06 00:00:00,0.0
2025-04-06 01:00:00,0.0
2025-04-06 02:00:00,0.0
2025-04-06 03:00:00,0.0
2025-04-06 04:00:00,0.0
2025-04-06 05:00:00,0.0
2025-04-06 06:00:00,0.06122500983756094
2025-04-06 07:00:00,0.23603756651937507
2025-04-06 08:00:00,0.4102983770056496
2025-04-06 09:00:00,0.5276531995839192
2025-04-06 10:00:00,0.6675746440121278
2025-04-06 11:00:00,0.7259698307825543
2025-04-06 12:00:00,0.7152276654496489
2025-04-06 13:00:00,0.7143841869436566
2025-04-06 14:00:00,0.6705370925538858
2025-04-06 15:00:00,0.5247688035307266
2025-04-06 16:00:00,0.3919454633116905
2025-04-06 17:00:00,0.23919170080636545
2025-04-06 18:00:00,0.06353833086609771
2025-04-06 19:00:00,0.0
2025-04-06 20:00:00,0.0
2025-04-06 21:00:00,0.0
2025-04-06 22:00:00,0.0
2025-04-06 23:00:00,0.0
2025-04-07 00:00:00,0.0
2025-04-07 01:00:00,0.0
2025-04-07 02:00:00,0.0
2025-04-07 03:00:00,0.0
2025-04-07 04:00:00,0.0
2025-04-07 05:00:00,0.0
2025-04-07 06:00:00,0.06187660060124814
2025-04-07 07:00:00,0.233509129464198
2025-04-07 08:00:00,0.3844281348539475
2025-04-07 09:00:00,0.5074933041708509
2025-04-07 10:00:00,0.6088073184310279
2025-04-07 11:00:00,0.6507018047449451
2025-04-07 12:00:00,0.696512645051628
2025-04-07 13:00:00,0.6837141175465165
2025-04-07 14:00:00,0.64961466723627
2025-04-07 15:00:00,0.5254348948744876
2025-04-07 16:00:00,0.3751239699149194
2025-04-07 17:00:00,0.2196027159758098
2025-04-07 18:00:00,0.05954514508607884
2025-04-07 19:00:00,0.0
2025-04-07 20:00:00,0.0
2025-04-07 21:00:00,0.0
2025-04-07 22:00:00,0.0
2025-04-07 23:00:00,0.0
2025-04-08 00:00:00,0.0
2025-04-08 01:00:00,0.0
2025-04-08 02:00:00,0.0
2025-04-08 03:00:00,0.0
2025-04-08 04:00:00,0.0
2025-04-08 05:00:00,0.0
2025-04-08 06:00:00,0.06931734150217024
2025-04-08 07:00:00,0.2581286300711987
2025-04-08 08:00:00,0.4328483352294827
2025-04-08 09:00:00,0.5901033012171982
2025-04-08 10:00:00,0.7110679634061251
2025-04-08 11:00:00,0.7587046949793096
2025-04-08 12:00:00,0.8145193871386459
2025-04-08 13:00:00,0.7533218039355417
2025-04-08 14:00:00,0.7043032729439539
2025-04-08 15:00:00,0.5792997124611855
2025-04-08 16:00:00,0.41995250852719157
2025-04-08 17:00:00,0.25755709853204345
2025-04-08 18:00:00,0.07087635030258274
2025-04-08 19:00:00,0.0
2025-04-08 20:00:00,0.0
2025-04-08 21:00:00,0.0
2025-04-08 22:00:00,0.0
2025-04-08 23:00:00,0.0
2025-04-09 00:00:00,0.0
2025-04-09 01:00:00,0.0
2025-04-09 02:00:00,0.0
2025-04-09 03:00:00,0.0
2025-04-09 04:00:00,0.0
2025-04-09 05:00:00,0.0
2025-04-09 06:00:00,0.0731565531311856
2025-04-09 07:00:00,0.2583122543894542
2025-04-09 08:00:00,0.44367378961673953
2025-04-09 09:00:00,0.6190082906722764
2025-04-09 10:00:00,0.7121938149000905
2025-04-09 11:00:00,0.7906159103589218
2025-04-09 12:00:00,0.7796627269697531
2025-04-09 13:00:00,0.7672587161958003
2025-04-09 14:00:00,0.7039760756138643
2025-04-09 15:00:00,0.5719237446750833
2025-04-09 16:00:00,0.4311551903596345
2025-04-09 17:00:00,0.2704693184949225
2025-04-09 18:00:00,0.07725760245212389
2025-04-09 19:00:00,0.0
2025-04-09 20:00:00,0.0
2025-04-09 21:00:00,0.0
2025-04-09 22:00:00,0.0
2025-04-09 23:00:00,0.0
2025-04-10 00:00:00,0.0
2025-04-10 01:00:00,0.0
2025-04-10 02:00:00,0.0
2025-04-10 03:00:00,0.0
2025-04-10 04:00:00,0.0
2025-04-10 05:00:00,0.0
2025-04-10 06:00:00,0.07881650614953414
2025-04-10 07:00:00,0.273059099691723
2025-04-10 08:00:00,0.4649561370308242
2025-04-10 09:00:00,0.5867405802761301
2025-04-10 10:00:00,0.7154491619611532
2025-04-10 11:00:00,0.7943626990849891
2025-04-10 12:00:00,0.7931269421256556
2025-04-10 13:00:00,0.8006378184913137
2025-04-10 14:00:00,0.7292017801260663
2025-04-10 15:00:00,0.6160641234410067
2025-04-10 16:00:00,0.4500363328564153
2025-04-10 17:00:00,0.2888414194402335
2025-04-10 18:00:00,0.0779539609122518
2025-04-10 19:00:00,0.0
2025-04-10 20:00:00,0.0
2025-04-10 21:00:00,0.0
2025-04-10 22:00:00,0.0
2025-04-10 23:00:00,0.0
2025-04-11 00:00:00,0.0
2025-04-11 01:00:00,0.0
2025-04-11 02:00:00,0.0
2025-04-11 03:00:00,0.0
2025-04-11 04:00:00,0.0
2025-04-11 05:00:00,0.0
2025-04-11 06:00:00,0.07639085791758864
2025-04-11 07:00:00,0.27439192355941855
2025-04-11 08:00:00,0.433909563095063
2025-04-11 09:00:00,0.5248100143025056
2025-04-11 10:00:00,0.6626120224479176
2025-04-11 11:00:00,0.7334247304484663
2025-04-11 12:00:00,0.7307129853425506
2025-04-11 13:00:00,0.7200889433531953
2025-04-11 14:00:00,0.657142124855073
2025-04-11 15:00:00,0.5263376220948796
2025-04-11 16:00:00,0.3998771422923681
2025-04-11 17:00:00,0.25356979867200224
2025-04-11 18:00:00,0.07712250493705056
2025-04-11 19:00:00,0.0
2025-04-11 20:00:00,0.0
2025-04-11 21:00:00,0.0
2025-04-11 22:00:00,0.0
2025-04-11 23:00:00,0.0
2025-04-12 00:00:00,0.0
2025-04-12 01:00:00,0.0
2025-04-12 02:00:00,0.0
2025-04-12 03:00:00,0.0
2025-04-12 04:00:00,0.0
2025-04-12 05:00:00,0.0
2025-04-12 06:00:00,0.09463757063926063
2025-04-12 07:00:00,0.26974183255139245
2025-04-12 08:00:00,0.4858376493269348
2025-04-12 09:00:00,0.6143233232854951
2025-04-12 10:00:00,0.7391407742960361
2025-04-12 11:00:00,0.8305351417099853
2025-04-12 12:00:00,0.8440391691234441
2025-04-12 13:00:00,0.7810748375136135
2025-04-12 14:00:00,0.7401804773335032
2025-04-12 15:00:00,0.6469936487567945
2025-04-12 16:00:00,0.4497586932109944
2025-04-12 17:00:00,0.30221241808488736
2025-04-12 18:00:00,0.0904997581114774
2025-04-12 19:00:00,0.0
2025-04-12 20:00:00,0.0
2025-04-12 21:00:00,0.0
2025-04-12 22:00:00,0.0
2025-04-12 23:00:00,0.0
2025-04-13 00:00:00,0.0
2025-04-13 01:00:00,0.0
2025-04-13 02:00:00,0.0
2025-04-13 03:00:00,0.0
2025-04-13 04:00:00,0.0
2025-04-13 05:00:00,0.0
2025-04-13 06:00:00,0.0920284841781435
2025-04-13 07:00:00,0.2811854138514568
2025-04-13 08:00:00,0.4440698253258342
2025-04-13 09:00:00,0.602281217494041
2025-04-13 10:00:00,0.7101242955514497
2025-04-13 11:00:00,0.753954747171967
2025-04-13 12:00:00,0.7972860242430752
2025-04-13 13:00:00,0.7942077312119601
2025-04-13 14:00:00,0.7234127629488034
2025-04-13 15:00:00,0.5958798902015969
2025-04-13 16:00:00,0.46281858559294825
2025-04-13 17:00:00,0.27232074844709064
2025-04-13 18:00:00,0.08846601848165091
2025-04-13 19:00:00,0.0
2025-04-13 20:00:00,0.0
2025-04-13 21:00:00,0.0
2025-04-13 22:00:00,0.0
2025-04-13 23:00:00,0.0
2025-04-14 00:00:00,0.0
2025-04-14 01:00:00,0.0
2025-04-14 02:00:00,0.0
2025-04-14 03:00:00,0.0
2025-04-14 04:00:00,0.0
2025-04-14 05:00:00,0.0
2025-04-14 06:00:00,0.08352323664013525
2025-04-14 07:00:00,0.27634007465570287
2025-04-14 08:00:00,0.4160476729161694
2025-04-14 09:00:00,0.5514144995675506
2025-04-14 10:00:00,0.6349188132624097
2025-04-14 11:00:00,0.6940336668624121
2025-04-14 12:00:00,0.7498800740020729
2025-04-14 13:00:00,0.6707653670538927
2025-04-14 14:00:00,0.6217654456702112
2025-04-14 15:00:00,0.5398052835097467
2025-04-14 16:00:00,0.4288117510473108
2025-04-14 17:00:00,0.2534510605208831
2025-04-14 18:00:00,0.08666604322146017
2025-04-14 19:00:00,0.0
2025-04-14 20:00:00,0.0
2025-04-14 21:00:00,0.0
2025-04-14 22:00:00,0.0
2025-04-14 23:00:00,0.0
2025-04-15 00:00:00,0.0
2025-04-15 01:00:00,0.0
2025-04-15 02:00:00,0.0
2025-04-15 03:00:00,0.0
2025-04-15 04:00:00,0.0
2025-04-15 05:00:00,0.0
2025-04-15 06:00:00,0.09352414056835538
2025-04-15 07:00:00,0.27857054954681776
2025-04-15 08:00:00,0.4336278195234941
2025-04-15 09:00:00,0.5783997200984091
2025-04-15 10:00:00,0.6517049985444259
2025-04-15 11:00:00,0.7489026844099131
2025-04-15 12:00:00,0.8038905006070091
2025-04-15 13:00:00,0.773345238113674
2025-04-15 14:00:00,0.6889841069013893
2025-04-15 15:00:00,0.5884545791252488
2025-04-15 16:00:00,0.43267809727377937
2025-04-15 17:00:00,0.29101182798726744
2025-04-15 18:00:00,0.10108585324032049
2025-04-15 19:00:00,0.0
2025-04-15 20:00:00,0.0
2025-04-15 21:00:00,0.0
2025-04-15 22:00:00,0.0
2025-04-15 23:00:00,0.0
2025-04-16 00:00:00,0.0
2025-04-16 01:00:00,0.0
2025-04-16 02:00:00,0.0
2025-04-16 03:00:00,0.0
2025-04-16 04:00:00,0.0
2025-04-16 05:00:00,0.0
2025-04-16 06:00:00,0.10742154561051605
2025-04-16 07:00:00,0.29216689559026104
2025-04-16 08:00:00,0.445039456677764
2025-04-16 09:00:00,0.598507851524563
2025-04-16 10:00:00,0.7694562429575165
2025-04-16 11:00:00,0.8182522271539973
2025-04-16 12:00:00,0.8271015128206082
2025-04-16 13:00:00,0.8466325196909282
2025-04-16 14:00:00,0.7746602583720331
2025-04-16 15:00:00,0.6188142402122601
2025-04-16 16:00:00,0.4713281485079031
2025-04-16 17:00:00,0.2913079622598709
2025-04-16 18:00:00,0.10341042784518995
2025-04-16 19:00:00,0.0
2025-04-16 20:00:00,0.0
2025-04-16 21:00:00,0.0
2025-04-16 22:00:00,0.0
2025-04-16 23:00:00,0.0
2025-04-17 00:00:00,0.0
2025-04-17 01:00:00,0.0
2025-04-17 02:00:00,0.0
2025-04-17 03:00:00,0.0
2025-04-17 04:00:00,0.0
2025-04-17 05:00:00,0.0
2025-04-17 06:00:00,0.10484318701700597
2025-04-17 07:00:00,0.2716626179073452
2025-04-17 08:00:00,0.43749392866340897
2025-04-17 09:00:00,0.5634641811663669
2025-04-17 10:00:00,0.6808515490456424
2025-04-17 11:00:00,0.750700897544851
2025-04-17 12:00:00,0.7622339743223753
2025-04-17 13:00:00,0.7074490864975104
2025-04-17 14:00:00,0.6714144726108596
2025-04-17 15:00:00,0.5914277967392705
2025-04-17 16:00:00,0.4391212267204069
2025-04-17 17:00:00,0.2765099809081346
2025-04-17 18:00:00,0.09780244313564208
2025-04-17 19:00:00,0.0
2025-04-17 20:00:00,0.0
2025-04-17 21:00:00,0.0
2025-04-17 22:00:00,0.0
2025-04-17 23:00:00,0.0
2025-04-18 00:00:00,0.0
2025-04-18 01:00:00,0.0
2025-04-18 02:00:00,0.0
2025-04-18 03:00:00,0.0
2025-04-18 04:00:00,0.0
2025-04-18 05:00:00,0.0
2025-04-18 06:00:00,0.10698711199027391
2025-04-18 07:00:00,0.3050585463347269
2025-04-18 08:00:00,0.4546897748049185
2025-04-18 09:00:00,0.5559366188034772
2025-04-18 10:00:00,0.7192608830795568
2025-04-18 11:00:00,0.7560022969580101
2025-04-18 12:00:00,0.8302168214935696
2025-04-18 13:00:00,0.794220512263455
2025-04-18 14:00:00,0.6844765330904516
2025-04-18 15:00:00,0.6025428274811752
2025-04-18 16:00:00,0.44289157423250514
2025-04-18 17:00:00,0.2864143419846677
2025-04-18 18:00:00,0.10767906373226248
2025-04-18 19:00:00,0.0
2025-04-18 20:00:00,0.0
2025-04-18 21:00:00,0.0
2025-04-18 22:00:00,0.0
2025-04-18 23:00:00,0.0
2025-04-19 00:00:00,0.0
2025-04-19 01:00:00,0.0
2025-04-19 02:00:00,0.0
2025-04-19 03:00:00,0.0
2025-04-19 04:00:00,0.0
2025-04-19 05:00:00,0.0
2025-04-19 06:00:00,0.11218781983389502
2025-04-19 07:00:00,0.29496692874577096
2025-04-19 08:00:00,0.4800460735058214
2025-04-19 09:00:00,0.6159916986099869
2025-04-19 10:00:00,0.7367322504603824
2025-04-19 11:00:00,0.8035916505623939
2025-04-19 12:00:00,0.808218947195599
2025-04-19 13:00:00,0.7606788302187649
2025-04-19 14:00:00,0.6935165353327813
2025-04-19 15:00:00,0.6738921731896761
2025-04-19 16:00:00,0.4943464621137487
2025-04-19 17:00:00,0.3142464778788981
2025-04-19 18:00:00,0.11143068829206097
2025-04-19 19:00:00,0.0
2025-04-19 20:00:00,0.0
2025-04-19 21:00:00,0.0
2025-04-19 22:00:00,0.0
2025-04-19 23:00:00,0.0
2025-04-20 00:00:00,0.0
2025-04-20 01:00:00,0.0
2025-04-20 02:00:00,0.0
2025-04-20 03:00:00,0.0
2025-04-20 04:00:00,0.0
2025-04-20 05:00:00,0.0
2025-04-20 06:00:00,0.10813832861492159
2025-04-20 07:00:00,0.2813890354956893
2025-04-20 08:00:00,0.4370460211845356
2025-04-20 09:00:00,0.5538425262323696
2025-04-20 10:00:00,0.6533047405509687
2025-04-20 11:00:00,0.7015348223777247
2025-04-20 12:00:00,0.712275775601372
2025-04-20 13:00:00,0.7237336309315129
2025-04-20 14:00:00,0.680551730085952
2025-04-20 15:00:00,0.5415286255509508
2025-04-20 16:00:00,0.4372910119538224
2025-04-20 17:00:00,0.2846740011750514
2025-04-20 18:00:00,0.10096254281639583
2025-04-20 19:00:00,0.0
2025-04-20 20:00:00,0.0
2025-04-20 21:00:00,0.0
2025-04-20 22:00:00,0.0
2025-04-20 23:00:00,0.0
2025-04-21 00:00:00,0.0
2025-04-21 01:00:00,0.0
2025-04-21 02:00:00,0.0
2025-04-21 03:00:00,0.0
2025-04-21 04:00:00,0.0
2025-04-21 05:00:00,0.0
2025-04-21 06:00:00,0.12570761139022013
2025-04-21 07:00:00,0.32434711203921446
2025-04-21 08:00:00,0.48902417687003435
2025-04-21 09:00:00,0.6685751572605528
2025-04-21 10:00:00,0.7780201126935941
2025-04-21 11:00:00,0.804665696158403
2025-04-21 12:00:00,0.8959579945306584
2025-04-21 13:00:00,0.8412051664423098
2025-04-21 14:00:00,0.7777061331715662
2025-04-21 15:00:00,0.6739891876008722
2025-04-21 16:00:00,0.511893256938891
2025-04-21 17:00:00,0.3379513720841859
2025-04-21 18:00:00,0.12675875892867725
2025-04-21 19:00:00,0.0
2025-04-21 20:00:00,0.0
2025-04-21 21:00:00,0.0
2025-04-21 22:00:00,0.0
2025-04-21 23:00:00,0.0
2025-04-22 00:00:00,0.0
2025-04-22 01:00:00,0.0
2025-04-22 02:00:00,0.0
2025-04-22 03:00:00,0.0
2025-04-22 04:00:00,0.0
2025-04-22 05:00:00,0.0
2025-04-22 06:00:00,0.10870084847429141
2025-04-22 07:00:00,0.27758376037821325
2025-04-22 08:00:00,0.4766979845016809
2025-04-22 09:00:00,0.5721358021889109
2025-04-22 10:00:00,0.7239623767779513
2025-04-22 11:00:00,0.7569817189931567
2025-04-22 12:00:00,0.7682120486395984
2025-04-22 13:00:00,0.7142650228550635
2025-04-22 14:00:00,0.6849504975379117
2025-04-22 15:00:00,0.6167604869197453
2025-04-22 16:00:00,0.47092436641495744
2025-04-22 17:00:00,0.29350917110829705
2025-04-22 18:00:00,0.11211244677026323
2025-04-22 19:00:00,0.0
2025-04-22 20:00:00,0.0
2025-04-22 21:00:00,0.0
2025-04-22 22:00:00,0.0
2025-04-22 23:00:00,0.0
2025-04-23 00:00:00,0.0
2025-04-23 01:00:00,0.0
2025-04-23 02:00:00,0.0
2025-04-23 03:00:00,0.0
2025-04-23 04:00:00,0.0
2025-04-23 05:00:00,0.0
2025-04-23 06:00:00,0.11434145499078802
2025-04-23 07:00:00,0.28106025964095543
2025-04-23 08:00:00,0.4607299815433565
2025-04-23 09:00:00,0.6050659661166999
2025-04-23 10:00:00,0.6730769283374083
2025-04-23 11:00:00,0.726285297110203
2025-04-23 12:00:00,0.739480814100448
2025-04-23 13:00:00,0.7322151582181541
2025-04-23 14:00:00,0.6596948401500183
2025-04-23 15:00:00,0.5705380916099249
2025-04-23 16:00:00,0.4474252625075681
2025-04-23 17:00:00,0.28371773918297166
2025-04-23 18:00:00,0.11590223818961853
2025-04-23 19:00:00,0.0
2025-04-23 20:00:00,0.0
2025-04-23 21:00:00,0.0
2025-04-23 22:00:00,0.0
2025-04-23 23:00:00,0.0
2025-04-24 00:00:00,0.0
2025-04-24 01:00:00,0.0
2025-04-24 02:00:00,0.0
2025-04-24 03:00:00,0.0
2025-04-24 04:00:00,0.0
2025-04-24 05:00:00,0.0
2025-04-24 06:00:00,0.11577562391555137
2025-04-24 07:00:00,0.2874030487148406
2025-04-24 08:00:00,0.4529782556651939
2025-04-24 09:00:00,0.5633115859848523
2025-04-24 10:00:00,0.6836936667669296
2025-04-24 11:00:00,0.6805144781002846
2025-04-24 12:00:00,0.7445893963773251
2025-04-24 13:00:00,0.7582030468858141
2025-04-24 14:00:00,0.6680038861961839
2025-04-24 15:00:00,0.5590908802194947
2025-04-24 16:00:00,0.43492905175063573
2025-04-24 17:00:00,0.2632463539697928
2025-04-24 18:00:00,0.11584898422568399
2025-04-24 19:00:00,0.0
2025-04-24 20:00:00,0.0
2025-04-24 21:00:00,0.0
2025-04-24 22:00:00,0.0
2025-04-24 23:00:00,0.0
2025-04-25 00:00:00,0.0
2025-04-25 01:00:00,0.0
2025-04-25 02:00:00,0.0
2025-04-25 03:00:00,0.0
2025-04-25 04:00:00,0.0
2025-04-25 05:00:00,0.0
2025-04-25 06:00:00,0.1234308386747057
2025-04-25 07:00:00,0.31179457842929587
2025-04-25 08:00:00,0.48630101512859386
2025-04-25 09:00:00,0.6276384309984412
2025-04-25 10:00:00,0.7404419270925836
2025-04-25 11:00:00,0.7501028267158649
2025-04-25 12:00:00,0.8103397081022565
2025-04-25 13:00:00,0.7804353741891891
2025-04-25 14:00:00,0.7196095949053475
2025-04-25 15:00:00,0.612770579644653
2025-04-25 16:00:00,0.4686157153786729
2025-04-25 17:00:00,0.28492756017291165
2025-04-25 18:00:00,0.1359041486337273
2025-04-25 19:00:00,0.0
2025-04-25 20:00:00,0.0
2025-04-25 21:00:00,0.0
2025-04-25 22:00:00,0.0
2025-04-25 23:00:00,0.0
2025-04-26 00:00:00,0.0
2025-04-26 01:00:00,0.0
2025-04-26 02:00:00,0.0
2025-04-26 03:00:00,0.0
2025-04-26 04:00:00,0.0
2025-04-26 05:00:00,0.0
2025-04-26 06:00:00,0.14496902702890777
2025-04-26 07:00:00,0.3492962804809251
2025-04-26 08:00:00,0.509694024635657
2025-04-26 09:00:00,0.6602785655576858
2025-04-26 10:00:00,0.7899342050736314
2025-04-26 11:00:00,0.8137097390685747
2025-04-26 12:00:00,0.8828814808428279
2025-04-26 13:00:00,0.8338187313513168
2025-04-26 14:00:00,0.8028439671433146
2025-04-26 15:00:00,0.6806667569297068
2025-04-26 16:00:00,0.5265789218041085
2025-04-26 17:00:00,0.3256912548676115
2025-04-26 18:00:00,0.1451616340951213
2025-04-26 19:00:00,0.0
2025-04-26 20:00:00,0.0
2025-04-26 21:00:00,0.0
2025-04-26 22:00:00,0.0
2025-04-26 23:00:00,0.0
2025-04-27 00:00:00,0.0
2025-04-27 01:00:00,0.0
2025-04-27 02:00:00,0.0
2025-04-27 03:00:00,0.0
2025-04-27 04:00:00,0.0
2025-04-27 05:00:00,0.0
2025-04-27 06:00:00,0.045415640119500805
2025-04-27 07:00:00,0.09998257213769661
2025-04-27 08:00:00,0.15249440980702547
2025-04-27 09:00:00,0.18750819379842584
2025-04-27 10:00:00,0.2260087680101845
2025-04-27 11:00:00,0.25023652772332194
2025-04-27 12:00:00,0.2529901294192948
2025-04-27 13:00:00,0.24528844936417504
2025-04-27 14:00:00,0.2307219379901972
2025-04-27 15:00:00,0.20454999859510586
2025-04-27 16:00:00,0.15288829009439814
2025-04-27 17:00:00,0.10399094538398229
2025-04-27 18:00:00,0.04421118124732622
2025-04-27 19:00:00,0.0
2025-04-27 20:00:00,0.0
2025-04-27 21:00:00,0.0
2025-04-27 22:00:00,0.0
2025-04-27 23:00:00,0.0
2025-04-28 00:00:00,0.0
2025-04-28 01:00:00,0.0
2025-04-28 02:00:00,0.0
2025-04-28 03:00:00,0.0
2025-04-28 04:00:00,0.0
2025-04-28 05:00:00,0.0
2025-04-28 06:00:00,0.15685681858568365
2025-04-28 07:00:00,0.352685345705785
2025-04-28 08:00:00,0.5411996833624821
2025-04-28 09:00:00,0.6616319946238063
2025-04-28 10:00:00,0.7979152151871063
2025-04-28 11:00:00,0.871520728242065
2025-04-28 12:00:00,0.8522719805620667
2025-04-28 13:00:00,0.8760313308655225
2025-04-28 14:00:00,0.7634783127131527
2025-04-28 15:00:00,0.671138280090143
2025-04-28 16:00:00,0.5304928540064897
2025-04-28 17:00:00,0.3435708405142966
2025-04-28 18:00:00,0.1541129643943611
2025-04-28 19:00:00,0.0
2025-04-28 20:00:00,0.0
2025-04-28 21:00:00,0.0
2025-04-28 22:00:00,0.0
2025-04-28 23:00:00,0.0
2025-04-29 00:00:00,0.0
2025-04-29 01:00:00,0.0
2025-04-29 02:00:00,0.0
2025-04-29 03:00:00,0.0
2025-04-29 04:00:00,0.0
2025-04-29 05:00:00,0.0
2025-04-29 06:00:00,0.15216958768742414
2025-04-29 07:00:00,0.3304354485078971
2025-04-29 08:00:00,0.512742377811462
2025-04-29 09:00:00,0.662249702934993
2025-04-29 10:00:00,0.7570620662073019
2025-04-29 11:00:00,0.8760299366409994
2025-04-29 12:00:00,0.7963699765775083
2025-04-29 13:00:00,0.7972307430614635
2025-04-29 14:00:00,0.7451137681784878
2025-04-29 15:00:00,0.6878671925964485
2025-04-29 16:00:00,0.5300101700797416
2025-04-29 17:00:00,0.34754321945697697
2025-04-29 18:00:00,0.14483491979070728
2025-04-29 19:00:00,0.0
2025-04-29 20:00:00,0.0
2025-04-29 21:00:00,0.0
2025-04-29 22:00:00,0.0
2025-04-29 23:00:00,0.0
2025-04-30 00:00:00,0.0
2025-04-30 01:00:00,0.0
2025-04-30 02:00:00,0.0
2025-04-30 03:00:00,0.0
2025-04-30 04:00:00,0.0
2025-04-30 05:00:00,0.0
2025-04-30 06:00:00,0.14708979172658757
2025-04-30 07:00:00,0.32707711854874916
2025-04-30 08:00:00,0.502764784181061
2025-04-30 09:00:00,0.6428778486335465
2025-04-30 10:00:00,0.7388800506149857
2025-04-30 11:00:00,0.8182046805415141
2025-04-30 12:00:00,0.8097429021680725
2025-04-30 13:00:00,0.8257521808497308
2025-04-30 14:00:00,0.7391839961446742
2025-04-30 15:00:00,0.6293729787845319
2025-04-30 16:00:00,0.48747849352878386
2025-04-30 17:00:00,0.3310444505406799
2025-04-30 18:00:00,0.15812620423984283
2025-04-30 19:00:00,0.0
2025-04-30 20:00:00,0.0
2025-04-30 21:00:00,0.0
2025-04-30 22:00:00,0.0
2025-04-30 23:00:00,0.0
2025-05-01 00:00:00,0.0
2025-05-01 01:00:00,0.0
2025-05-01 02:00:00,0.0
2025-05-01 03:00:00,0.0
2025-05-01 04:00:00,0.0
2025-05-01 05:00:00,0.0
2025-05-01 06:00:00,0.15786033018794327
2025-05-01 07:00:00,0.3350741541225507
2025-05-01 08:00:00,0.531473812597743
2025-05-01 09:00:00,0.6301686790167171
2025-05-01 10:00:00,0.7449645548984116
2025-05-01 11:00:00,0.849887704920164
2025-05-01 12:00:00,0.7883763319676134
2025-05-01 13:00:00,0.7644394580985039
2025-05-01 14:00:00,0.7216211661447465
2025-05-01 15:00:00,0.6508002388745748
2025-05-01 16:00:00,0.4735372857139039
2025-05-01 17:00:00,0.3393636587436211
2025-05-01 18:00:00,0.15389129791212847
2025-05-01 19:00:00,0.0
2025-05-01 20:00:00,0.0
2025-05-01 21:00:00,0.0
2025-05-01 22:00:00,0.0
2025-05-01 23:00:00,0.0
2025-05-02 00:00:00,0.0
2025-05-02 01:00:00,0.0
2025-05-02 02:00:00,0.0
2025-05-02 03:00:00,0.0
2025-05-02 04:00:00,0.0
2025-05-02 05:00:00,0.0
2025-05-02 06:00:00,0.14512641920117073
2025-05-02 07:00:00,0.3180975886134594
2025-05-02 08:00:00,0.48051610942654294
2025-05-02 09:00:00,0.6320836630514391
2025-05-02 10:00:00,0.7046166039181287
2025-05-02 11:00:00,0.7409095996946401
2025-05-02 12:00:00,0.7397121578809265
2025-05-02 13:00:00,0.7773926139715985
2025-05-02 14:00:00,0.6824444556278643
2025-05-02 15:00:00,0.6183434192036422
2025-05-02 16:00:00,0.49256958746864243
2025-05-02 17:00:00,0.30310269847822213
2025-05-02 18:00:00,0.14851620051320644
2025-05-02 19:00:00,0.0
2025-05-02 20:00:00,0.0
2025-05-02 21:00:00,0.0
2025-05-02 22:00:00,0.0
2025-05-02 23:00:00,0.0
2025-05-03 00:00:00,0.0
2025-05-03 01:00:00,0.0
2025-05-03 02:00:00,0.0
2025-05-03 03:00:00,0.0
2025-05-03 04:00:00,0.0
2025-05-03 05:00:00,0.0
2025-05-03 06:00:00,0.052005101450279916
2025-05-03 07:00:00,0.11019654360192903
2025-05-03 08:00:00,0.15994198279933164
2025-05-03 09:00:00,0.21015918643591242
2025-05-03 10:00:00,0.24465627489110198
2025-05-03 11:00:00,0.27032178661169426
2025-05-03 12:00:00,0.27829395432003384
2025-05-03 13:00:00,0.2661063980498796
2025-05-03 14:00:00,0.25229826831977237
2025-05-03 15:00:00,0.2079017486073305
2025-05-03 16:00:00,0.15803362652770706
2025-05-03 17:00:00,0.11301108352690088
2025-05-03 18:00:00,0.051974209670439434
2025-05-03 19:00:00,0.0
2025-05-03 20:00:00,0.0
2025-05-03 21:00:00,0.0
2025-05-03 22:00:00,0.0
2025-05-03 23:00:00,0.0
2025-05-04 00:00:00,0.0
2025-05-04 01:00:00,0.0
2025-05-04 02:00:00,0.0
2025-05-04 03:00:00,0.0
2025-05-04 04:00:00,0.0
2025-05-04 05:00:00,0.0
2025-05-04 06:00:00,0.16320864351070943
2025-05-04 07:00:00,0.3660288453902231
2025-05-04 08:00:00,0.505098643049676
2025-05-04 09:00:00,0.6568205804875894
2025-05-04 10:00:00,0.7804131613454522
2025-05-04 11:00:00,0.8440922440314389
2025-05-04 12:00:00,0.8779878827576995
2025-05-04 13:00:00,0.815549402691825
2025-05-04 14:00:00,0.7639549611582043
2025-05-04 15:00:00,0.6810347529101453
2025-05-04 16:00:00,0.5055574833286912
2025-05-04 17:00:00,0.35545911682516645
2025-05-04 18:00:00,0.16303786450661253
2025-05-04 19:00:00,0.0
2025-05-04 20:00:00,0.0
2025-05-04 21:00:00,0.0
2025-05-04 22:00:00,0.0
2025-05-04 23:00:00,0.0
2025-05-05 00:00:00,0.0
2025-05-05 01:00:00,0.0
2025-05-05 02:00:00,0.0
2025-05-05 03:00:00,0.0
2025-05-05 04:00:00,0.0
2025-05-05 05:00:00,0.0
2025-05-05 06:00:00,0.17603633106344063
2025-05-05 07:00:00,0.3397221557467045
2025-05-05 08:00:00,0.5179662337835291
2025-05-05 09:00:00,0.6622380877911043
2025-05-05 10:00:00,0.7528140900081267
2025-05-05 11:00:00,0.8002350461712605
2025-05-05 12:00:00,0.8271873628797051
2025-05-05 13:00:00,0.8115141485389175
2025-05-05 14:00:00,0.7437368896767234
2025-05-05 15:00:00,0.6812393244702074
2025-05-05 16:00:00,0.5160616675571671
2025-05-05 17:00:00,0.3448309429856201
2025-05-05 18:00:00,0.16672847122033957
2025-05-05 19:00:00,0.0
2025-05-05 20:00:00,0.0
2025-05-05 21:00:00,0.0
2025-05-05 22:00:00,0.0
2025-05-05 23:00:00,0.0
2025-05-06 00:00:00,0.0
2025-05-06 01:00:00,0.0
2025-05-06 02:00:00,0.0
2025-05-06 03:00:00,0.0
2025-05-06 04:00:00,0.0
2025-05-06 05:00:00,0.0
2025-05-06 06:00:00,0.17399738862788067
2025-05-06 07:00:00,0.3466724120720009
2025-05-06 08:00:00,0.5000529411867236
2025-05-06 09:00:00,0.6465029715759772
2025-05-06 10:00:00,0.7614369035026177
2025-05-06 11:00:00,0.8273643506797844
2025-05-06 12:00:00,0.8549964817420721
2025-05-06 13:00:00,0.8619285217938755
2025-05-06 14:00:00,0.7992005261280679
2025-05-06 15:00:00,0.7046153364449205
2025-05-06 16:00:00,0.49885005455848164
2025-05-06 17:00:00,0.34780108204111176
2025-05-06 18:00:00,0.174565797101896
2025-05-06 19:00:00,0.0
2025-05-06 20:00:00,0.0
2025-05-06 21:00:00,0.0
2025-05-06 22:00:00,0.0
2025-05-06 23:00:00,0.0
2025-05-07 00:00:00,0.0
2025-05-07 01:00:00,0.0
2025-05-07 02:00:00,0.0
2025-05-07 03:00:00,0.0
2025-05-07 04:00:00,0.0
2025-05-07 05:00:00,0.0
2025-05-07 06:00:00,0.18601509996060211
2025-05-07 07:00:00,0.3724621607217495
2025-05-07 08:00:00,0.5728880172701237
2025-05-07 09:00:00,0.6845653236944435
2025-05-07 10:00:00,0.7635715913646017
2025-05-07 11:00:00,0.9032243609143905
2025-05-07 12:00:00,0.8654731221331261
2025-05-07 13:00:00,0.8715794039560514
2025-05-07 14:00:00,0.8131326995889212
2025-05-07 15:00:00,0.7058295737719613
2025-05-07 16:00:00,0.565342917219764
2025-05-07 17:00:00,0.3829160083137177
2025-05-07 18:00:00,0.18494801232401958
2025-05-07 19:00:00,0.0
2025-05-07 20:00:00,0.0
2025-05-07 21:00:00,0.0
2025-05-07 22:00:00,0.0
2025-05-07 23:00:00,0.0
2025-05-08 00:00:00,0.0
2025-05-08 01:00:00,0.0
2025-05-08 02:00:00,0.0
2025-05-08 03:00:00,0.0
2025-05-08 04:00:00,0.0
2025-05-08 05:00:00,0.0
2025-05-08 06:00:00,0.1699651774613993
2025-05-08 07:00:00,0.3413071888505393
2025-05-08 08:00:00,0.5035677471992859
2025-05-08 09:00:00,0.6624298809970348
2025-05-08 10:00:00,0.7597677116374149
2025-05-08 11:00:00,0.774681112342778
2025-05-08 12:00:00,0.8064625611914656
2025-05-08 13:00:00,0.8135073896094105
2025-05-08 14:00:00,0.7474421549629062
2025-05-08 15:00:00,0.6189092408931223
2025-05-08 16:00:00,0.5169565083103949
2025-05-08 17:00:00,0.33686345755606806
2025-05-08 18:00:00,0.1754192477652012
2025-05-08 19:00:00,0.0
2025-05-08 20:00:00,0.0
2025-05-08 21:00:00,0.0
2025-05-08 22:00:00,0.0
2025-05-08 23:00:00,0.0
2025-05-09 00:00:00,0.0
2025-05-09 01:00:00,0.0
2025-05-09 02:00:00,0.0
2025-05-09 03:00:00,0.0
2025-05-09 04:00:00,0.0
2025-05-09 05:00:00,0.0
2025-05-09 06:00:00,0.18733525472155285
2025-05-09 07:00:00,0.3707475604280583
2025-05-09 08:00:00,0.5533701255345278
2025-05-09 09:00:00,0.7475961865761466
2025-05-09 10:00:00,0.831750485249236
2025-05-09 11:00:00,0.863465186373416
2025-05-09 12:00:00,0.8798778958621133
2025-05-09 13:00:00,0.7962579166183609
2025-05-09 14:00:00,0.8291986089788042
2025-05-09 15:00:00,0.7110852644326053
2025-05-09 16:00:00,0.5413538319477759
2025-05-09 17:00:00,0.3615363495864349
2025-05-09 18:00:00,0.17938562300371186
2025-05-09 19:00:00,0.0
2025-05-09 20:00:00,0.0
2025-05-09 21:00:00,0.0
2025-05-09 22:00:00,0.0
2025-05-09 23:00:00,0.0
2025-05-10 00:00:00,0.0
2025-05-10 01:00:00,0.0
2025-05-10 02:00:00,0.0
2025-05-10 03:00:00,0.0
2025-05-10 04:00:00,0.0
2025-05-10 05:00:00,0.0
2025-05-10 06:00:00,0.19955364092998434
2025-05-10 07:00:00,0.37900841113954276
2025-05-10 08:00:00,0.5432747050177927
2025-05-10 09:00:00,0.656798622959017
2025-05-10 10:00:00,0.8272815003673846
2025-05-10 11:00:00,0.859470304185848
2025-05-10 12:00:00,0.9763752250996313
2025-05-10 13:00:00,0.8545097287997279
2025-05-10 14:00:00,0.8573206238435768
2025-05-10 15:00:00,0.7133837040089567
2025-05-10 16:00:00,0.5363565531218984
2025-05-10 17:00:00,0.3835376628381662
2025-05-10 18:00:00,0.19326819702043996
2025-05-10 19:00:00,0.0
2025-05-10 20:00:00,0.0
2025-05-10 21:00:00,0.0
2025-05-10 22:00:00,0.0
2025-05-10 23:00:00,0.0
2025-05-11 00:00:00,0.0
2025-05-11 01:00:00,0.0
2025-05-11 02:00:00,0.0
2025-05-11 03:00:00,0.0
2025-05-11 04:00:00,0.0
2025-05-11 05:00:00,0.0
2025-05-11 06:00:00,0.1884360368387691
2025-05-11 07:00:00,0.3883348123238646
2025-05-11 08:00:00,0.5631816663627952
2025-05-11 09:00:00,0.7572907330572478
2025-05-11 10:00:00,0.8322454638029294
2025-05-11 11:00:00,0.9235313467117695
2025-05-11 12:00:00,0.9158084083687218
2025-05-11 13:00:00,0.845338460448197
2025-05-11 14:00:00,0.8434622221351452
2025-05-11 15:00:00,0.7017067602659688
2025-05-11 16:00:00,0.5627765454430637
2025-05-11 17:00:00,0.3798625502562277
2025-05-11 18:00:00,0.19649064631571642
2025-05-11 19:00:00,0.0
2025-05-11 20:00:00,0.0
2025-05-11 21:00:00,0.0
2025-05-11 22:00:00,0.0
2025-05-11 23:00:00,0.0
2025-05-12 00:00:00,0.0
2025-05-12 01:00:00,0.0
2025-05-12 02:00:00,0.0
2025-05-12 03:00:00,0.0
2025-05-12 04:00:00,0.0
2025-05-12 05:00:00,0.0
2025-05-12 06:00:00,0.17536247904154026
2025-05-12 07:00:00,0.3289258574183266
2025-05-12 08:00:00,0.4789276209868564
2025-05-12 09:00:00,0.6260004131289966
2025-05-12 10:00:00,0.7485090299788538
2025-05-12 11:00:00,0.7818864625853289
2025-05-12 12:00:00,0.7837450118523862
2025-05-12 13:00:00,0.7320545725618348
2025-05-12 14:00:00,0.7431752683374917
2025-05-12 15:00:00,0.6121558032218964
2025-05-12 16:00:00,0.48059141313145837
2025-05-12 17:00:00,0.3265503772492835
2025-05-12 18:00:00,0.16588763803173726
2025-05-12 19:00:00,0.0
2025-05-12 20:00:00,0.0
2025-05-12 21:00:00,0.0
2025-05-12 22:00:00,0.0
2025-05-12 23:00:00,0.0
2025-05-13 00:00:00,0.0
2025-05-13 01:00:00,0.0
2025-05-13 02:00:00,0.0
2025-05-13 03:00:00,0.0
2025-05-13 04:00:00,0.0
2025-05-13 05:00:00,0.0
2025-05-13 06:00:00,0.1179278948898267
2025-05-13 07:00:00,0.22790195483413214
2025-05-13 08:00:00,0.3413704241973531
2025-05-13 09:00:00,0.3848366287226012
2025-05-13 10:00:00,0.4629417153124014
2025-05-13 11:00:00,0.5369418845162732
2025-05-13 12:00:00,0.5419266377801336
2025-05-13 13:00:00,0.5225259346304375
2025-05-13 14:00:00,0.4925132545588455
2025-05-13 15:00:00,0.38806212080470825
2025-05-13 16:00:00,0.33558040424379076
2025-05-13 17:00:00,0.2345002976132985
2025-05-13 18:00:00,0.11298885361474621
2025-05-13 19:00:00,0.0
2025-05-13 20:00:00,0.0
2025-05-13 21:00:00,0.0
2025-05-13 22:00:00,0.0
2025-05-13 23:00:00,0.0
2025-05-14 00:00:00,0.0
2025-05-14 01:00:00,0.0
2025-05-14 02:00:00,0.0
2025-05-14 03:00:00,0.0
2025-05-14 04:00:00,0.0
2025-05-14 05:00:00,0.0
2025-05-14 06:00:00,0.08732000901678974
2025-05-14 07:00:00,0.17441141854383801
2025-05-14 08:00:00,0.24444328743921637
2025-05-14 09:00:00,0.3070077467695619
2025-05-14 10:00:00,0.3579012714681732
2025-05-14 11:00:00,0.37455633507805525
2025-05-14 12:00:00,0.37031623754457565
2025-05-14 13:00:00,0.3897037918946493
2025-05-14 14:00:00,0.3361759946607285
2025-05-14 15:00:00,0.3008800528372886
2025-05-14 16:00:00,0.2340089711054834
2025-05-14 17:00:00,0.16325452239428173
2025-05-14 18:00:00,0.08884212940793385
2025-05-14 19:00:00,0.0
2025-05-14 20:00:00,0.0
2025-05-14 21:00:00,0.0
2025-05-14 22:00:00,0.0
2025-05-14 23:00:00,0.0
2025-05-15 00:00:00,0.0
2025-05-15 01:00:00,0.0
2025-05-15 02:00:00,0.0
2025-05-15 03:00:00,0.0
2025-05-15 04:00:00,0.0
2025-05-15 05:00:00,0.00045585313900608885
2025-05-15 06:00:00,0.09438224182915284
2025-05-15 07:00:00,0.17982403218738685
2025-05-15 08:00:00,0.25598318113786767
2025-05-15 09:00:00,0.3320370890820378
2025-05-15 10:00:00,0.40958187750922453
2025-05-15 11:00:00,0.4069891091132612
2025-05-15 12:00:00,0.4236095062289737
2025-05-15 13:00:00,0.3967806875769444
2025-05-15 14:00:00,0.39598892059663027
2025-05-15 15:00:00,0.3400389482952565
2025-05-15 16:00:00,0.2707365731305335
2025-05-15 17:00:00,0.19162354725876282
2025-05-15 18:00:00,0.09344609924374495
2025-05-15 19:00:00,0.00046220924362679473
2025-05-15 20:00:00,0.0
2025-05-15 21:00:00,0.0
2025-05-15 22:00:00,0.0
2025-05-15 23:00:00,0.0
2025-05-16 00:00:00,0.0
2025-05-16 01:00:00,0.0
2025-05-16 02:00:00,0.0
2025-05-16 03:00:00,0.0
2025-05-16 04:00:00,0.0
2025-05-16 05:00:00,0.0037512973218684887
2025-05-16 06:00:00,0.21651536187845144
2025-05-16 07:00:00,0.4210929021720112
2025-05-16 08:00:00,0.6196737362268677
2025-05-16 09:00:00,0.751800003677717
2025-05-16 10:00:00,0.8556380236721215
2025-05-16 11:00:00,0.9567104737978924
2025-05-16 12:00:00,1.0
2025-05-16 13:00:00,0.9502485711968247
2025-05-16 14:00:00,0.860340143813125
2025-05-16 15:00:00,0.7522152889672346
2025-05-16 16:00:00,0.5976133664186799
2025-05-16 17:00:00,0.41417573874660746
2025-05-16 18:00:00,0.22809205707559235
2025-05-16 19:00:00,0.003643974005469853
2025-05-16 20:00:00,0.0
2025-05-16 21:00:00,0.0
2025-05-16 22:00:00,0.0
2025-05-16 23:00:00,0.0
2025-05-17 00:00:00,0.0
2025-05-17 01:00:00,0.0
2025-05-17 02:00:00,0.0
2025-05-17 03:00:00,0.0
2025-05-17 04:00:00,0.0
2025-05-17 05:00:00,0.0061956964286495496
2025-05-17 06:00:00,0.21455380795206314
2025-05-17 07:00:00,0.3962316169225069
2025-05-17 08:00:00,0.5618960893977203
2025-05-17 09:00:00,0.7184465270384458
2025-05-17 10:00:00,0.7956820603735348
2025-05-17 11:00:00,0.8789807863733899
2025-05-17 12:00:00,0.8931539183001818
2025-05-17 13:00:00,0.837187626086155
2025-05-17 14:00:00,0.812805732353284
2025-05-17 15:00:00,0.6942879853790013
2025-05-17 16:00:00,0.5584060228408905
2025-05-17 17:00:00,0.397728481955806
2025-05-17 18:00:00,0.21262744478883705
2025-05-17 19:00:00,0.0058467234138410915
2025-05-17 20:00:00,0.0
2025-05-17 21:00:00,0.0
2025-05-17 22:00:00,0.0
2025-05-17 23:00:00,0.0
2025-05-18 00:00:00,0.0
2025-05-18 01:00:00,0.0
2025-05-18 02:00:00,0.0
2025-05-18 03:00:00,0.0
2025-05-18 04:00:00,0.0
2025-05-18 05:00:00,0.008131177998509985
2025-05-18 06:00:00,0.189397231217359
2025-05-18 07:00:00,0.3854197176705314
2025-05-18 08:00:00,0.5356557069859464
2025-05-18 09:00:00,0.6597429763595765
2025-05-18 10:00:00,0.7706004168549633
2025-05-18 11:00:00,0.823550967000081
2025-05-18 12:00:00,0.8589464445766025
2025-05-18 13:00:00,0.8288196636712316
2025-05-18 14:00:00,0.7546925865104273
2025-05-18 15:00:00,0.6225693554019784
2025-05-18 16:00:00,0.5388423096011106
2025-05-18 17:00:00,0.3675998065032299
2025-05-18 18:00:00,0.1992030265057619
2025-05-18 19:00:00,0.00802141001847206
2025-05-18 20:00:00,0.0
2025-05-18 21:00:00,0.0
2025-05-18 22:00:00,0.0
2025-05-18 23:00:00,0.0
2025-05-19 00:00:00,0.0
2025-05-19 01:00:00,0.0
2025-05-19 02:00:00,0.0
2025-05-19 03:00:00,0.0
2025-05-19 04:00:00,0.0
2025-05-19 05:00:00,0.010298929675463175
2025-05-19 06:00:00,0.19262437664699864
2025-05-19 07:00:00,0.36708475966527987
2025-05-19 08:00:00,0.5220104643052248
2025-05-19 09:00:00,0.6631905607084063
2025-05-19 10:00:00,0.7324115927655317
2025-05-19 11:00:00,0.767057842567993
2025-05-19 12:00:00,0.8548040673041314
2025-05-19 13:00:00,0.7702575073514628
2025-05-19 14:00:00,0.7804641974738673
2025-05-19 15:00:00,0.6928947967926864
2025-05-19 16:00:00,0.5276210677149544
2025-05-19 17:00:00,0.3868504861451798
2025-05-19 18:00:00,0.1959055927000809
2025-05-19 19:00:00,0.010562755364833271
2025-05-19 20:00:00,0.0
2025-05-19 21:00:00,0.0
2025-05-19 22:00:00,0.0
2025-05-19 23:00:00,0.0
2025-05-20 00:00:00,0.0
2025-05-20 01:00:00,0.0
2025-05-20 02:00:00,0.0
2025-05-20 03:00:00,0.0
2025-05-20 04:00:00,0.0
2025-05-20 05:00:00,0.014222383242409613
2025-05-20 06:00:00,0.2103865392212585
2025-05-20 07:00:00,0.41584517504199375
2025-05-20 08:00:00,0.5869466268586186
2025-05-20 09:00:00,0.7006814915505867
2025-05-20 10:00:00,0.8118811699139852
2025-05-20 11:00:00,0.9156520016026225
2025-05-20 12:00:00,0.9148927863017915
2025-05-20 13:00:00,0.897525595359118
2025-05-20 14:00:00,0.7819921053902563
2025-05-20 15:00:00,0.7297927443402609
2025-05-20 16:00:00,0.5787757406144658
2025-05-20 17:00:00,0.4029296363842846
2025-05-20 18:00:00,0.2160174826578006
2025-05-20 19:00:00,0.013021773969211954
2025-05-20 20:00:00,0.0
2025-05-20 21:00:00,0.0
2025-05-20 22:00:00,0.0
2025-05-20 23:00:00,0.0
2025-05-21 00:00:00,0.0
2025-05-21 01:00:00,0.0
2025-05-21 02:00:00,0.0
2025-05-21 03:00:00,0.0
2025-05-21 04:00:00,0.0
2025-05-21 05:00:00,0.014779567511325002
2025-05-21 06:00:00,0.18944395463004435
2025-05-21 07:00:00,0.37572282820997194
2025-05-21 08:00:00,0.5276786554952494
2025-05-21 09:00:00,0.6731811383437796
2025-05-21 10:00:00,0.7769121983939455
2025-05-21 11:00:00,0.8280675930792852
2025-05-21 12:00:00,0.8477130647209045
2025-05-21 13:00:00,0.8565128253594179
2025-05-21 14:00:00,0.7753317037595097
2025-05-21 15:00:00,0.6698962630391483
2025-05-21 16:00:00,0.5392953892110756
2025-05-21 17:00:00,0.3992554059249748
2025-05-21 18:00:00,0.2023862751675574
2025-05-21 19:00:00,0.014169976307319357
2025-05-21 20:00:00,0.0
2025-05-21 21:00:00,0.0
2025-05-21 22:00:00,0.0
2025-05-21 23:00:00,0.0
2025-05-22 00:00:00,0.0
2025-05-22 01:00:00,0.0
2025-05-22 02:00:00,0.0
2025-05-22 03:00:00,0.0
2025-05-22 04:00:00,0.0
2025-05-22 05:00:00,0.01811501188710113
2025-05-22 06:00:00,0.2081958941057892
2025-05-22 07:00:00,0.4057059072661171
2025-05-22 08:00:00,0.537865810424584
2025-05-22 09:00:00,0.6788451911942598
2025-05-22 10:00:00,0.8009099018004496
2025-05-22 11:00:00,0.9104446934989266
2025-05-22 12:00:00,0.8814614999159028
2025-05-22 13:00:00,0.8589106629448748
2025-05-22 14:00:00,0.816193384863255
2025-05-22 15:00:00,0.7110547315692819
2025-05-22 16:00:00,0.5570313697727394
2025-05-22 17:00:00,0.4267603141983275
2025-05-22 18:00:00,0.21363433765650922
2025-05-22 19:00:00,0.01745947251873614
2025-05-22 20:00:00,0.0
2025-05-22 21:00:00,0.0
2025-05-22 22:00:00,0.0
2025-05-22 23:00:00,0.0
2025-05-23 00:00:00,0.0
2025-05-23 01:00:00,0.0
2025-05-23 02:00:00,0.0
2025-05-23 03:00:00,0.0
2025-05-23 04:00:00,0.0
2025-05-23 05:00:00,0.02027538585434734
2025-05-23 06:00:00,0.23377271586884762
2025-05-23 07:00:00,0.4354203075500524
2025-05-23 08:00:00,0.6266696755850012
2025-05-23 09:00:00,0.7490488465175725
2025-05-23 10:00:00,0.8516084407129924
2025-05-23 11:00:00,0.8543372123497289
2025-05-23 12:00:00,0.8997659448731627
2025-05-23 13:00:00,0.9114969704036652
2025-05-23 14:00:00,0.8261280635546483
2025-05-23 15:00:00,0.7627999911399918
2025-05-23 16:00:00,0.5750310261785441
2025-05-23 17:00:00,0.4169307452638237
2025-05-23 18:00:00,0.22423776344440507
2025-05-23 19:00:00,0.021126731586873792
2025-05-23 20:00:00,0.0
2025-05-23 21:00:00,0.0
2025-05-23 22:00:00,0.0
2025-05-23 23:00:00,0.0
2025-05-24 00:00:00,0.0
2025-05-24 01:00:00,0.0
2025-05-24 02:00:00,0.0
2025-05-24 03:00:00,0.0
2025-05-24 04:00:00,0.0
2025-05-24 05:00:00,0.021163856677285285
2025-05-24 06:00:00,0.2091585486025135
2025-05-24 07:00:00,0.40996161328528014
2025-05-24 08:00:00,0.5598437406759457
2025-05-24 09:00:00,0.6764048730652163
2025-05-24 10:00:00,0.7868091522695946
2025-05-24 11:00:00,0.9109529323757649
2025-05-24 12:00:00,0.9001888558852278
2025-05-24 13:00:00,0.8882168473083799
2025-05-24 14:00:00,0.7728474540057181
2025-05-24 15:00:00,0.6812394124208162
2025-05-24 16:00:00,0.5481750655289896
2025-05-24 17:00:00,0.39858699350919363
2025-05-24 18:00:00,0.21277472222366284
2025-05-24 19:00:00,0.02067566604861586
2025-05-24 20:00:00,0.0
2025-05-24 21:00:00,0.0
2025-05-24 22:00:00,0.0
2025-05-24 23:00:00,0.0
2025-05-25 00:00:00,0.0
2025-05-25 01:00:00,0.0
2025-05-25 02:00:00,0.0
2025-05-25 03:00:00,0.0
2025-05-25 04:00:00,0.0
2025-05-25 05:00:00,0.02350248505218477
2025-05-25 06:00:00,0.20912391630150415
2025-05-25 07:00:00,0.39738060221964167
2025-05-25 08:00:00,0.5430401308116846
2025-05-25 09:00:00,0.6571498200772992
2025-05-25 10:00:00,0.7944802712580367
2025-05-25 11:00:00,0.8286670481460648
2025-05-25 12:00:00,0.882413893033753
2025-05-25 13:00:00,0.8901240471759122
2025-05-25 14:00:00,0.8425168304440201
2025-05-25 15:00:00,0.6981627475855955
2025-05-25 16:00:00,0.5776648245681519
2025-05-25 17:00:00,0.4024107422266643
2025-05-25 18:00:00,0.21300983799822937
2025-05-25 19:00:00,0.021547916345284517
2025-05-25 20:00:00,0.0
2025-05-25 21:00:00,0.0
2025-05-25 22:00:00,0.0
2025-05-25 23:00:00,0.0
2025-05-26 00:00:00,0.0
2025-05-26 01:00:00,0.0
2025-05-26 02:00:00,0.0
2025-05-26 03:00:00,0.0
2025-05-26 04:00:00,0.0
2025-05-26 05:00:00,0.0228308574932918
2025-05-26 06:00:00,0.20572082644585912
2025-05-26 07:00:00,0.3750842501699636
2025-05-26 08:00:00,0.5496662621772884
2025-05-26 09:00:00,0.6731247996289277
2025-05-26 10:00:00,0.7162889221393356
2025-05-26 11:00:00,0.8253760387537177
2025-05-26 12:00:00,0.8298738952070176
2025-05-26 13:00:00,0.8150791841538544
2025-05-26 14:00:00,0.7602333298703552
2025-05-26 15:00:00,0.6821952993049939
2025-05-26 16:00:00,0.5461335511161213
2025-05-26 17:00:00,0.36847739137123964
2025-05-26 18:00:00,0.20474358678333895
2025-05-26 19:00:00,0.023015246022590478
2025-05-26 20:00:00,0.0
2025-05-26 21:00:00,0.0
2025-05-26 22:00:00,0.0
2025-05-26 23:00:00,0.0
2025-05-27 00:00:00,0.0
2025-05-27 01:00:00,0.0
2025-05-27 02:00:00,0.0
2025-05-27 03:00:00,0.0
2025-05-27 04:00:00,0.0
2025-05-27 05:00:00,0.024906808589927613
2025-05-27 06:00:00,0.22334259007692717
2025-05-27 07:00:00,0.3815975961431788
2025-05-27 08:00:00,0.5443537541365538
2025-05-27 09:00:00,0.7286900151689845
2025-05-27 10:00:00,0.7678201331664939
2025-05-27 11:00:00,0.8556262946214688
2025-05-27 12:00:00,0.8955650651599294
2025-05-27 13:00:00,0.872733889632339
2025-05-27 14:00:00,0.7537511811497284
2025-05-27 15:00:00,0.6707454488784639
2025-05-27 16:00:00,0.5576489530997142
2025-05-27 17:00:00,0.41594309216700576
2025-05-27 18:00:00,0.20986092740559772
2025-05-27 19:00:00,0.025596601303929677
2025-05-27 20:00:00,0.0
2025-05-27 21:00:00,0.0
2025-05-27 22:00:00,0.0
2025-05-27 23:00:00,0.0
2025-05-28 00:00:00,0.0
2025-05-28 01:00:00,0.0
2025-05-28 02:00:00,0.0
2025-05-28 03:00:00,0.0
2025-05-28 04:00:00,0.0
2025-05-28 05:00:00,0.028839327936854255
2025-05-28 06:00:00,0.24577807481288527
2025-05-28 07:00:00,0.426538618486831
2025-05-28 08:00:00,0.6152097290570164
2025-05-28 09:00:00,0.7392828735924561
2025-05-28 10:00:00,0.8479056627334545
2025-05-28 11:00:00,0.8710948720876818
2025-05-28 12:00:00,0.8743409284558861
2025-05-28 13:00:00,0.9464078413618028
2025-05-28 14:00:00,0.8477227578393033
2025-05-28 15:00:00,0.7431945536048963
2025-05-28 16:00:00,0.573610485182666
2025-05-28 17:00:00,0.41307121857609086
2025-05-28 18:00:00,0.24018520545152536
2025-05-28 19:00:00,0.03130847282049002
2025-05-28 20:00:00,0.0
2025-05-28 21:00:00,0.0
2025-05-28 22:00:00,0.0
2025-05-28 23:00:00,0.0
2025-05-29 00:00:00,0.0
2025-05-29 01:00:00,0.0
2025-05-29 02:00:00,0.0
2025-05-29 03:00:00,0.0
2025-05-29 04:00:00,0.0
2025-05-29 05:00:00,0.031067386949124906
2025-05-29 06:00:00,0.22406909590095378
2025-05-29 07:00:00,0.4025956305659115
2025-05-29 08:00:00,0.5894232561865945
2025-05-29 09:00:00,0.7273279645019458
2025-05-29 10:00:00,0.8313734648556808
2025-05-29 11:00:00,0.7643628447675499
2025-05-29 12:00:00,0.898281565538477
2025-05-29 13:00:00,0.870790808363008
2025-05-29 14:00:00,0.8015991500272971
2025-05-29 15:00:00,0.7138786098685889
2025-05-29 16:00:00,0.5704245732092916
2025-05-29 17:00:00,0.4119738683788294
2025-05-29 18:00:00,0.22034990383615263
2025-05-29 19:00:00,0.031180325412063087
2025-05-29 20:00:00,0.0
2025-05-29 21:00:00,0.0
2025-05-29 22:00:00,0.0
2025-05-29 23:00:00,0.0
2025-05-30 00:00:00,0.0
2025-05-30 01:00:00,0.0
2025-05-30 02:00:00,0.0
2025-05-30 03:00:00,0.0
2025-05-30 04:00:00,0.0
2025-05-30 05:00:00,0.03138333319178712
2025-05-30 06:00:00,0.21222591779135735
2025-05-30 07:00:00,0.41922053983658647
2025-05-30 08:00:00,0.5139922477022492
2025-05-30 09:00:00,0.6920467913231801
2025-05-30 10:00:00,0.7607697268408689
2025-05-30 11:00:00,0.8850048117922327
2025-05-30 12:00:00,0.8647760073445585
2025-05-30 13:00:00,0.8177545808904204
2025-05-30 14:00:00,0.7707872505002115
2025-05-30 15:00:00,0.6645185506124921
2025-05-30 16:00:00,0.5435544297370015
2025-05-30 17:00:00,0.3879605508215652
2025-05-30 18:00:00,0.2114113018976671
2025-05-30 19:00:00,0.03062893137544129
2025-05-30 20:00:00,0.0
2025-05-30 21:00:00,0.0
2025-05-30 22:00:00,0.0
2025-05-30 23:00:00,0.0
2025-05-31 00:00:00,0.0
2025-05-31 01:00:00,0.0
2025-05-31 02:00:00,0.0
2025-05-31 03:00:00,0.0
2025-05-31 04:00:00,0.0
2025-05-31 05:00:00,0.034114033261595275
2025-05-31 06:00:00,0.23593039788766204
2025-05-31 07:00:00,0.36924793043488036
2025-05-31 08:00:00,0.5091933198360483
2025-05-31 09:00:00,0.6742275678015834
2025-05-31 10:00:00,0.7830531966253238
2025-05-31 11:00:00,0.8296155783512871
2025-05-31 12:00:00,0.8698553670531293
2025-05-31 13:00:00,0.8247672914812433
2025-05-31 14:00:00,0.755325398880725
2025-05-31 15:00:00,0.663393708495685
2025-05-31 16:00:00,0.5418512578769016
2025-05-31 17:00:00,0.39967180720897766
2025-05-31 18:00:00,0.2127000552027677
2025-05-31 19:00:00,0.03130179373946793
2025-05-31 20:00:00,0.0
2025-05-31 21:00:00,0.0
2025-05-31 22:00:00,0.0
2025-05-31 23:00:00,0.0
2025-06-01 00:00:00,0.0
2025-06-01 01:00:00,0.0
2025-06-01 02:00:00,0.0
2025-06-01 03:00:00,0.0
2025-06-01 04:00:00,0.0
2025-06-01 05:00:00,0.034817900538277956
2025-06-01 06:00:00,0.21281361915767305
2025-06-01 07:00:00,0.40795671811059675
2025-06-01 08:00:00,0.5065438834025215
2025-06-01 09:00:00,0.696272266535256
2025-06-01 10:00:00,0.7514334130560061
2025-06-01 11:00:00,0.8556030454041531
2025-06-01 12:00:00,0.8270206957468863
2025-06-01 13:00:00,0.8295539525684632
2025-06-01 14:00:00,0.7525358934251651
2025-06-01 15:00:00,0.6701693663128329
2025-06-01 16:00:00,0.5754779223113198
2025-06-01 17:00:00,0.3892669880374427
2025-06-01 18:00:00,0.23063072103510388
2025-06-01 19:00:00,0.03253601202142613
2025-06-01 20:00:00,0.0
2025-06-01 21:00:00,0.0
2025-06-01 22:00:00,0.0
2025-06-01 23:00:00,0.0
2025-06-02 00:00:00,0.0
2025-06-02 01:00:00,0.0
2025-06-02 02:00:00,0.0
2025-06-02 03:00:00,0.0
2025-06-02 04:00:00,0.0
2025-06-02 05:00:00,0.038659713550102545
2025-06-02 06:00:00,0.2454369499318814
2025-06-02 07:00:00,0.42640251711085303
2025-06-02 08:00:00,0.5905401088943336
2025-06-02 09:00:00,0.7579130542498426
2025-06-02 10:00:00,0.8194385767003945
2025-06-02 11:00:00,0.9265497366102913
2025-06-02 12:00:00,0.9467581795505993
2025-06-02 13:00:00,0.9064711967713005
2025-06-02 14:00:00,0.8582988063289186
2025-06-02 15:00:00,0.7442394811583127
2025-06-02 16:00:00,0.609380021059912
2025-06-02 17:00:00,0.4130590608682016
2025-06-02 18:00:00,0.24406731425205958
2025-06-02 19:00:00,0.03876412760621633
2025-06-02 20:00:00,0.0
2025-06-02 21:00:00,0.0
2025-06-02 22:00:00,0.0
2025-06-02 23:00:00,0.0
2025-06-03 00:00:00,0.0
2025-06-03 01:00:00,0.0
2025-06-03 02:00:00,0.0
2025-06-03 03:00:00,0.0
2025-06-03 04:00:00,0.0
2025-06-03 05:00:00,0.038267781116800834
2025-06-03 06:00:00,0.23610056490576864
2025-06-03 07:00:00,0.430757381372323
2025-06-03 08:00:00,0.5846924213863667
2025-06-03 09:00:00,0.7492041625071139
2025-06-03 10:00:00,0.8446912668913574
2025-06-03 11:00:00,0.8917348591724269
2025-06-03 12:00:00,0.9680418974310574
2025-06-03 13:00:00,0.9141420435638244
2025-06-03 14:00:00,0.859212217260233
2025-06-03 15:00:00,0.7692235596836865
2025-06-03 16:00:00,0.6224985610857511
2025-06-03 17:00:00,0.4360001735436875
2025-06-03 18:00:00,0.23714495455527895
2025-06-03 19:00:00,0.037053537846168286
2025-06-03 20:00:00,0.0
2025-06-03 21:00:00,0.0
2025-06-03 22:00:00,0.0
2025-06-03 23:00:00,0.0
2025-06-04 00:00:00,0.0
2025-06-04 01:00:00,0.0
2025-06-04 02:00:00,0.0
2025-06-04 03:00:00,0.0
2025-06-04 04:00:00,0.0
2025-06-04 05:00:00,0.038616428553335774
2025-06-04 06:00:00,0.24610896213264163
2025-06-04 07:00:00,0.40735721576182843
2025-06-04 08:00:00,0.5887448372831471
2025-06-04 09:00:00,0.7246435257473738
2025-06-04 10:00:00,0.8112424320989144
2025-06-04 11:00:00,0.9043070901322016
2025-06-04 12:00:00,0.9540013720335201
2025-06-04 13:00:00,0.9296843724377043
2025-06-04 14:00:00,0.8499006584994958
2025-06-04 15:00:00,0.6910301477457113
2025-06-04 16:00:00,0.5661210090110808
2025-06-04 17:00:00,0.42556992316430836
2025-06-04 18:00:00,0.23682395872743442
2025-06-04 19:00:00,0.03883812049308678
2025-06-04 20:00:00,0.0
2025-06-04 21:00:00,0.0
2025-06-04 22:00:00,0.0
2025-06-04 23:00:00,0.0
2025-06-05 00:00:00,0.0
2025-06-05 01:00:00,0.0
2025-06-05 02:00:00,0.0
2025-06-05 03:00:00,0.0
2025-06-05 04:00:00,0.0
2025-06-05 05:00:00,0.025036391734379868
2025-06-05 06:00:00,0.1435894488055811
2025-06-05 07:00:00,0.24579464712727508
2025-06-05 08:00:00,0.3386844168868252
2025-06-05 09:00:00,0.44687215612375675
2025-06-05 10:00:00,0.49539156712038895
2025-06-05 11:00:00,0.5502225700542532
2025-06-05 12:00:00,0.5397170355431237
2025-06-05 13:00:00,0.5359873334656216
2025-06-05 14:00:00,0.4944879678781827
2025-06-05 15:00:00,0.4210134893340382
2025-06-05 16:00:00,0.3461918441361465
2025-06-05 17:00:00,0.2409959364423466
2025-06-05 18:00:00,0.14229394568505851
2025-06-05 19:00:00,0.024461414430288386
2025-06-05 20:00:00,0.0
2025-06-05 21:00:00,0.0
2025-06-05 22:00:00,0.0
2025-06-05 23:00:00,0.0
2025-06-06 00:00:00,0.0
2025-06-06 01:00:00,0.0
2025-06-06 02:00:00,0.0
2025-06-06 03:00:00,0.0
2025-06-06 04:00:00,0.0
2025-06-06 05:00:00,0.040245167965303384
2025-06-06 06:00:00,0.21759892281149096
2025-06-06 07:00:00,0.38719751133734703
2025-06-06 08:00:00,0.5354526990588989
2025-06-06 09:00:00,0.6850146531165002
2025-06-06 10:00:00,0.7769643750401417
2025-06-06 11:00:00,0.8088568844555759
2025-06-06 12:00:00,0.8696144482241245
2025-06-06 13:00:00,0.8428377457638143
2025-06-06 14:00:00,0.8126472051851436
2025-06-06 15:00:00,0.7287455819426755
2025-06-06 16:00:00,0.5648004813543536
2025-06-06 17:00:00,0.3923712597107009
2025-06-06 18:00:00,0.22974086344205588
2025-06-06 19:00:00,0.03934220678805225
2025-06-06 20:00:00,0.0
2025-06-06 21:00:00,0.0
2025-06-06 22:00:00,0.0
2025-06-06 23:00:00,0.0
2025-06-07 00:00:00,0.0
2025-06-07 01:00:00,0.0
2025-06-07 02:00:00,0.0
2025-06-07 03:00:00,0.0
2025-06-07 04:00:00,0.0
2025-06-07 05:00:00,0.024966377943099197
2025-06-07 06:00:00,0.13700428962867925
2025-06-07 07:00:00,0.24664461547378497
2025-06-07 08:00:00,0.34129425103976285
2025-06-07 09:00:00,0.3968057896334066
2025-06-07 10:00:00,0.4758944585808988
2025-06-07 11:00:00,0.553885523175342
2025-06-07 12:00:00,0.5472496077742429
2025-06-07 13:00:00,0.5225136935877567
2025-06-07 14:00:00,0.49661039973929855
2025-06-07 15:00:00,0.40463943988652656
2025-06-07 16:00:00,0.35156373778947
2025-06-07 17:00:00,0.26055181625462054
2025-06-07 18:00:00,0.140891581507918
2025-06-07 19:00:00,0.02385835774474565
2025-06-07 20:00:00,0.0
2025-06-07 21:00:00,0.0
2025-06-07 22:00:00,0.0
2025-06-07 23:00:00,0.0
2025-06-08 00:00:00,0.0
2025-06-08 01:00:00,0.0
2025-06-08 02:00:00,0.0
2025-06-08 03:00:00,0.0
2025-06-08 04:00:00,0.0
2025-06-08 05:00:00,0.013046660315485653
2025-06-08 06:00:00,0.07422273255457998
2025-06-08 07:00:00,0.13399904165443186
2025-06-08 08:00:00,0.1770173699326388
2025-06-08 09:00:00,0.21404430030647217
2025-06-08 10:00:00,0.25558257269504475
2025-06-08 11:00:00,0.2754470267973175
2025-06-08 12:00:00,0.2798686086234236
2025-06-08 13:00:00,0.2735568703394134
2025-06-08 14:00:00,0.2511136855506977
2025-06-08 15:00:00,0.22138343059879054
2025-06-08 16:00:00,0.1781161919087755
2025-06-08 17:00:00,0.1331464983778946
2025-06-08 18:00:00,0.07770190086087846
2025-06-08 19:00:00,0.01329734885851452
2025-06-08 20:00:00,0.0
2025-06-08 21:00:00,0.0
2025-06-08 22:00:00,0.0
2025-06-08 23:00:00,0.0
2025-06-09 00:00:00,0.0
2025-06-09 01:00:00,0.0
2025-06-09 02:00:00,0.0
2025-06-09 03:00:00,0.0
2025-06-09 04:00:00,0.0
2025-06-09 05:00:00,0.04827512656100458
2025-06-09 06:00:00,0.26044989689175724
2025-06-09 07:00:00,0.47044518209499303
2025-06-09 08:00:00,0.6502162385206862
2025-06-09 09:00:00,0.7790684496980556
2025-06-09 10:00:00,0.8794186207465714
2025-06-09 11:00:00,0.960507734225905
2025-06-09 12:00:00,0.9943436658952931
2025-06-09 13:00:00,0.9743962557593551
2025-06-09 14:00:00,0.9001186740139442
2025-06-09 15:00:00,0.779501419092112
2025-06-09 16:00:00,0.653361611263996
2025-06-09 17:00:00,0.4480199257782839
2025-06-09 18:00:00,0.2778472764475212
2025-06-09 19:00:00,0.04886481356607283
2025-06-09 20:00:00,0.0
2025-06-09 21:00:00,0.0
2025-06-09 22:00:00,0.0
2025-06-09 23:00:00,0.0
2025-06-10 00:00:00,0.0
2025-06-10 01:00:00,0.0
2025-06-10 02:00:00,0.0
2025-06-10 03:00:00,0.0
2025-06-10 04:00:00,0.0
2025-06-10 05:00:00,0.0429599021259982
2025-06-10 06:00:00,0.22388432079921217
2025-06-10 07:00:00,0.389589875195702
2025-06-10 08:00:00,0.543493555728459
2025-06-10 09:00:00,0.6495296554304228
2025-06-10 10:00:00,0.7866436768715434
2025-06-10 11:00:00,0.8145592990298484
2025-06-10 12:00:00,0.8411270243275899
2025-06-10 13:00:00,0.8434417868802406
2025-06-10 14:00:00,0.7694052141668658
2025-06-10 15:00:00,0.6651481305272957
2025-06-10 16:00:00,0.5187554974636451
2025-06-10 17:00:00,0.40228121836408315
2025-06-10 18:00:00,0.22592325068143929
2025-06-10 19:00:00,0.0416227584005205
2025-06-10 20:00:00,0.0
2025-06-10 21:00:00,0.0
2025-06-10 22:00:00,0.0
2025-06-10 23:00:00,0.0
2025-06-11 00:00:00,0.0
2025-06-11 01:00:00,0.0
2025-06-11 02:00:00,0.0
2025-06-11 03:00:00,0.0
2025-06-11 04:00:00,0.0
2025-06-11 05:00:00,0.04581507058160184
2025-06-11 06:00:00,0.2499344172236482
2025-06-11 07:00:00,0.41267079788295
2025-06-11 08:00:00,0.5880949012733648
2025-06-11 09:00:00,0.7494797695782991
2025-06-11 10:00:00,0.8332630478754153
2025-06-11 11:00:00,0.8789266695819316
2025-06-11 12:00:00,0.8635680147782391
2025-06-11 13:00:00,0.828232465196803
2025-06-11 14:00:00,0.8770333491364347
2025-06-11 15:00:00,0.7303493527283103
2025-06-11 16:00:00,0.5773864279885006
2025-06-11 17:00:00,0.4285428047383073
2025-06-11 18:00:00,0.2337384247623334
2025-06-11 19:00:00,0.045298435452373186
2025-06-11 20:00:00,0.0
2025-06-11 21:00:00,0.0
2025-06-11 22:00:00,0.0
2025-06-11 23:00:00,0.0
2025-06-12 00:00:00,0.0
2025-06-12 01:00:00,0.0
2025-06-12 02:00:00,0.0
2025-06-12 03:00:00,0.0
2025-06-12 04:00:00,0.0
2025-06-12 05:00:00,0.04284145226015596
2025-06-12 06:00:00,0.22543945516761787
2025-06-12 07:00:00,0.39037447445069523
2025-06-12 08:00:00,0.5673017452065877
2025-06-12 09:00:00,0.7119756266283135
2025-06-12 10:00:00,0.8023295079957107
2025-06-12 11:00:00,0.7742216140836274
2025-06-12 12:00:00,0.8364282857841634
2025-06-12 13:00:00,0.8277466978198716
2025-06-12 14:00:00,0.7795684338242267
2025-06-12 15:00:00,0.6391025250009106
2025-06-12 16:00:00,0.5188891236137174
2025-06-12 17:00:00,0.4108131895506281
2025-06-12 18:00:00,0.22077697658446935
2025-06-12 19:00:00,0.04129969487399418
2025-06-12 20:00:00,0.0
2025-06-12 21:00:00,0.0
2025-06-12 22:00:00,0.0
2025-06-12 23:00:00,0.0
2025-06-13 00:00:00,0.0
2025-06-13 01:00:00,0.0
2025-06-13 02:00:00,0.0
2025-06-13 03:00:00,0.0
2025-06-13 04:00:00,0.0
2025-06-13 05:00:00,0.04910684199407516
2025-06-13 06:00:00,0.2676217030558446
2025-06-13 07:00:00,0.45879799888823297
2025-06-13 08:00:00,0.6455647295034436
2025-06-13 09:00:00,0.7546609310114123
2025-06-13 10:00:00,0.8774276884188573
2025-06-13 11:00:00,0.9543600696888989
2025-06-13 12:00:00,0.9496966790458791
2025-06-13 13:00:00,0.9402795265928305
2025-06-13 14:00:00,0.8607570648027638
2025-06-13 15:00:00,0.7773068113961149
2025-06-13 16:00:00,0.5993529909091019
2025-06-13 17:00:00,0.4585334701614401
2025-06-13 18:00:00,0.2587452313932813
2025-06-13 19:00:00,0.04958284471917148
2025-06-13 20:00:00,0.0
2025-06-13 21:00:00,0.0
2025-06-13 22:00:00,0.0
2025-06-13 23:00:00,0.0
2025-06-14 00:00:00,0.0
2025-06-14 01:00:00,0.0
2025-06-14 02:00:00,0.0
2025-06-14 03:00:00,0.0
2025-06-14 04:00:00,0.0
2025-06-14 05:00:00,0.04771351091312422
2025-06-14 06:00:00,0.23447864040353023
2025-06-14 07:00:00,0.4082115629981234
2025-06-14 08:00:00,0.5488652095372636
2025-06-14 09:00:00,0.7102333632317872
2025-06-14 10:00:00,0.7778829042132174
2025-06-14 11:00:00,0.8361690418009065
2025-06-14 12:00:00,0.8935820921838934
2025-06-14 13:00:00,0.8627803871890248
2025-06-14 14:00:00,0.7329087487698099
2025-06-14 15:00:00,0.6915405073136538
2025-06-14 16:00:00,0.566791837164442
2025-06-14 17:00:00,0.40387585021981753
2025-06-14 18:00:00,0.2333908202369371
2025-06-14 19:00:00,0.04314889761514413
2025-06-14 20:00:00,0.0
2025-06-14 21:00:00,0.0
2025-06-14 22:00:00,0.0
2025-06-14 23:00:00,0.0
2025-06-15 00:00:00,0.0
2025-06-15 01:00:00,0.0
2025-06-15 02:00:00,0.0
2025-06-15 03:00:00,0.0
2025-06-15 04:00:00,0.0
2025-06-15 05:00:00,0.051914592512622204
2025-06-15 06:00:00,0.2696473676209086
2025-06-15 07:00:00,0.4619416124603929
2025-06-15 08:00:00,0.6345231282030018
2025-06-15 09:00:00,0.8075635133427881
2025-06-15 10:00:00,0.9086771518836381
2025-06-15 11:00:00,0.9726420539974506
2025-06-15 12:00:00,0.9833090833366032
2025-06-15 13:00:00,0.9542812369776605
2025-06-15 14:00:00,0.9206462841671772
2025-06-15 15:00:00,0.7777899876240649
2025-06-15 16:00:00,0.662232114700008
2025-06-15 17:00:00,0.4471441849298459
2025-06-15 18:00:00,0.2743388403993045
2025-06-15 19:00:00,0.05282011494894868
2025-06-15 20:00:00,0.0
2025-06-15 21:00:00,0.0
2025-06-15 22:00:00,0.0
2025-06-15 23:00:00,0.0
2025-06-16 00:00:00,0.0
2025-06-16 01:00:00,0.0
2025-06-16 02:00:00,0.0
2025-06-16 03:00:00,0.0
2025-06-16 04:00:00,0.0
2025-06-16 05:00:00,0.04404645391697246
2025-06-16 06:00:00,0.2301213811520843
2025-06-16 07:00:00,0.40446433296595796
2025-06-16 08:00:00,0.542471925270317
2025-06-16 09:00:00,0.7135991248381385
2025-06-16 10:00:00,0.7955601048689208
2025-06-16 11:00:00,0.8200850916181168
2025-06-16 12:00:00,0.8372606515271964
2025-06-16 13:00:00,0.8300582496980343
2025-06-16 14:00:00,0.7688755109013939
2025-06-16 15:00:00,0.7067509973431597
2025-06-16 16:00:00,0.5700277786520096
2025-06-16 17:00:00,0.4007637551368501
2025-06-16 18:00:00,0.2329094124224029
2025-06-16 19:00:00,0.04662802495449633
2025-06-16 20:00:00,0.0
2025-06-16 21:00:00,0.0
2025-06-16 22:00:00,0.0
2025-06-16 23:00:00,0.0
2025-06-17 00:00:00,0.0
2025-06-17 01:00:00,0.0
2025-06-17 02:00:00,0.0
2025-06-17 03:00:00,0.0
2025-06-17 04:00:00,0.0
2025-06-17 05:00:00,0.05310584203673532
2025-06-17 06:00:00,0.2623831891468967
2025-06-17 07:00:00,0.4368771546341806
2025-06-17 08:00:00,0.624798878724042
2025-06-17 09:00:00,0.7697976915913428
2025-06-17 10:00:00,0.8873999415025379
2025-06-17 11:00:00,0.9189577706996306
2025-06-17 12:00:00,0.933037130284566
2025-06-17 13:00:00,0.9645944069074235
2025-06-17 14:00:00,0.8419670709773145
2025-06-17 15:00:00,0.7686742498653358
2025-06-17 16:00:00,0.6231910128103982
2025-06-17 17:00:00,0.4534827403291138
2025-06-17 18:00:00,0.26165329002623194
2025-06-17 19:00:00,0.05454652037582801
2025-06-17 20:00:00,0.0
2025-06-17 21:00:00,0.0
2025-06-17 22:00:00,0.0
2025-06-17 23:00:00,0.0
2025-06-18 00:00:00,0.0
2025-06-18 01:00:00,0.0
2025-06-18 02:00:00,0.0
2025-06-18 03:00:00,0.0
2025-06-18 04:00:00,0.0
2025-06-18 05:00:00,0.050335393820381984
2025-06-18 06:00:00,0.2506570998145374
2025-06-18 07:00:00,0.43277752294172034
2025-06-18 08:00:00,0.6281905663230238
2025-06-18 09:00:00,0.745164980039712
2025-06-18 10:00:00,0.8393626002710844
2025-06-18 11:00:00,0.9409270282248837
2025-06-18 12:00:00,0.9226590117533436
2025-06-18 13:00:00,0.9168623341689263
2025-06-18 14:00:00,0.8632697306791167
2025-06-18 15:00:00,0.7402071245462616
2025-06-18 16:00:00,0.6046446052905338
2025-06-18 17:00:00,0.4643692358068672
2025-06-18 18:00:00,0.25183927923949234
2025-06-18 19:00:00,0.05045300040998427
2025-06-18 20:00:00,0.0
2025-06-18 21:00:00,0.0
2025-06-18 22:00:00,0.0
2025-06-18 23:00:00,0.0
2025-06-19 00:00:00,0.0
2025-06-19 01:00:00,0.0
2025-06-19 02:00:00,0.0
2025-06-19 03:00:00,0.0
2025-06-19 04:00:00,0.0
2025-06-19 05:00:00,0.04628872143510662
2025-06-19 06:00:00,0.2388953549401
2025-06-19 07:00:00,0.39777021903596343
2025-06-19 08:00:00,0.5978933514869199
2025-06-19 09:00:00,0.6964337828319233
2025-06-19 10:00:00,0.8444826842915417
2025-06-19 11:00:00,0.8451470720062602
2025-06-19 12:00:00,0.8843420762148902
2025-06-19 13:00:00,0.8995236116434349
2025-06-19 14:00:00,0.7974922273984908
2025-06-19 15:00:00,0.7121265495654114
2025-06-19 16:00:00,0.5932128483427817
2025-06-19 17:00:00,0.4086136621390956
2025-06-19 18:00:00,0.22829078504515574
2025-06-19 19:00:00,0.04580546403379109
2025-06-19 20:00:00,0.0
2025-06-19 21:00:00,0.0
2025-06-19 22:00:00,0.0
2025-06-19 23:00:00,0.0
2025-06-20 00:00:00,0.0
2025-06-20 01:00:00,0.0
2025-06-20 02:00:00,0.0
2025-06-20 03:00:00,0.0
2025-06-20 04:00:00,0.0
2025-06-20 05:00:00,0.022389148600224573
2025-06-20 06:00:00,0.10507035572238822
2025-06-20 07:00:00,0.1876478437578026
2025-06-20 08:00:00,0.2795857125936062
2025-06-20 09:00:00,0.33317738893005333
2025-06-20 10:00:00,0.3639479341735536
2025-06-20 11:00:00,0.3860673404362243
2025-06-20 12:00:00,0.404065582781734
2025-06-20 13:00:00,0.39702635691370536
2025-06-20 14:00:00,0.3953787160132535
2025-06-20 15:00:00,0.32487909778009266
2025-06-20 16:00:00,0.25620857809909325
2025-06-20 17:00:00,0.19189387759890628
2025-06-20 18:00:00,0.11065512974005574
2025-06-20 19:00:00,0.021350564684979714
2025-06-20 20:00:00,0.0
2025-06-20 21:00:00,0.0
2025-06-20 22:00:00,0.0
2025-06-20 23:00:00,0.0
2025-06-21 00:00:00,0.0
2025-06-21 01:00:00,0.0
2025-06-21 02:00:00,0.0
2025-06-21 03:00:00,0.0
2025-06-21 04:00:00,0.0
2025-06-21 05:00:00,0.05176957824060755
2025-06-21 06:00:00,0.2474985001589753
2025-06-21 07:00:00,0.4005127786057744
2025-06-21 08:00:00,0.5539078798149638
2025-06-21 09:00:00,0.6981539128023942
2025-06-21 10:00:00,0.8588386555309618
2025-06-21 11:00:00,0.9061126312138089
2025-06-21 12:00:00,0.9476697980945683
2025-06-21 13:00:00,0.8827951141248143
2025-06-21 14:00:00,0.8149777943601004
2025-06-21 15:00:00,0.6924674371566378
2025-06-21 16:00:00,0.5911487860598786
2025-06-21 17:00:00,0.42078706850578795
2025-06-21 18:00:00,0.24005045803063693
2025-06-21 19:00:00,0.05129749950300342
2025-06-21 20:00:00,0.0
2025-06-21 21:00:00,0.0
2025-06-21 22:00:00,0.0
2025-06-21 23:00:00,0.0
2025-06-22 00:00:00,0.0
2025-06-22 01:00:00,0.0
2025-06-22 02:00:00,0.0
2025-06-22 03:00:00,0.0
2025-06-22 04:00:00,0.0
2025-06-22 05:00:00,0.05408295983029114
2025-06-22 06:00:00,0.2550260524436723
2025-06-22 07:00:00,0.44671075456806747
2025-06-22 08:00:00,0.6315402683042316
2025-06-22 09:00:00,0.7728762699064802
2025-06-22 10:00:00,0.9211307714469943
2025-06-22 11:00:00,0.9715028953694745
2025-06-22 12:00:00,0.9721660950008394
2025-06-22 13:00:00,0.9687458827866762
2025-06-22 14:00:00,0.8298894005883525
2025-06-22 15:00:00,0.7612470752991961
2025-06-22 16:00:00,0.6361287558111578
2025-06-22 17:00:00,0.4715796959110154
2025-06-22 18:00:00,0.26216325244386834
2025-06-22 19:00:00,0.05501148102638166
2025-06-22 20:00:00,0.0
2025-06-22 21:00:00,0.0
2025-06-22 22:00:00,0.0
2025-06-22 23:00:00,0.0
2025-06-23 00:00:00,0.0
2025-06-23 01:00:00,0.0
2025-06-23 02:00:00,0.0
2025-06-23 03:00:00,0.0
2025-06-23 04:00:00,0.0
2025-06-23 05:00:00,0.05236145540906322
2025-06-23 06:00:00,0.2575924906999872
2025-06-23 07:00:00,0.45749900878759564
2025-06-23 08:00:00,0.6492610107080449
2025-06-23 09:00:00,0.7677656399833235
2025-06-23 10:00:00,0.8601364617337075
2025-06-23 11:00:00,0.9892592571162314
2025-06-23 12:00:00,0.9908775151812578
2025-06-23 13:00:00,0.9851647586801632
2025-06-23 14:00:00,0.9088758278519634
2025-06-23 15:00:00,0.8304275903227423
2025-06-23 16:00:00,0.6550219415588939
2025-06-23 17:00:00,0.44858490596878325
2025-06-23 18:00:00,0.2655184505277679
2025-06-23 19:00:00,0.051974464972054275
2025-06-23 20:00:00,0.0
2025-06-23 21:00:00,0.0
2025-06-23 22:00:00,0.0
2025-06-23 23:00:00,0.0
2025-06-24 00:00:00,0.0
2025-06-24 01:00:00,0.0
2025-06-24 02:00:00,0.0
2025-06-24 03:00:00,0.0
2025-06-24 04:00:00,0.0
2025-06-24 05:00:00,0.04595579305421581
2025-06-24 06:00:00,0.2373458810938502
2025-06-24 07:00:00,0.4370691102721733
2025-06-24 08:00:00,0.5775314747642398
2025-06-24 09:00:00,0.6389963062227861
2025-06-24 10:00:00,0.8582572564736736
2025-06-24 11:00:00,0.808049431581948
2025-06-24 12:00:00,0.8705867435934934
2025-06-24 13:00:00,0.8264217562918695
2025-06-24 14:00:00,0.7773510399923705
2025-06-24 15:00:00,0.7032484425093914
2025-06-24 16:00:00,0.5317510908282173
2025-06-24 17:00:00,0.409022981069681
2025-06-24 18:00:00,0.24216061800157107
2025-06-24 19:00:00,0.0459286922983581
2025-06-24 20:00:00,0.0
2025-06-24 21:00:00,0.0
2025-06-24 22:00:00,0.0
2025-06-24 23:00:00,0.0
2025-06-25 00:00:00,0.0
2025-06-25 01:00:00,0.0
2025-06-25 02:00:00,0.0
2025-06-25 03:00:00,0.0
2025-06-25 04:00:00,0.0
2025-06-25 05:00:00,0.048498545566636415
2025-06-25 06:00:00,0.23400139707577147
2025-06-25 07:00:00,0.4246410814326977
2025-06-25 08:00:00,0.6097315908383858
2025-06-25 09:00:00,0.7170255813156635
2025-06-25 10:00:00,0.7891848821773851
2025-06-25 11:00:00,0.8917331149098556
2025-06-25 12:00:00,0.8976723300501107
2025-06-25 13:00:00,0.8773952227654311
2025-06-25 14:00:00,0.8306823000030297
2025-06-25 15:00:00,0.7332061969967302
2025-06-25 16:00:00,0.5846329436884602
2025-06-25 17:00:00,0.42160829953195067
2025-06-25 18:00:00,0.2558955020334412
2025-06-25 19:00:00,0.05004039584896548
2025-06-25 20:00:00,0.0
2025-06-25 21:00:00,0.0
2025-06-25 22:00:00,0.0
2025-06-25 23:00:00,0.0
2025-06-26 00:00:00,0.0
2025-06-26 01:00:00,0.0
2025-06-26 02:00:00,0.0
2025-06-26 03:00:00,0.0
2025-06-26 04:00:00,0.0
2025-06-26 05:00:00,0.048010576410190055
2025-06-26 06:00:00,0.23728824508691748
2025-06-26 07:00:00,0.413377480912208
2025-06-26 08:00:00,0.5607475055284411
2025-06-26 09:00:00,0.6591664526584587
2025-06-26 10:00:00,0.7688894366917798
2025-06-26 11:00:00,0.844840139104581
2025-06-26 12:00:00,0.8611010920542793
2025-06-26 13:00:00,0.8715925679720649
2025-06-26 14:00:00,0.822470632006367
2025-06-26 15:00:00,0.7014508029163388
2025-06-26 16:00:00,0.5966321737903757
2025-06-26 17:00:00,0.40418731388046203
2025-06-26 18:00:00,0.23504266275639213
2025-06-26 19:00:00,0.0469745773454632
2025-06-26 20:00:00,0.0
2025-06-26 21:00:00,0.0
2025-06-26 22:00:00,0.0
2025-06-26 23:00:00,0.0
2025-06-27 00:00:00,0.0
2025-06-27 01:00:00,0.0
2025-06-27 02:00:00,0.0
2025-06-27 03:00:00,0.0
2025-06-27 04:00:00,0.0
2025-06-27 05:00:00,0.04471767515772066
2025-06-27 06:00:00,0.22524554183139775
2025-06-27 07:00:00,0.4285206630590088
2025-06-27 08:00:00,0.5846621722672434
2025-06-27 09:00:00,0.6876167293390826
2025-06-27 10:00:00,0.7901175126722871
2025-06-27 11:00:00,0.8305086777232861
2025-06-27 12:00:00,0.8707461664609037
2025-06-27 13:00:00,0.8298043143175379
2025-06-27 14:00:00,0.7850857845002086
2025-06-27 15:00:00,0.7275681513938801
2025-06-27 16:00:00,0.5593030093339215
2025-06-27 17:00:00,0.39271082690759923
2025-06-27 18:00:00,0.22154249156271272
2025-06-27 19:00:00,0.04591794681306203
2025-06-27 20:00:00,0.0
2025-06-27 21:00:00,0.0
2025-06-27 22:00:00,0.0
2025-06-27 23:00:00,0.0
2025-06-28 00:00:00,0.0
2025-06-28 01:00:00,0.0
2025-06-28 02:00:00,0.0
2025-06-28 03:00:00,0.0
2025-06-28 04:00:00,0.0
2025-06-28 05:00:00,0.05226501567816463
2025-06-28 06:00:00,0.2556280001093703
2025-06-28 07:00:00,0.4605155867568876
2025-06-28 08:00:00,0.6073321538167862
2025-06-28 09:00:00,0.7598368465481335
2025-06-28 10:00:00,0.8890267642113887
2025-06-28 11:00:00,0.9481570969050505
2025-06-28 12:00:00,0.9603083807255187
2025-06-28 13:00:00,0.9140146842833258
2025-06-28 14:00:00,0.8535855701533408
2025-06-28 15:00:00,0.7777089462639535
2025-06-28 16:00:00,0.6358374607845985
2025-06-28 17:00:00,0.43377571666306614
2025-06-28 18:00:00,0.2457894938138981
2025-06-28 19:00:00,0.04804336794093145
2025-06-28 20:00:00,0.0
2025-06-28 21:00:00,0.0
2025-06-28 22:00:00,0.0
2025-06-28 23:00:00,0.0
2025-06-29 00:00:00,0.0
2025-06-29 01:00:00,0.0
2025-06-29 02:00:00,0.0
2025-06-29 03:00:00,0.0
2025-06-29 04:00:00,0.0
2025-06-29 05:00:00,0.04359184597289878
2025-06-29 06:00:00,0.2502716452069342
2025-06-29 07:00:00,0.43229100338207016
2025-06-29 08:00:00,0.5740406539746282
2025-06-29 09:00:00,0.6949889041930987
2025-06-29 10:00:00,0.777893698024359
2025-06-29 11:00:00,0.9423112340000142
2025-06-29 12:00:00,0.8748217293797546
2025-06-29 13:00:00,0.8453346155116966
2025-06-29 14:00:00,0.8228807190908634
2025-06-29 15:00:00,0.6805351585070657
2025-06-29 16:00:00,0.5643875132525171
2025-06-29 17:00:00,0.43257776495626593
2025-06-29 18:00:00,0.24219084734924284
2025-06-29 19:00:00,0.04594449981914909
2025-06-29 20:00:00,0.0
2025-06-29 21:00:00,0.0
2025-06-29 22:00:00,0.0
2025-06-29 23:00:00,0.0
2025-06-30 00:00:00,0.0
2025-06-30 01:00:00,0.0
2025-06-30 02:00:00,0.0
2025-06-30 03:00:00,0.0
2025-06-30 04:00:00,0.0
2025-06-30 05:00:00,0.030758098018081208
2025-06-30 06:00:00,0.15847528984410314
2025-06-30 07:00:00,0.28800380952783233
2025-06-30 08:00:00,0.42670142916539716
2025-06-30 09:00:00,0.47817563661603135
2025-06-30 10:00:00,0.5600999249797711
2025-06-30 11:00:00,0.6074439001475381
2025-06-30 12:00:00,0.6183737409766297
2025-06-30 13:00:00,0.5975034736935632
2025-06-30 14:00:00,0.5823252823004362
2025-06-30 15:00:00,0.5001140625933506
2025-06-30 16:00:00,0.41095672161275776
2025-06-30 17:00:00,0.2944855908058978
2025-06-30 18:00:00,0.168772786481943
2025-06-30 19:00:00,0.03314725582889689
2025-06-30 20:00:00,0.0
2025-06-30 21:00:00,0.0
2025-06-30 22:00:00,0.0
2025-06-30 23:00:00,0.0
2025-07-01 00:00:00,0.0
2025-07-01 01:00:00,0.0
2025-07-01 02:00:00,0.0
2025-07-01 03:00:00,0.0
2025-07-01 04:00:00,0.0
2025-07-01 05:00:00,0.04807435982756482
2025-07-01 06:00:00,0.2620246691306023
2025-07-01 07:00:00,0.45197765198339424
2025-07-01 08:00:00,0.6394480392770011
2025-07-01 09:00:00,0.7433844845279477
2025-07-01 10:00:00,0.906666700218663
2025-07-01 11:00:00,0.9592311190603663
2025-07-01 12:00:00,0.9807364441752555
2025-07-01 13:00:00,1.0
2025-07-01 14:00:00,0.8754307068183209
2025-07-01 15:00:00,0.7841970187474454
2025-07-01 16:00:00,0.6322768653574145
2025-07-01 17:00:00,0.4576110435815795
2025-07-01 18:00:00,0.27525723960439513
2025-07-01 19:00:00,0.04917105275678066
2025-07-01 20:00:00,0.0
2025-07-01 21:00:00,0.0
2025-07-01 22:00:00,0.0
2025-07-01 23:00:00,0.0
2025-07-02 00:00:00,0.0
2025-07-02 01:00:00,0.0
2025-07-02 02:00:00,0.0
2025-07-02 03:00:00,0.0
2025-07-02 04:00:00,0.0
2025-07-02 05:00:00,0.049054946233058526
2025-07-02 06:00:00,0.25733579125416073
2025-07-02 07:00:00,0.45368348900408184
2025-07-02 08:00:00,0.6016384309973616
2025-07-02 09:00:00,0.7816641591689013
2025-07-02 10:00:00,0.9051343090272781
2025-07-02 11:00:00,0.9464859747380877
2025-07-02 12:00:00,0.9700902832381773
2025-07-02 13:00:00,0.8999230656275011
2025-07-02 14:00:00,0.8963553211358446
2025-07-02 15:00:00,0.8021295675330515
2025-07-02 16:00:00,0.6241935252960655
2025-07-02 17:00:00,0.4379237393891583
2025-07-02 18:00:00,0.2513393767537149
2025-07-02 19:00:00,0.04677949961153719
2025-07-02 20:00:00,0.0
2025-07-02 21:00:00,0.0
2025-07-02 22:00:00,0.0
2025-07-02 23:00:00,0.0
2025-07-03 00:00:00,0.0
2025-07-03 01:00:00,0.0
2025-07-03 02:00:00,0.0
2025-07-03 03:00:00,0.0
2025-07-03 04:00:00,0.0
2025-07-03 05:00:00,0.03126168710757642
2025-07-03 06:00:00,0.17000796921784614
2025-07-03 07:00:00,0.29107768394140066
2025-07-03 08:00:00,0.39534112357816703
2025-07-03 09:00:00,0.46554161377020775
2025-07-03 10:00:00,0.557594060657232
2025-07-03 11:00:00,0.582280270029225
2025-07-03 12:00:00,0.6406781800664977
2025-07-03 13:00:00,0.5676782593953551
2025-07-03 14:00:00,0.5603273459763759
2025-07-03 15:00:00,0.4726388621182435
2025-07-03 16:00:00,0.3938251063071608
2025-07-03 17:00:00,0.2896249930216468
2025-07-03 18:00:00,0.1655133919871323
2025-07-03 19:00:00,0.029610497791533727
2025-07-03 20:00:00,0.0
2025-07-03 21:00:00,0.0
2025-07-03 22:00:00,0.0
2025-07-03 23:00:00,0.0
2025-07-04 00:00:00,0.0
2025-07-04 01:00:00,0.0
2025-07-04 02:00:00,0.0
2025-07-04 03:00:00,0.0
2025-07-04 04:00:00,0.0
2025-07-04 05:00:00,0.03933805369979847
2025-07-04 06:00:00,0.22696453791518448
2025-07-04 07:00:00,0.389680340931063
2025-07-04 08:00:00,0.5243038486849294
2025-07-04 09:00:00,0.7030459170068527
2025-07-04 10:00:00,0.745820793350951
2025-07-04 11:00:00,0.8255185664897475
2025-07-04 12:00:00,0.8347360595088752
2025-07-04 13:00:00,0.8230706186957071
2025-07-04 14:00:00,0.7507949976458808
2025-07-04 15:00:00,0.6901432966166398
2025-07-04 16:00:00,0.5500234888544419
2025-07-04 17:00:00,0.40653547852166194
2025-07-04 18:00:00,0.2188667177470242
2025-07-04 19:00:00,0.04307563054251809
2025-07-04 20:00:00,0.0
2025-07-04 21:00:00,0.0
2025-07-04 22:00:00,0.0
2025-07-04 23:00:00,0.0
2025-07-05 00:00:00,0.0
2025-07-05 01:00:00,0.0
2025-07-05 02:00:00,0.0
2025-07-05 03:00:00,0.0
2025-07-05 04:00:00,0.0
2025-07-05 05:00:00,0.024937044134739794
2025-07-05 06:00:00,0.1392962457980524
2025-07-05 07:00:00,0.2527748030896548
2025-07-05 08:00:00,0.35456210256538434
2025-07-05 09:00:00,0.419304321378055
2025-07-05 10:00:00,0.4565719533947418
2025-07-05 11:00:00,0.5376280353914924
2025-07-05 12:00:00,0.5068589132611623
2025-07-05 13:00:00,0.5156585101390643
2025-07-05 14:00:00,0.4703777815975645
2025-07-05 15:00:00,0.40982431527955027
2025-07-05 16:00:00,0.3444605165288941
2025-07-05 17:00:00,0.24416539619526353
2025-07-05 18:00:00,0.13869209875293867
2025-07-05 19:00:00,0.023744006089236453
2025-07-05 20:00:00,0.0
2025-07-05 21:00:00,0.0
2025-07-05 22:00:00,0.0
2025-07-05 23:00:00,0.0
2025-07-06 00:00:00,0.0
2025-07-06 01:00:00,0.0
2025-07-06 02:00:00,0.0
2025-07-06 03:00:00,0.0
2025-07-06 04:00:00,0.0
2025-07-06 05:00:00,0.04201470280111893
2025-07-06 06:00:00,0.23852441096435703
2025-07-06 07:00:00,0.4175685055393168
2025-07-06 08:00:00,0.6322752196056517
2025-07-06 09:00:00,0.7381753981437548
2025-07-06 10:00:00,0.7977877422068597
2025-07-06 11:00:00,0.9154082668669148
2025-07-06 12:00:00,0.9620475524194435
2025-07-06 13:00:00,0.9107496409963364
2025-07-06 14:00:00,0.8189007046677506
2025-07-06 15:00:00,0.7151155458977823
2025-07-06 16:00:00,0.5810898750161503
2025-07-06 17:00:00,0.44939675883301616
2025-07-06 18:00:00,0.2411749641807365
2025-07-06 19:00:00,0.0400562029969237
2025-07-06 20:00:00,0.0
2025-07-06 21:00:00,0.0
2025-07-06 22:00:00,0.0
2025-07-06 23:00:00,0.0
2025-07-07 00:00:00,0.0
2025-07-07 01:00:00,0.0
2025-07-07 02:00:00,0.0
2025-07-07 03:00:00,0.0
2025-07-07 04:00:00,0.0
2025-07-07 05:00:00,0.040951593665446276
2025-07-07 06:00:00,0.23442149368030993
2025-07-07 07:00:00,0.42109285817365166
2025-07-07 08:00:00,0.6101891886023966
2025-07-07 09:00:00,0.7584063632573406
2025-07-07 10:00:00,0.800547834563975
2025-07-07 11:00:00,0.8895407994496023
2025-07-07 12:00:00,0.9399339587087023
2025-07-07 13:00:00,0.945674754363592
2025-07-07 14:00:00,0.8754402048922689
2025-07-07 15:00:00,0.7101634236443627
2025-07-07 16:00:00,0.6121371939772409
2025-07-07 17:00:00,0.42445455422212
2025-07-07 18:00:00,0.24521218733425226
2025-07-07 19:00:00,0.0415119418782362
2025-07-07 20:00:00,0.0
2025-07-07 21:00:00,0.0
2025-07-07 22:00:00,0.0
2025-07-07 23:00:00,0.0
2025-07-08 00:00:00,0.0
2025-07-08 01:00:00,0.0
2025-07-08 02:00:00,0.0
2025-07-08 03:00:00,0.0
2025-07-08 04:00:00,0.0
2025-07-08 05:00:00,0.017434213956696882
2025-07-08 06:00:00,0.1063536136406471
2025-07-08 07:00:00,0.1859273411539594
2025-07-08 08:00:00,0.26337858420192517
2025-07-08 09:00:00,0.3080540670430683
2025-07-08 10:00:00,0.3864981256240801
2025-07-08 11:00:00,0.4003639908325278
2025-07-08 12:00:00,0.39637899113699976
2025-07-08 13:00:00,0.3706437250084668
2025-07-08 14:00:00,0.38292891001020074
2025-07-08 15:00:00,0.33056577338802834
2025-07-08 16:00:00,0.2650220024188746
2025-07-08 17:00:00,0.19399580442941114
2025-07-08 18:00:00,0.10859704541249783
2025-07-08 19:00:00,0.017709019409003532
2025-07-08 20:00:00,0.0
2025-07-08 21:00:00,0.0
2025-07-08 22:00:00,0.0
2025-07-08 23:00:00,0.0
2025-07-09 00:00:00,0.0
2025-07-09 01:00:00,0.0
2025-07-09 02:00:00,0.0
2025-07-09 03:00:00,0.0
2025-07-09 04:00:00,0.0
2025-07-09 05:00:00,0.04247798827061617
2025-07-09 06:00:00,0.26278015527279996
2025-07-09 07:00:00,0.437279650716634
2025-07-09 08:00:00,0.6655948711927872
2025-07-09 09:00:00,0.7694579556212009
2025-07-09 10:00:00,0.8755167384556797
2025-07-09 11:00:00,0.8882774860961443
2025-07-09 12:00:00,0.9824501940547925
2025-07-09 13:00:00,0.9189341300529136
2025-07-09 14:00:00,0.8923296439717094
2025-07-09 15:00:00,0.7444809547604558
2025-07-09 16:00:00,0.6582039682882563
2025-07-09 17:00:00,0.4554127148585208
2025-07-09 18:00:00,0.26729289570255776
2025-07-09 19:00:00,0.03922930562118232
2025-07-09 20:00:00,0.0
2025-07-09 21:00:00,0.0
2025-07-09 22:00:00,0.0
2025-07-09 23:00:00,0.0
2025-07-10 00:00:00,0.0
2025-07-10 01:00:00,0.0
2025-07-10 02:00:00,0.0
2025-07-10 03:00:00,0.0
2025-07-10 04:00:00,0.0
2025-07-10 05:00:00,0.0370493521483717
2025-07-10 06:00:00,0.24349739010706684
2025-07-10 07:00:00,0.4261844287403855
2025-07-10 08:00:00,0.6101114146188514
2025-07-10 09:00:00,0.6961465301435726
2025-07-10 10:00:00,0.8219112903765401
2025-07-10 11:00:00,0.9164898459454175
2025-07-10 12:00:00,0.9287014476578082
2025-07-10 13:00:00,0.8741660085341479
2025-07-10 14:00:00,0.8560624083967542
2025-07-10 15:00:00,0.7168396860216835
2025-07-10 16:00:00,0.5757345386182439
2025-07-10 17:00:00,0.42861258839502053
2025-07-10 18:00:00,0.23532699592422865
2025-07-10 19:00:00,0.036341645365081346
2025-07-10 20:00:00,0.0
2025-07-10 21:00:00,0.0
2025-07-10 22:00:00,0.0
2025-07-10 23:00:00,0.0
2025-07-11 00:00:00,0.0
2025-07-11 01:00:00,0.0
2025-07-11 02:00:00,0.0
2025-07-11 03:00:00,0.0
2025-07-11 04:00:00,0.0
2025-07-11 05:00:00,0.03605684737489811
2025-07-11 06:00:00,0.23946238215998938
2025-07-11 07:00:00,0.43013634458091615
2025-07-11 08:00:00,0.6327464411700089
2025-07-11 09:00:00,0.7820950205550721
2025-07-11 10:00:00,0.9266786530876587
2025-07-11 11:00:00,0.9151368319671399
2025-07-11 12:00:00,1.0
2025-07-11 13:00:00,0.9813069967141752
2025-07-11 14:00:00,0.8629588066491051
2025-07-11 15:00:00,0.770763164935423
2025-07-11 16:00:00,0.6375354773832803
2025-07-11 17:00:00,0.4392402067689004
2025-07-11 18:00:00,0.2433835947015436
2025-07-11 19:00:00,0.036390102855431296
2025-07-11 20:00:00,0.0
2025-07-11 21:00:00,0.0
2025-07-11 22:00:00,0.0
2025-07-11 23:00:00,0.0
2025-07-12 00:00:00,0.0
2025-07-12 01:00:00,0.0
2025-07-12 02:00:00,0.0
2025-07-12 03:00:00,0.0
2025-07-12 04:00:00,0.0
2025-07-12 05:00:00,0.034516965555064005
2025-07-12 06:00:00,0.2279674757655975
2025-07-12 07:00:00,0.4365415646902369
2025-07-12 08:00:00,0.6003961495299425
2025-07-12 09:00:00,0.7444041294183141
2025-07-12 10:00:00,0.8575686450423795
2025-07-12 11:00:00,0.8931466553045605
2025-07-12 12:00:00,0.890484966363977
2025-07-12 13:00:00,0.9368528885271702
2025-07-12 14:00:00,0.8623038838361357
2025-07-12 15:00:00,0.7267395289226497
2025-07-12 16:00:00,0.6043678872632906
2025-07-12 17:00:00,0.4430433203029441
2025-07-12 18:00:00,0.24448480744829304
2025-07-12 19:00:00,0.033996930445610314
2025-07-12 20:00:00,0.0
2025-07-12 21:00:00,0.0
2025-07-12 22:00:00,0.0
2025-07-12 23:00:00,0.0
2025-07-13 00:00:00,0.0
2025-07-13 01:00:00,0.0
2025-07-13 02:00:00,0.0
2025-07-13 03:00:00,0.0
2025-07-13 04:00:00,0.0
2025-07-13 05:00:00,0.0324179972786007
2025-07-13 06:00:00,0.24779632273791374
2025-07-13 07:00:00,0.43287723973131914
2025-07-13 08:00:00,0.6539820804893567
2025-07-13 09:00:00,0.7269573764155999
2025-07-13 10:00:00,0.9032768352528976
2025-07-13 11:00:00,0.9683109489599812
2025-07-13 12:00:00,0.9405678537411262
2025-07-13 13:00:00,0.9184963340111724
2025-07-13 14:00:00,0.8383264214311104
2025-07-13 15:00:00,0.7329193202834849
2025-07-13 16:00:00,0.6086988045238519
2025-07-13 17:00:00,0.4350360761529885
2025-07-13 18:00:00,0.22845283719497586
2025-07-13 19:00:00,0.0360322140136308
2025-07-13 20:00:00,0.0
2025-07-13 21:00:00,0.0
2025-07-13 22:00:00,0.0
2025-07-13 23:00:00,0.0
2025-07-14 00:00:00,0.0
2025-07-14 01:00:00,0.0
2025-07-14 02:00:00,0.0
2025-07-14 03:00:00,0.0
2025-07-14 04:00:00,0.0
2025-07-14 05:00:00,0.032150798137000086
2025-07-14 06:00:00,0.23432287613911315
2025-07-14 07:00:00,0.42899683900832986
2025-07-14 08:00:00,0.5929057117952653
2025-07-14 09:00:00,0.7619954136109848
2025-07-14 10:00:00,0.8549076910571227
2025-07-14 11:00:00,0.9086964899297125
2025-07-14 12:00:00,0.9302168155418205
2025-07-14 13:00:00,0.9100341331470811
2025-07-14 14:00:00,0.8474859540675893
2025-07-14 15:00:00,0.738483560827493
2025-07-14 16:00:00,0.5872164595741591
2025-07-14 17:00:00,0.4358175191732421
2025-07-14 18:00:00,0.2402146916922397
2025-07-14 19:00:00,0.03317052758925572
2025-07-14 20:00:00,0.0
2025-07-14 21:00:00,0.0
2025-07-14 22:00:00,0.0
2025-07-14 23:00:00,0.0
2025-07-15 00:00:00,0.0
2025-07-15 01:00:00,0.0
2025-07-15 02:00:00,0.0
2025-07-15 03:00:00,0.0
2025-07-15 04:00:00,0.0
2025-07-15 05:00:00,0.03034864747773743
2025-07-15 06:00:00,0.2461873885465495
2025-07-15 07:00:00,0.4271356679028053
2025-07-15 08:00:00,0.6157974618335881
2025-07-15 09:00:00,0.7557882179921458
2025-07-15 10:00:00,0.8968741252733619
2025-07-15 11:00:00,0.9680907452248815
2025-07-15 12:00:00,0.9140986760816544
2025-07-15 13:00:00,0.9736755475606189
2025-07-15 14:00:00,0.859304905343082
2025-07-15 15:00:00,0.7698915520208233
2025-07-15 16:00:00,0.5994259882470953
2025-07-15 17:00:00,0.4443266547682865
2025-07-15 18:00:00,0.259353749528708
2025-07-15 19:00:00,0.030914055443441595
2025-07-15 20:00:00,0.0
2025-07-15 21:00:00,0.0
2025-07-15 22:00:00,0.0
2025-07-15 23:00:00,0.0
2025-07-16 00:00:00,0.0
2025-07-16 01:00:00,0.0
2025-07-16 02:00:00,0.0
2025-07-16 03:00:00,0.0
2025-07-16 04:00:00,0.0
2025-07-16 05:00:00,0.02496304507754108
2025-07-16 06:00:00,0.22086898177774772
2025-07-16 07:00:00,0.39021406553998833
2025-07-16 08:00:00,0.5346184276749147
2025-07-16 09:00:00,0.6725323923992702
2025-07-16 10:00:00,0.8223073519085857
2025-07-16 11:00:00,0.8077344984924937
2025-07-16 12:00:00,0.8447118315374554
2025-07-16 13:00:00,0.8669217054083672
2025-07-16 14:00:00,0.7863955298731975
2025-07-16 15:00:00,0.6659115537441734
2025-07-16 16:00:00,0.5658846279206281
2025-07-16 17:00:00,0.4031727510840721
2025-07-16 18:00:00,0.2158547582343949
2025-07-16 19:00:00,0.025380818549690716
2025-07-16 20:00:00,0.0
2025-07-16 21:00:00,0.0
2025-07-16 22:00:00,0.0
2025-07-16 23:00:00,0.0
2025-07-17 00:00:00,0.0
2025-07-17 01:00:00,0.0
2025-07-17 02:00:00,0.0
2025-07-17 03:00:00,0.0
2025-07-17 04:00:00,0.0
2025-07-17 05:00:00,0.025129469578004427
2025-07-17 06:00:00,0.2000833013245711
2025-07-17 07:00:00,0.3842536017586222
2025-07-17 08:00:00,0.5542116895644198
2025-07-17 09:00:00,0.6676299961645888
2025-07-17 10:00:00,0.8180902735130541
2025-07-17 11:00:00,0.8788223550446518
2025-07-17 12:00:00,0.8376199794299283
2025-07-17 13:00:00,0.8337843084559503
2025-07-17 14:00:00,0.7590954797368482
2025-07-17 15:00:00,0.6737105706058553
2025-07-17 16:00:00,0.5423176105824908
2025-07-17 17:00:00,0.3990313877661083
2025-07-17 18:00:00,0.20544712901625592
2025-07-17 19:00:00,0.022123373310594076
2025-07-17 20:00:00,0.0
2025-07-17 21:00:00,0.0
2025-07-17 22:00:00,0.0
2025-07-17 23:00:00,0.0
2025-07-18 00:00:00,0.0
2025-07-18 01:00:00,0.0
2025-07-18 02:00:00,0.0
2025-07-18 03:00:00,0.0
2025-07-18 04:00:00,0.0
2025-07-18 05:00:00,0.0236997637050534
2025-07-18 06:00:00,0.23209547060353183
2025-07-18 07:00:00,0.4071695167301555
2025-07-18 08:00:00,0.5851563975434876
2025-07-18 09:00:00,0.7226709451292165
2025-07-18 10:00:00,0.8626632759116727
2025-07-18 11:00:00,0.904703859549148
2025-07-18 12:00:00,0.9608662671036272
2025-07-18 13:00:00,0.8774885963340074
2025-07-18 14:00:00,0.8409780381011547
2025-07-18 15:00:00,0.7219905913716858
2025-07-18 16:00:00,0.5697457103585447
2025-07-18 17:00:00,0.4187766166302711
2025-07-18 18:00:00,0.23921659631783546
2025-07-18 19:00:00,0.023514702657785345
2025-07-18 20:00:00,0.0
2025-07-18 21:00:00,0.0
2025-07-18 22:00:00,0.0
2025-07-18 23:00:00,0.0
2025-07-19 00:00:00,0.0
2025-07-19 01:00:00,0.0
2025-07-19 02:00:00,0.0
2025-07-19 03:00:00,0.0
2025-07-19 04:00:00,0.0
2025-07-19 05:00:00,0.021692065507930427
2025-07-19 06:00:00,0.20895557866585934
2025-07-19 07:00:00,0.39939562208670143
2025-07-19 08:00:00,0.5749315230997175
2025-07-19 09:00:00,0.6918036833777318
2025-07-19 10:00:00,0.8207973965121849
2025-07-19 11:00:00,0.836974598371175
2025-07-19 12:00:00,0.922814768230452
2025-07-19 13:00:00,0.8866193770483305
2025-07-19 14:00:00,0.8138298149763512
2025-07-19 15:00:00,0.7323347177560773
2025-07-19 16:00:00,0.5642934340836044
2025-07-19 17:00:00,0.3962139617776836
2025-07-19 18:00:00,0.2268011484937557
2025-07-19 19:00:00,0.022550518467317333
2025-07-19 20:00:00,0.0
2025-07-19 21:00:00,0.0
2025-07-19 22:00:00,0.0
2025-07-19 23:00:00,0.0
2025-07-20 00:00:00,0.0
2025-07-20 01:00:00,0.0
2025-07-20 02:00:00,0.0
2025-07-20 03:00:00,0.0
2025-07-20 04:00:00,0.0
2025-07-20 05:00:00,0.006835013361118022
2025-07-20 06:00:00,0.07676419306766767
2025-07-20 07:00:00,0.1443902574949688
2025-07-20 08:00:00,0.21404906816791927
2025-07-20 09:00:00,0.26653643875319627
2025-07-20 10:00:00,0.3039308898444735
2025-07-20 11:00:00,0.3251595824386721
2025-07-20 12:00:00,0.3330196165157586
2025-07-20 13:00:00,0.32359460219666236
2025-07-20 14:00:00,0.3008783530042064
2025-07-20 15:00:00,0.2627593080914616
2025-07-20 16:00:00,0.19947413954265608
2025-07-20 17:00:00,0.143781298403037
2025-07-20 18:00:00,0.07667099243778085
2025-07-20 19:00:00,0.0073296090192393835
2025-07-20 20:00:00,0.0
2025-07-20 21:00:00,0.0
2025-07-20 22:00:00,0.0
2025-07-20 23:00:00,0.0
2025-07-21 00:00:00,0.0
2025-07-21 01:00:00,0.0
2025-07-21 02:00:00,0.0
2025-07-21 03:00:00,0.0
2025-07-21 04:00:00,0.0
2025-07-21 05:00:00,0.017778534902036666
2025-07-21 06:00:00,0.2241457209985995
2025-07-21 07:00:00,0.4101530028612716
2025-07-21 08:00:00,0.5962640797640524
2025-07-21 09:00:00,0.726581874717323
2025-07-21 10:00:00,0.8207585884990368
2025-07-21 11:00:00,0.8730713419956655
2025-07-21 12:00:00,0.9142299609653435
2025-07-21 13:00:00,0.9080119518838407
2025-07-21 14:00:00,0.7865651655367543
2025-07-21 15:00:00,0.7109794781424479
2025-07-21 16:00:00,0.5497007390123878
2025-07-21 17:00:00,0.4051852774964025
2025-07-21 18:00:00,0.22865961878220611
2025-07-21 19:00:00,0.017200442199231405
2025-07-21 20:00:00,0.0
2025-07-21 21:00:00,0.0
2025-07-21 22:00:00,0.0
2025-07-21 23:00:00,0.0
2025-07-22 00:00:00,0.0
2025-07-22 01:00:00,0.0
2025-07-22 02:00:00,0.0
2025-07-22 03:00:00,0.0
2025-07-22 04:00:00,0.0
2025-07-22 05:00:00,0.015717935415668797
2025-07-22 06:00:00,0.20926884544488233
2025-07-22 07:00:00,0.402458341233374
2025-07-22 08:00:00,0.5704455595404649
2025-07-22 09:00:00,0.7046842856128261
2025-07-22 10:00:00,0.8107250830387802
2025-07-22 11:00:00,0.8551340673691242
2025-07-22 12:00:00,0.907263877272838
2025-07-22 13:00:00,0.882773190477579
2025-07-22 14:00:00,0.8017664635279755
2025-07-22 15:00:00,0.7216035390516281
2025-07-22 16:00:00,0.5852416571767728
2025-07-22 17:00:00,0.40826809725490654
2025-07-22 18:00:00,0.20624342164835688
2025-07-22 19:00:00,0.01526377980706782
2025-07-22 20:00:00,0.0
2025-07-22 21:00:00,0.0
2025-07-22 22:00:00,0.0
2025-07-22 23:00:00,0.0
2025-07-23 00:00:00,0.0
2025-07-23 01:00:00,0.0
2025-07-23 02:00:00,0.0
2025-07-23 03:00:00,0.0
2025-07-23 04:00:00,0.0
2025-07-23 05:00:00,0.014198616521361526
2025-07-23 06:00:00,0.21764420956402947
2025-07-23 07:00:00,0.3964031229896398
2025-07-23 08:00:00,0.6050712068376531
2025-07-23 09:00:00,0.7356927332535206
2025-07-23 10:00:00,0.8797108366170465
2025-07-23 11:00:00,0.9160308219438793
2025-07-23 12:00:00,0.93179162935595
2025-07-23 13:00:00,0.951037832233941
2025-07-23 14:00:00,0.8028378049077849
2025-07-23 15:00:00,0.7196692018263696
2025-07-23 16:00:00,0.5716850628213638
2025-07-23 17:00:00,0.3859844401335119
2025-07-23 18:00:00,0.22445733285699768
2025-07-23 19:00:00,0.013267908443507389
2025-07-23 20:00:00,0.0
2025-07-23 21:00:00,0.0
2025-07-23 22:00:00,0.0
2025-07-23 23:00:00,0.0
2025-07-24 00:00:00,0.0
2025-07-24 01:00:00,0.0
2025-07-24 02:00:00,0.0
2025-07-24 03:00:00,0.0
2025-07-24 04:00:00,0.0
2025-07-24 05:00:00,0.009939621025016365
2025-07-24 06:00:00,0.2017757749184723
2025-07-24 07:00:00,0.374548949070695
2025-07-24 08:00:00,0.5412345425239186
2025-07-24 09:00:00,0.672285669235695
2025-07-24 10:00:00,0.7680500760418717
2025-07-24 11:00:00,0.8486921842721392
2025-07-24 12:00:00,0.8769262260194145
2025-07-24 13:00:00,0.8908774020912925
2025-07-24 14:00:00,0.7961295295527216
2025-07-24 15:00:00,0.7095104441738599
2025-07-24 16:00:00,0.5290815973352508
2025-07-24 17:00:00,0.3625869127369397
2025-07-24 18:00:00,0.20046062526632433
2025-07-24 19:00:00,0.010575895702497498
2025-07-24 20:00:00,0.0
2025-07-24 21:00:00,0.0
2025-07-24 22:00:00,0.0
2025-07-24 23:00:00,0.0
2025-07-25 00:00:00,0.0
2025-07-25 01:00:00,0.0
2025-07-25 02:00:00,0.0
2025-07-25 03:00:00,0.0
2025-07-25 04:00:00,0.0
2025-07-25 05:00:00,0.009040270694722562
2025-07-25 06:00:00,0.21886801162644154
2025-07-25 07:00:00,0.3944396181432398
2025-07-25 08:00:00,0.5862932660368223
2025-07-25 09:00:00,0.700082006405535
2025-07-25 10:00:00,0.8627788947513724
2025-07-25 11:00:00,0.9532443299531725
2025-07-25 12:00:00,0.9031788033334271
2025-07-25 13:00:00,0.8964461097402562
2025-07-25 14:00:00,0.8238973941609139
2025-07-25 15:00:00,0.7257700305527971
2025-07-25 16:00:00,0.5961050541177875
2025-07-25 17:00:00,0.4071882080623125
2025-07-25 18:00:00,0.22030874823473234
2025-07-25 19:00:00,0.00905772078852332
2025-07-25 20:00:00,0.0
2025-07-25 21:00:00,0.0
2025-07-25 22:00:00,0.0
2025-07-25 23:00:00,0.0
2025-07-26 00:00:00,0.0
2025-07-26 01:00:00,0.0
2025-07-26 02:00:00,0.0
2025-07-26 03:00:00,0.0
2025-07-26 04:00:00,0.0
2025-07-26 05:00:00,0.005534626212448833
2025-07-26 06:00:00,0.19367718175450613
2025-07-26 07:00:00,0.37704414740987235
2025-07-26 08:00:00,0.5111763995446905
2025-07-26 09:00:00,0.6480979781903565
2025-07-26 10:00:00,0.7443745337511992
2025-07-26 11:00:00,0.7920508260384529
2025-07-26 12:00:00,0.8463006674786725
2025-07-26 13:00:00,0.8162286722887495
2025-07-26 14:00:00,0.7498854825596168
2025-07-26 15:00:00,0.6558256718744285
2025-07-26 16:00:00,0.5283102684502762
2025-07-26 17:00:00,0.36941266488512553
2025-07-26 18:00:00,0.18412204409828523
2025-07-26 19:00:00,0.005681458959903176
2025-07-26 20:00:00,0.0
2025-07-26 21:00:00,0.0
2025-07-26 22:00:00,0.0
2025-07-26 23:00:00,0.0
2025-07-27 00:00:00,0.0
2025-07-27 01:00:00,0.0
2025-07-27 02:00:00,0.0
2025-07-27 03:00:00,0.0
2025-07-27 04:00:00,0.0
2025-07-27 05:00:00,0.0034845931082933238
2025-07-27 06:00:00,0.19737341390581328
2025-07-27 07:00:00,0.3727382943177752
2025-07-27 08:00:00,0.5748979812920625
2025-07-27 09:00:00,0.7474296850861656
2025-07-27 10:00:00,0.7729369636832889
2025-07-27 11:00:00,0.8536289476990342
2025-07-27 12:00:00,0.9214833079269902
2025-07-27 13:00:00,0.8774796734278911
2025-07-27 14:00:00,0.8326949730282481
2025-07-27 15:00:00,0.7033510604194309
2025-07-27 16:00:00,0.5536330060146192
2025-07-27 17:00:00,0.39061364761204137
2025-07-27 18:00:00,0.18894467338188095
2025-07-27 19:00:00,0.0034201292403539937
2025-07-27 20:00:00,0.0
2025-07-27 21:00:00,0.0
2025-07-27 22:00:00,0.0
2025-07-27 23:00:00,0.0
2025-07-28 00:00:00,0.0
2025-07-28 01:00:00,0.0
2025-07-28 02:00:00,0.0
2025-07-28 03:00:00,0.0
2025-07-28 04:00:00,0.0
2025-07-28 05:00:00,0.0010224942724578845
2025-07-28 06:00:00,0.20079474284696103
2025-07-28 07:00:00,0.40598278657739184
2025-07-28 08:00:00,0.5838752571842398
2025-07-28 09:00:00,0.7658873631878476
2025-07-28 10:00:00,0.8485720913641888
2025-07-28 11:00:00,0.912348590428946
2025-07-28 12:00:00,0.9373719111819809
2025-07-28 13:00:00,0.9228310923042587
2025-07-28 14:00:00,0.8586516771259585
2025-07-28 15:00:00,0.7156290321333953
2025-07-28 16:00:00,0.5650986829917521
2025-07-28 17:00:00,0.4231913297054873
2025-07-28 18:00:00,0.19869778065376087
2025-07-28 19:00:00,0.0010803892329367306
2025-07-28 20:00:00,0.0
2025-07-28 21:00:00,0.0
2025-07-28 22:00:00,0.0
2025-07-28 23:00:00,0.0
2025-07-29 00:00:00,0.0
2025-07-29 01:00:00,0.0
2025-07-29 02:00:00,0.0
2025-07-29 03:00:00,0.0
2025-07-29 04:00:00,0.0
2025-07-29 05:00:00,0.0
2025-07-29 06:00:00,0.18286127311580208
2025-07-29 07:00:00,0.3910004417530423
2025-07-29 08:00:00,0.5205745026090507
2025-07-29 09:00:00,0.6505822822433994
2025-07-29 10:00:00,0.7461761367243473
2025-07-29 11:00:00,0.8646829409925518
2025-07-29 12:00:00,0.800675104808499
2025-07-29 13:00:00,0.8297728277340465
2025-07-29 14:00:00,0.7530560337448149
2025-07-29 15:00:00,0.6298635925144878
2025-07-29 16:00:00,0.5114656106231851
2025-07-29 17:00:00,0.36785189279294633
2025-07-29 18:00:00,0.18128414666265233
2025-07-29 19:00:00,0.0
2025-07-29 20:00:00,0.0
2025-07-29 21:00:00,0.0
2025-07-29 22:00:00,0.0
2025-07-29 23:00:00,0.0
2025-07-30 00:00:00,0.0
2025-07-30 01:00:00,0.0
2025-07-30 02:00:00,0.0
2025-07-30 03:00:00,0.0
2025-07-30 04:00:00,0.0
2025-07-30 05:00:00,0.0
2025-07-30 06:00:00,0.1283972016694342
2025-07-30 07:00:00,0.2712691397500236
2025-07-30 08:00:00,0.3924943331354343
2025-07-30 09:00:00,0.4783718434865385
2025-07-30 10:00:00,0.5439359457483328
2025-07-30 11:00:00,0.6043487221858241
2025-07-30 12:00:00,0.6047667576236857
2025-07-30 13:00:00,0.5566809780494785
2025-07-30 14:00:00,0.5572498605297024
2025-07-30 15:00:00,0.4877752831236887
2025-07-30 16:00:00,0.3945144470058587
2025-07-30 17:00:00,0.25644552090174255
2025-07-30 18:00:00,0.1338966197308525
2025-07-30 19:00:00,0.0
2025-07-30 20:00:00,0.0
2025-07-30 21:00:00,0.0
2025-07-30 22:00:00,0.0
2025-07-30 23:00:00,0.0
2025-07-31 00:00:00,0.0
2025-07-31 01:00:00,0.0
2025-07-31 02:00:00,0.0
2025-07-31 03:00:00,0.0
2025-07-31 04:00:00,0.0
2025-07-31 05:00:00,0.0
2025-07-31 06:00:00,0.17359336390649002
2025-07-31 07:00:00,0.3625308085849411
2025-07-31 08:00:00,0.5312814707880175
2025-07-31 09:00:00,0.6556427488561658
2025-07-31 10:00:00,0.7601010785639185
2025-07-31 11:00:00,0.8337340620512509
2025-07-31 12:00:00,0.8805527933639365
2025-07-31 13:00:00,0.8130288634642396
2025-07-31 14:00:00,0.7335819101334988
2025-07-31 15:00:00,0.6569205022662739
2025-07-31 16:00:00,0.5533456120402115
2025-07-31 17:00:00,0.34965085996534445
2025-07-31 18:00:00,0.18599642306233236
2025-07-31 19:00:00,0.0
2025-07-31 20:00:00,0.0
2025-07-31 21:00:00,0.0
2025-07-31 22:00:00,0.0
2025-07-31 23:00:00,0.0
2025-08-01 00:00:00,0.0
2025-08-01 01:00:00,0.0
2025-08-01 02:00:00,0.0
2025-08-01 03:00:00,0.0
2025-08-01 04:00:00,0.0
2025-08-01 05:00:00,0.0
2025-08-01 06:00:00,0.12209209993725571
2025-08-01 07:00:00,0.22724670735095434
2025-08-01 08:00:00,0.32387064480158273
2025-08-01 09:00:00,0.4459752222251317
2025-08-01 10:00:00,0.49423417228345357
2025-08-01 11:00:00,0.53225481287885
2025-08-01 12:00:00,0.5507312014445699
2025-08-01 13:00:00,0.5419080550105883
2025-08-01 14:00:00,0.4892825798896279
2025-08-01 15:00:00,0.43692593335741936
2025-08-01 16:00:00,0.33193858620021566
2025-08-01 17:00:00,0.23370352582248038
2025-08-01 18:00:00,0.11004883485814133
2025-08-01 19:00:00,0.0
2025-08-01 20:00:00,0.0
2025-08-01 21:00:00,0.0
2025-08-01 22:00:00,0.0
2025-08-01 23:00:00,0.0
2025-08-02 00:00:00,0.0
2025-08-02 01:00:00,0.0
2025-08-02 02:00:00,0.0
2025-08-02 03:00:00,0.0
2025-08-02 04:00:00,0.0
2025-08-02 05:00:00,0.0
2025-08-02 06:00:00,0.18777389007765977
2025-08-02 07:00:00,0.36717982313828673
2025-08-02 08:00:00,0.5162373661648703
2025-08-02 09:00:00,0.6597095972354925
2025-08-02 10:00:00,0.7717902789323962
2025-08-02 11:00:00,0.8313743227011414
2025-08-02 12:00:00,0.8618649555395275
2025-08-02 13:00:00,0.8347896964769153
2025-08-02 14:00:00,0.7366520310753304
2025-08-02 15:00:00,0.622209073396863
2025-08-02 16:00:00,0.5216641166293151
2025-08-02 17:00:00,0.3691987854777681
2025-08-02 18:00:00,0.17811566193620912
2025-08-02 19:00:00,0.0
2025-08-02 20:00:00,0.0
2025-08-02 21:00:00,0.0
2025-08-02 22:00:00,0.0
2025-08-02 23:00:00,0.0
2025-08-03 00:00:00,0.0
2025-08-03 01:00:00,0.0
2025-08-03 02:00:00,0.0
2025-08-03 03:00:00,0.0
2025-08-03 04:00:00,0.0
2025-08-03 05:00:00,0.0
2025-08-03 06:00:00,0.12988900560517563
2025-08-03 07:00:00,0.24374867419633525
2025-08-03 08:00:00,0.3419712748611418
2025-08-03 09:00:00,0.45431028955938424
2025-08-03 10:00:00,0.49203216280947765
2025-08-03 11:00:00,0.5569357128500155
2025-08-03 12:00:00,0.6361680978282639
2025-08-03 13:00:00,0.569112720093923
2025-08-03 14:00:00,0.5082766104458593
2025-08-03 15:00:00,0.4594953010629029
2025-08-03 16:00:00,0.35393764633723734
2025-08-03 17:00:00,0.25615179568680024
2025-08-03 18:00:00,0.11954149262967366
2025-08-03 19:00:00,0.0
2025-08-03 20:00:00,0.0
2025-08-03 21:00:00,0.0
2025-08-03 22:00:00,0.0
2025-08-03 23:00:00,0.0
2025-08-04 00:00:00,0.0
2025-08-04 01:00:00,0.0
2025-08-04 02:00:00,0.0
2025-08-04 03:00:00,0.0
2025-08-04 04:00:00,0.0
2025-08-04 05:00:00,0.0
2025-08-04 06:00:00,0.058981720796099056
2025-08-04 07:00:00,0.12466054569284857
2025-08-04 08:00:00,0.19395332874796395
2025-08-04 09:00:00,0.2367041510590068
2025-08-04 10:00:00,0.2749291624286383
2025-08-04 11:00:00,0.30986502000252675
2025-08-04 12:00:00,0.3001041593529141
2025-08-04 13:00:00,0.3050387806892613
2025-08-04 14:00:00,0.2705086527699229
2025-08-04 15:00:00,0.2426301656005952
2025-08-04 16:00:00,0.18648720606032998
2025-08-04 17:00:00,0.12824301252536258
2025-08-04 18:00:00,0.06455697277997403
2025-08-04 19:00:00,0.0
2025-08-04 20:00:00,0.0
2025-08-04 21:00:00,0.0
2025-08-04 22:00:00,0.0
2025-08-04 23:00:00,0.0
2025-08-05 00:00:00,0.0
2025-08-05 01:00:00,0.0
2025-08-05 02:00:00,0.0
2025-08-05 03:00:00,0.0
2025-08-05 04:00:00,0.0
2025-08-05 05:00:00,0.0
2025-08-05 06:00:00,0.06145562218742909
2025-08-05 07:00:00,0.12563211536446633
2025-08-05 08:00:00,0.19100367934500878
2025-08-05 09:00:00,0.24213126586411432
2025-08-05 10:00:00,0.27453538912788383
2025-08-05 11:00:00,0.30525002738057205
2025-08-05 12:00:00,0.30101581979039804
2025-08-05 13:00:00,0.2992309788508267
2025-08-05 14:00:00,0.27836636052040054
2025-08-05 15:00:00,0.24044928561660636
2025-08-05 16:00:00,0.18941264999352236
2025-08-05 17:00:00,0.12822912035916534
2025-08-05 18:00:00,0.0644111810988346
2025-08-05 19:00:00,0.0
2025-08-05 20:00:00,0.0
2025-08-05 21:00:00,0.0
2025-08-05 22:00:00,0.0
2025-08-05 23:00:00,0.0
2025-08-06 00:00:00,0.0
2025-08-06 01:00:00,0.0
2025-08-06 02:00:00,0.0
2025-08-06 03:00:00,0.0
2025-08-06 04:00:00,0.0
2025-08-06 05:00:00,0.0
2025-08-06 06:00:00,0.1656612967582427
2025-08-06 07:00:00,0.3601464305080154
2025-08-06 08:00:00,0.5149601707548501
2025-08-06 09:00:00,0.6551789418534468
2025-08-06 10:00:00,0.7766692821464808
2025-08-06 11:00:00,0.8587133919564635
2025-08-06 12:00:00,0.8398034663943534
2025-08-06 13:00:00,0.8136515057087516
2025-08-06 14:00:00,0.773231459376812
2025-08-06 15:00:00,0.6774470209775296
2025-08-06 16:00:00,0.5491012169838122
2025-08-06 17:00:00,0.34655086769889115
2025-08-06 18:00:00,0.16987002800436427
2025-08-06 19:00:00,0.0
2025-08-06 20:00:00,0.0
2025-08-06 21:00:00,0.0
2025-08-06 22:00:00,0.0
2025-08-06 23:00:00,0.0
2025-08-07 00:00:00,0.0
2025-08-07 01:00:00,0.0
2025-08-07 02:00:00,0.0
2025-08-07 03:00:00,0.0
2025-08-07 04:00:00,0.0
2025-08-07 05:00:00,0.0
2025-08-07 06:00:00,0.16705770973613934
2025-08-07 07:00:00,0.36205032774365004
2025-08-07 08:00:00,0.5531844868637787
2025-08-07 09:00:00,0.6766384629886575
2025-08-07 10:00:00,0.7703207089756976
2025-08-07 11:00:00,0.8620550533182401
2025-08-07 12:00:00,0.8619705307950642
2025-08-07 13:00:00,0.857072201660263
2025-08-07 14:00:00,0.7724848282604853
2025-08-07 15:00:00,0.6874102153478998
2025-08-07 16:00:00,0.5059020283625755
2025-08-07 17:00:00,0.34743771797778517
2025-08-07 18:00:00,0.16280377705248578
2025-08-07 19:00:00,0.0
2025-08-07 20:00:00,0.0
2025-08-07 21:00:00,0.0
2025-08-07 22:00:00,0.0
2025-08-07 23:00:00,0.0
2025-08-08 00:00:00,0.0
2025-08-08 01:00:00,0.0
2025-08-08 02:00:00,0.0
2025-08-08 03:00:00,0.0
2025-08-08 04:00:00,0.0
2025-08-08 05:00:00,0.0
2025-08-08 06:00:00,0.15787434941807996
2025-08-08 07:00:00,0.3321591746906924
2025-08-08 08:00:00,0.48442218221331323
2025-08-08 09:00:00,0.5973182162685879
2025-08-08 10:00:00,0.715357564199388
2025-08-08 11:00:00,0.735200032494467
2025-08-08 12:00:00,0.7723861533335609
2025-08-08 13:00:00,0.7994069833803082
2025-08-08 14:00:00,0.7332690786508521
2025-08-08 15:00:00,0.6159179672058651
2025-08-08 16:00:00,0.4506323572938798
2025-08-08 17:00:00,0.31190187734350455
2025-08-08 18:00:00,0.14889075577265592
2025-08-08 19:00:00,0.0
2025-08-08 20:00:00,0.0
2025-08-08 21:00:00,0.0
2025-08-08 22:00:00,0.0
2025-08-08 23:00:00,0.0
2025-08-09 00:00:00,0.0
2025-08-09 01:00:00,0.0
2025-08-09 02:00:00,0.0
2025-08-09 03:00:00,0.0
2025-08-09 04:00:00,0.0
2025-08-09 05:00:00,0.0
2025-08-09 06:00:00,0.15215445283767096
2025-08-09 07:00:00,0.31430738004096065
2025-08-09 08:00:00,0.4820291842532142
2025-08-09 09:00:00,0.6377749051252305
2025-08-09 10:00:00,0.751330471291563
2025-08-09 11:00:00,0.7889121141211191
2025-08-09 12:00:00,0.7877818429008764
2025-08-09 13:00:00,0.7881647862233884
2025-08-09 14:00:00,0.7384313967668769
2025-08-09 15:00:00,0.574070914372163
2025-08-09 16:00:00,0.5012369210968907
2025-08-09 17:00:00,0.3183925852450747
2025-08-09 18:00:00,0.14800799788693622
2025-08-09 19:00:00,0.0
2025-08-09 20:00:00,0.0
2025-08-09 21:00:00,0.0
2025-08-09 22:00:00,0.0
2025-08-09 23:00:00,0.0
2025-08-10 00:00:00,0.0
2025-08-10 01:00:00,0.0
2025-08-10 02:00:00,0.0
2025-08-10 03:00:00,0.0
2025-08-10 04:00:00,0.0
2025-08-10 05:00:00,0.0
2025-08-10 06:00:00,0.17192628778674576
2025-08-10 07:00:00,0.3797008889268501
2025-08-10 08:00:00,0.5636703429247867
2025-08-10 09:00:00,0.7565063514120104
2025-08-10 10:00:00,0.8439516013727947
2025-08-10 11:00:00,0.8826988767983889
2025-08-10 12:00:00,0.8842335940477732
2025-08-10 13:00:00,0.878121474474903
2025-08-10 14:00:00,0.8060949588265816
2025-08-10 15:00:00,0.7110215407638931
2025-08-10 16:00:00,0.5377758716426783
2025-08-10 17:00:00,0.38250702045177576
2025-08-10 18:00:00,0.1626724039730627
2025-08-10 19:00:00,0.0
2025-08-10 20:00:00,0.0
2025-08-10 21:00:00,0.0
2025-08-10 22:00:00,0.0
2025-08-10 23:00:00,0.0
2025-08-11 00:00:00,0.0
2025-08-11 01:00:00,0.0
2025-08-11 02:00:00,0.0
2025-08-11 03:00:00,0.0
2025-08-11 04:00:00,0.0
2025-08-11 05:00:00,0.0
2025-08-11 06:00:00,0.09611715980914708
2025-08-11 07:00:00,0.2034794240204342
2025-08-11 08:00:00,0.3043861808233359
2025-08-11 09:00:00,0.3839092076473859
2025-08-11 10:00:00,0.45568943043701654
2025-08-11 11:00:00,0.4942217546593153
2025-08-11 12:00:00,0.52179983865427
2025-08-11 13:00:00,0.46082391478263357
2025-08-11 14:00:00,0.4460439451462666
2025-08-11 15:00:00,0.38995881281800104
2025-08-11 16:00:00,0.3021020554267032
2025-08-11 17:00:00,0.19687360640356982
2025-08-11 18:00:00,0.08846704175134013
2025-08-11 19:00:00,0.0
2025-08-11 20:00:00,0.0
2025-08-11 21:00:00,0.0
2025-08-11 22:00:00,0.0
2025-08-11 23:00:00,0.0
2025-08-12 00:00:00,0.0
2025-08-12 01:00:00,0.0
2025-08-12 02:00:00,0.0
2025-08-12 03:00:00,0.0
2025-08-12 04:00:00,0.0
2025-08-12 05:00:00,0.0
2025-08-12 06:00:00,0.09422954601864106
2025-08-12 07:00:00,0.21372180780381148
2025-08-12 08:00:00,0.31555436286798677
2025-08-12 09:00:00,0.41754614665907375
2025-08-12 10:00:00,0.4926745500699484
2025-08-12 11:00:00,0.5233945435047651
2025-08-12 12:00:00,0.5422612339617243
2025-08-12 13:00:00,0.5232906929720442
2025-08-12 14:00:00,0.47722647049445116
2025-08-12 15:00:00,0.3937492763034883
2025-08-12 16:00:00,0.31044488322675035
2025-08-12 17:00:00,0.20522422352901373
2025-08-12 18:00:00,0.09561036600498456
2025-08-12 19:00:00,0.0
2025-08-12 20:00:00,0.0
2025-08-12 21:00:00,0.0
2025-08-12 22:00:00,0.0
2025-08-12 23:00:00,0.0
2025-08-13 00:00:00,0.0
2025-08-13 01:00:00,0.0
2025-08-13 02:00:00,0.0
2025-08-13 03:00:00,0.0
2025-08-13 04:00:00,0.0
2025-08-13 05:00:00,0.0
2025-08-13 06:00:00,0.15271952859512833
2025-08-13 07:00:00,0.368255692088181
2025-08-13 08:00:00,0.498490752736533
2025-08-13 09:00:00,0.6970899972194595
2025-08-13 10:00:00,0.8212518804808339
2025-08-13 11:00:00,0.8711768208149444
2025-08-13 12:00:00,0.8664209523310539
2025-08-13 13:00:00,0.8880664366776096
2025-08-13 14:00:00,0.7748635554718458
2025-08-13 15:00:00,0.6570125077722727
2025-08-13 16:00:00,0.5179018899345779
2025-08-13 17:00:00,0.34269633825287954
2025-08-13 18:00:00,0.15021064441687446
2025-08-13 19:00:00,0.0
2025-08-13 20:00:00,0.0
2025-08-13 21:00:00,0.0
2025-08-13 22:00:00,0.0
2025-08-13 23:00:00,0.0
2025-08-14 00:00:00,0.0
2025-08-14 01:00:00,0.0
2025-08-14 02:00:00,0.0
2025-08-14 03:00:00,0.0
2025-08-14 04:00:00,0.0
2025-08-14 05:00:00,0.0
2025-08-14 06:00:00,0.14374069277196191
2025-08-14 07:00:00,0.32640625309735427
2025-08-14 08:00:00,0.5091664944093737
2025-08-14 09:00:00,0.62738472111189
2025-08-14 10:00:00,0.763182887581982
2025-08-14 11:00:00,0.8408186665381481
2025-08-14 12:00:00,0.8121999203646184
2025-08-14 13:00:00,0.7938662862761184
2025-08-14 14:00:00,0.7323558415892607
2025-08-14 15:00:00,0.6100817461745226
2025-08-14 16:00:00,0.4903581034185271
2025-08-14 17:00:00,0.34260000374994076
2025-08-14 18:00:00,0.13977672211485684
2025-08-14 19:00:00,0.0
2025-08-14 20:00:00,0.0
2025-08-14 21:00:00,0.0
2025-08-14 22:00:00,0.0
2025-08-14 23:00:00,0.0
2025-08-15 00:00:00,0.0
2025-08-15 01:00:00,0.0
2025-08-15 02:00:00,0.0
2025-08-15 03:00:00,0.0
2025-08-15 04:00:00,0.0
2025-08-15 05:00:00,0.0
2025-08-15 06:00:00,0.1334926790324041
2025-08-15 07:00:00,0.2944380654605826
2025-08-15 08:00:00,0.4407651480061563
2025-08-15 09:00:00,0.5944272879878543
2025-08-15 10:00:00,0.6939343454621696
2025-08-15 11:00:00,0.7520485144469663
2025-08-15 12:00:00,0.7883847489814664
2025-08-15 13:00:00,0.7705243152266344
2025-08-15 14:00:00,0.7195975467503296
2025-08-15 15:00:00,0.569123494600012
2025-08-15 16:00:00,0.47987876300135246
2025-08-15 17:00:00,0.320402372368141
2025-08-15 18:00:00,0.1294823465109457
2025-08-15 19:00:00,0.0
2025-08-15 20:00:00,0.0
2025-08-15 21:00:00,0.0
2025-08-15 22:00:00,0.0
2025-08-15 23:00:00,0.0
2025-08-16 00:00:00,0.0
2025-08-16 01:00:00,0.0
2025-08-16 02:00:00,0.0
2025-08-16 03:00:00,0.0
2025-08-16 04:00:00,0.0
2025-08-16 05:00:00,0.0
2025-08-16 06:00:00,0.14374891715786842
2025-08-16 07:00:00,0.3398129542248914
2025-08-16 08:00:00,0.5002933117076191
2025-08-16 09:00:00,0.6276421336791016
2025-08-16 10:00:00,0.738562530621082
2025-08-16 11:00:00,0.792701022061304
2025-08-16 12:00:00,0.8730284640424231
2025-08-16 13:00:00,0.8171121934000268
2025-08-16 14:00:00,0.7801116889081326
2025-08-16 15:00:00,0.6515263523385904
2025-08-16 16:00:00,0.499526593802827
2025-08-16 17:00:00,0.3199240702576473
2025-08-16 18:00:00,0.14236661712175142
2025-08-16 19:00:00,0.0
2025-08-16 20:00:00,0.0
2025-08-16 21:00:00,0.0
2025-08-16 22:00:00,0.0
2025-08-16 23:00:00,0.0
2025-08-17 00:00:00,0.0
2025-08-17 01:00:00,0.0
2025-08-17 02:00:00,0.0
2025-08-17 03:00:00,0.0
2025-08-17 04:00:00,0.0
2025-08-17 05:00:00,0.0
2025-08-17 06:00:00,0.1333420000040922
2025-08-17 07:00:00,0.31104700299330634
2025-08-17 08:00:00,0.46833996656657545
2025-08-17 09:00:00,0.6506585650001034
2025-08-17 10:00:00,0.7111821494360521
2025-08-17 11:00:00,0.8176094893665173
2025-08-17 12:00:00,0.8325045929290046
2025-08-17 13:00:00,0.8217341203238557
2025-08-17 14:00:00,0.722042890823404
2025-08-17 15:00:00,0.6119643388117338
2025-08-17 16:00:00,0.49146961537308176
2025-08-17 17:00:00,0.31565216550109343
2025-08-17 18:00:00,0.12855747322709005
2025-08-17 19:00:00,0.0
2025-08-17 20:00:00,0.0
2025-08-17 21:00:00,0.0
2025-08-17 22:00:00,0.0
2025-08-17 23:00:00,0.0
2025-08-18 00:00:00,0.0
2025-08-18 01:00:00,0.0
2025-08-18 02:00:00,0.0
2025-08-18 03:00:00,0.0
2025-08-18 04:00:00,0.0
2025-08-18 05:00:00,0.0
2025-08-18 06:00:00,0.06811378305781389
2025-08-18 07:00:00,0.16096545820707023
2025-08-18 08:00:00,0.2497217655640622
2025-08-18 09:00:00,0.32653026226003906
2025-08-18 10:00:00,0.38340376892832434
2025-08-18 11:00:00,0.4215546131048645
2025-08-18 12:00:00,0.4278451817387887
2025-08-18 13:00:00,0.3988876301952707
2025-08-18 14:00:00,0.37747790191077857
2025-08-18 15:00:00,0.33158137227812307
2025-08-18 16:00:00,0.2469337240919576
2025-08-18 17:00:00,0.16777836795625986
2025-08-18 18:00:00,0.06792465303424398
2025-08-18 19:00:00,0.0
2025-08-18 20:00:00,0.0
2025-08-18 21:00:00,0.0
2025-08-18 22:00:00,0.0
2025-08-18 23:00:00,0.0
2025-08-19 00:00:00,0.0
2025-08-19 01:00:00,0.0
2025-08-19 02:00:00,0.0
2025-08-19 03:00:00,0.0
2025-08-19 04:00:00,0.0
2025-08-19 05:00:00,0.0
2025-08-19 06:00:00,0.1352477118313462
2025-08-19 07:00:00,0.3393145010497496
2025-08-19 08:00:00,0.5150149009910157
2025-08-19 09:00:00,0.6680402924163608
2025-08-19 10:00:00,0.7497892621038148
2025-08-19 11:00:00,0.8333091046614113
2025-08-19 12:00:00,0.8520184963148966
2025-08-19 13:00:00,0.8116033108210893
2025-08-19 14:00:00,0.7328288092636327
2025-08-19 15:00:00,0.6493766837285048
2025-08-19 16:00:00,0.5039862114105741
2025-08-19 17:00:00,0.33118200346194343
2025-08-19 18:00:00,0.1362230696392771
2025-08-19 19:00:00,0.0
2025-08-19 20:00:00,0.0
2025-08-19 21:00:00,0.0
2025-08-19 22:00:00,0.0
2025-08-19 23:00:00,0.0
2025-08-20 00:00:00,0.0
2025-08-20 01:00:00,0.0
2025-08-20 02:00:00,0.0
2025-08-20 03:00:00,0.0
2025-08-20 04:00:00,0.0
2025-08-20 05:00:00,0.0
2025-08-20 06:00:00,0.047025503367714806
2025-08-20 07:00:00,0.1170373417374828
2025-08-20 08:00:00,0.1869840551897921
2025-08-20 09:00:00,0.24023387507617266
2025-08-20 10:00:00,0.2879767049406087
2025-08-20 11:00:00,0.3020495001578402
2025-08-20 12:00:00,0.31055461562309156
2025-08-20 13:00:00,0.29272244232325983
2025-08-20 14:00:00,0.2787521907343041
2025-08-20 15:00:00,0.2272444677211751
2025-08-20 16:00:00,0.17080957624886248
2025-08-20 17:00:00,0.12091961171373827
2025-08-20 18:00:00,0.04438993399171942
2025-08-20 19:00:00,0.0
2025-08-20 20:00:00,0.0
2025-08-20 21:00:00,0.0
2025-08-20 22:00:00,0.0
2025-08-20 23:00:00,0.0
2025-08-21 00:00:00,0.0
2025-08-21 01:00:00,0.0
2025-08-21 02:00:00,0.0
2025-08-21 03:00:00,0.0
2025-08-21 04:00:00,0.0
2025-08-21 05:00:00,0.0
2025-08-21 06:00:00,0.11420406416479147
2025-08-21 07:00:00,0.2907462287902087
2025-08-21 08:00:00,0.4321502996213116
2025-08-21 09:00:00,0.5979602693316052
2025-08-21 10:00:00,0.6654709865993461
2025-08-21 11:00:00,0.7012056793204696
2025-08-21 12:00:00,0.7724875727309918
2025-08-21 13:00:00,0.7414808021200912
2025-08-21 14:00:00,0.6763904525626001
2025-08-21 15:00:00,0.5360727998393817
2025-08-21 16:00:00,0.44315039669475786
2025-08-21 17:00:00,0.29142102232014067
2025-08-21 18:00:00,0.1125462815261096
2025-08-21 19:00:00,0.0
2025-08-21 20:00:00,0.0
2025-08-21 21:00:00,0.0
2025-08-21 22:00:00,0.0
2025-08-21 23:00:00,0.0
2025-08-22 00:00:00,0.0
2025-08-22 01:00:00,0.0
2025-08-22 02:00:00,0.0
2025-08-22 03:00:00,0.0
2025-08-22 04:00:00,0.0
2025-08-22 05:00:00,0.0
2025-08-22 06:00:00,0.10597800849271279
2025-08-22 07:00:00,0.2792659370469871
2025-08-22 08:00:00,0.4412044258643031
2025-08-22 09:00:00,0.5942985370202796
2025-08-22 10:00:00,0.694038675095797
2025-08-22 11:00:00,0.7771580392963258
2025-08-22 12:00:00,0.754203891943834
2025-08-22 13:00:00,0.731751957097344
2025-08-22 14:00:00,0.700347683832529
2025-08-22 15:00:00,0.5723239377853429
2025-08-22 16:00:00,0.44205873187244515
2025-08-22 17:00:00,0.2726079632681859
2025-08-22 18:00:00,0.1118754435072827
2025-08-22 19:00:00,0.0
2025-08-22 20:00:00,0.0
2025-08-22 21:00:00,0.0
2025-08-22 22:00:00,0.0
2025-08-22 23:00:00,0.0
2025-08-23 00:00:00,0.0
2025-08-23 01:00:00,0.0
2025-08-23 02:00:00,0.0
2025-08-23 03:00:00,0.0
2025-08-23 04:00:00,0.0
2025-08-23 05:00:00,0.0
2025-08-23 06:00:00,0.11453225014633188
2025-08-23 07:00:00,0.30041656870345296
2025-08-23 08:00:00,0.4653187897213744
2025-08-23 09:00:00,0.6331304515059645
2025-08-23 10:00:00,0.743197016512537
2025-08-23 11:00:00,0.7686740859699706
2025-08-23 12:00:00,0.8370585595806119
2025-08-23 13:00:00,0.7835114323250061
2025-08-23 14:00:00,0.7434277182856013
2025-08-23 15:00:00,0.6553665614785971
2025-08-23 16:00:00,0.49043901433631765
2025-08-23 17:00:00,0.3103587047035492
2025-08-23 18:00:00,0.11437887701430849
2025-08-23 19:00:00,0.0
2025-08-23 20:00:00,0.0
2025-08-23 21:00:00,0.0
2025-08-23 22:00:00,0.0
2025-08-23 23:00:00,0.0
2025-08-24 00:00:00,0.0
2025-08-24 01:00:00,0.0
2025-08-24 02:00:00,0.0
2025-08-24 03:00:00,0.0
2025-08-24 04:00:00,0.0
2025-08-24 05:00:00,0.0
2025-08-24 06:00:00,0.07058461980088644
2025-08-24 07:00:00,0.18734438112898866
2025-08-24 08:00:00,0.28618359931273385
2025-08-24 09:00:00,0.4052878150594887
2025-08-24 10:00:00,0.46842833515770965
2025-08-24 11:00:00,0.5281243895281534
2025-08-24 12:00:00,0.5493130893008571
2025-08-24 13:00:00,0.4817446456362882
2025-08-24 14:00:00,0.4402068157825862
2025-08-24 15:00:00,0.355146386513061
2025-08-24 16:00:00,0.30523763825599587
2025-08-24 17:00:00,0.19237950007346266
2025-08-24 18:00:00,0.06972896063063751
2025-08-24 19:00:00,0.0
2025-08-24 20:00:00,0.0
2025-08-24 21:00:00,0.0
2025-08-24 22:00:00,0.0
2025-08-24 23:00:00,0.0
2025-08-25 00:00:00,0.0
2025-08-25 01:00:00,0.0
2025-08-25 02:00:00,0.0
2025-08-25 03:00:00,0.0
2025-08-25 04:00:00,0.0
2025-08-25 05:00:00,0.0
2025-08-25 06:00:00,0.11464612309078433
2025-08-25 07:00:00,0.3112072399013925
2025-08-25 08:00:00,0.48976280650735887
2025-08-25 09:00:00,0.6682660602147437
2025-08-25 10:00:00,0.7142255359530405
2025-08-25 11:00:00,0.8530435083786907
2025-08-25 12:00:00,0.8345849127185561
2025-08-25 13:00:00,0.8494401503250536
2025-08-25 14:00:00,0.7537374745195706
2025-08-25 15:00:00,0.6128533330633652
2025-08-25 16:00:00,0.4784383152627128
2025-08-25 17:00:00,0.31632902929303025
2025-08-25 18:00:00,0.10988305137390324
2025-08-25 19:00:00,0.0
2025-08-25 20:00:00,0.0
2025-08-25 21:00:00,0.0
2025-08-25 22:00:00,0.0
2025-08-25 23:00:00,0.0
2025-08-26 00:00:00,0.0
2025-08-26 01:00:00,0.0
2025-08-26 02:00:00,0.0
2025-08-26 03:00:00,0.0
2025-08-26 04:00:00,0.0
2025-08-26 05:00:00,0.0
2025-08-26 06:00:00,0.047429326316714523
2025-08-26 07:00:00,0.1358387160525985
2025-08-26 08:00:00,0.2292793144339792
2025-08-26 09:00:00,0.2773092118767685
2025-08-26 10:00:00,0.34807541372013007
2025-08-26 11:00:00,0.372217450606454
2025-08-26 12:00:00,0.3764027766470798
2025-08-26 13:00:00,0.39866847635945424
2025-08-26 14:00:00,0.33369309638257555
2025-08-26 15:00:00,0.2809935652684901
2025-08-26 16:00:00,0.22016909049240216
2025-08-26 17:00:00,0.13599374458244792
2025-08-26 18:00:00,0.04897994514943062
2025-08-26 19:00:00,0.0
2025-08-26 20:00:00,0.0
2025-08-26 21:00:00,0.0
2025-08-26 22:00:00,0.0
2025-08-26 23:00:00,0.0
2025-08-27 00:00:00,0.0
2025-08-27 01:00:00,0.0
2025-08-27 02:00:00,0.0
2025-08-27 03:00:00,0.0
2025-08-27 04:00:00,0.0
2025-08-27 05:00:00,0.0
2025-08-27 06:00:00,0.10445239244620289
2025-08-27 07:00:00,0.2992702628323069
2025-08-27 08:00:00,0.4688018197680319
2025-08-27 09:00:00,0.6160554749134161
2025-08-27 10:00:00,0.7245292134201934
2025-08-27 11:00:00,0.7481609284172034
2025-08-27 12:00:00,0.841844960442898
2025-08-27 13:00:00,0.806046474428648
2025-08-27 14:00:00,0.7479503990388455
2025-08-27 15:00:00,0.6150748044332689
2025-08-27 16:00:00,0.4781610445464088
2025-08-27 17:00:00,0.28107484362458784
2025-08-27 18:00:00,0.09703975119049568
2025-08-27 19:00:00,0.0
2025-08-27 20:00:00,0.0
2025-08-27 21:00:00,0.0
2025-08-27 22:00:00,0.0
2025-08-27 23:00:00,0.0
2025-08-28 00:00:00,0.0
2025-08-28 01:00:00,0.0
2025-08-28 02:00:00,0.0
2025-08-28 03:00:00,0.0
2025-08-28 04:00:00,0.0
2025-08-28 05:00:00,0.0
2025-08-28 06:00:00,0.05269704457498694
2025-08-28 07:00:00,0.15779723953308428
2025-08-28 08:00:00,0.2649973858480782
2025-08-28 09:00:00,0.3357550813361199
2025-08-28 10:00:00,0.42061811297487356
2025-08-28 11:00:00,0.43140926748933356
2025-08-28 12:00:00,0.45597345667317013
2025-08-28 13:00:00,0.450479955355438
2025-08-28 14:00:00,0.412728287440037
2025-08-28 15:00:00,0.3498026585385024
2025-08-28 16:00:00,0.25295331091386064
2025-08-28 17:00:00,0.15860510093550054
2025-08-28 18:00:00,0.04903198362631804
2025-08-28 19:00:00,0.0
2025-08-28 20:00:00,0.0
2025-08-28 21:00:00,0.0
2025-08-28 22:00:00,0.0
2025-08-28 23:00:00,0.0
2025-08-29 00:00:00,0.0
2025-08-29 01:00:00,0.0
2025-08-29 02:00:00,0.0
2025-08-29 03:00:00,0.0
2025-08-29 04:00:00,0.0
2025-08-29 05:00:00,0.0
2025-08-29 06:00:00,0.029449142878118343
2025-08-29 07:00:00,0.08800033243630988
2025-08-29 08:00:00,0.1438140580948389
2025-08-29 09:00:00,0.17811076732320352
2025-08-29 10:00:00,0.2284265192875375
2025-08-29 11:00:00,0.24866451228146302
2025-08-29 12:00:00,0.24699367529754426
2025-08-29 13:00:00,0.24715091118584828
2025-08-29 14:00:00,0.22412982966839196
2025-08-29 15:00:00,0.2006511206418277
2025-08-29 16:00:00,0.13947890750303946
2025-08-29 17:00:00,0.08999402873446982
2025-08-29 18:00:00,0.0279735778600847
2025-08-29 19:00:00,0.0
2025-08-29 20:00:00,0.0
2025-08-29 21:00:00,0.0
2025-08-29 22:00:00,0.0
2025-08-29 23:00:00,0.0
2025-08-30 00:00:00,0.0
2025-08-30 01:00:00,0.0
2025-08-30 02:00:00,0.0
2025-08-30 03:00:00,0.0
2025-08-30 04:00:00,0.0
2025-08-30 05:00:00,0.0
2025-08-30 06:00:00,0.07956905675750185
2025-08-30 07:00:00,0.2502897869983921
2025-08-30 08:00:00,0.4088317862983141
2025-08-30 09:00:00,0.5293535423067259
2025-08-30 10:00:00,0.6140665894127375
2025-08-30 11:00:00,0.6669279793282086
2025-08-30 12:00:00,0.6819891908142303
2025-08-30 13:00:00,0.7336165167369723
2025-08-30 14:00:00,0.5922936735620704
2025-08-30 15:00:00,0.5537155094111557
2025-08-30 16:00:00,0.3932307476408377
2025-08-30 17:00:00,0.2567569245963811
2025-08-30 18:00:00,0.07290246173423257
2025-08-30 19:00:00,0.0
2025-08-30 20:00:00,0.0
2025-08-30 21:00:00,0.0
2025-08-30 22:00:00,0.0
2025-08-30 23:00:00,0.0
2025-08-31 00:00:00,0.0
2025-08-31 01:00:00,0.0
2025-08-31 02:00:00,0.0
2025-08-31 03:00:00,0.0
2025-08-31 04:00:00,0.0
2025-08-31 05:00:00,0.0
2025-08-31 06:00:00,0.039232289830560575
2025-08-31 07:00:00,0.1255561591531279
2025-08-31 08:00:00,0.2098297421592149
2025-08-31 09:00:00,0.271679813292504
2025-08-31 10:00:00,0.3130144937992551
2025-08-31 11:00:00,0.3564071168932209
2025-08-31 12:00:00,0.37924720982756754
2025-08-31 13:00:00,0.3653041198982076
2025-08-31 14:00:00,0.32882326275977514
2025-08-31 15:00:00,0.2839236112622108
2025-08-31 16:00:00,0.20672665396086506
2025-08-31 17:00:00,0.1273715464691557
2025-08-31 18:00:00,0.03820085424839702
2025-08-31 19:00:00,0.0
2025-08-31 20:00:00,0.0
2025-08-31 21:00:00,0.0
2025-08-31 22:00:00,0.0
2025-08-31 23:00:00,0.0
2025-09-01 00:00:00,0.0
2025-09-01 01:00:00,0.0
2025-09-01 02:00:00,0.0
2025-09-01 03:00:00,0.0
2025-09-01 04:00:00,0.0
2025-09-01 05:00:00,0.0
2025-09-01 06:00:00,0.07569031779432628
2025-09-01 07:00:00,0.24927198531214853
2025-09-01 08:00:00,0.41441448745834575
2025-09-01 09:00:00,0.5793515881748159
2025-09-01 10:00:00,0.6444535871725925
2025-09-01 11:00:00,0.7150775728869248
2025-09-01 12:00:00,0.7167350098838284
2025-09-01 13:00:00,0.7337134734806682
2025-09-01 14:00:00,0.6389559186591076
2025-09-01 15:00:00,0.56299513376757
2025-09-01 16:00:00,0.3896237820367142
2025-09-01 17:00:00,0.2531722328988187
2025-09-01 18:00:00,0.07191800276340478
2025-09-01 19:00:00,0.0
2025-09-01 20:00:00,0.0
2025-09-01 21:00:00,0.0
2025-09-01 22:00:00,0.0
2025-09-01 23:00:00,0.0
2025-09-02 00:00:00,0.0
2025-09-02 01:00:00,0.0
2025-09-02 02:00:00,0.0
2025-09-02 03:00:00,0.0
2025-09-02 04:00:00,0.0
2025-09-02 05:00:00,0.0
2025-09-02 06:00:00,0.07360398267284088
2025-09-02 07:00:00,0.2635021978840687
2025-09-02 08:00:00,0.4059136534114127
2025-09-02 09:00:00,0.5574706775232492
2025-09-02 10:00:00,0.681125881975253
2025-09-02 11:00:00,0.7418216396795967
2025-09-02 12:00:00,0.74402360945962
2025-09-02 13:00:00,0.7775421087524179
2025-09-02 14:00:00,0.6942516573394977
2025-09-02 15:00:00,0.5806980261703767
2025-09-02 16:00:00,0.42382629883210793
2025-09-02 17:00:00,0.2619792051705294
2025-09-02 18:00:00,0.07528769040457735
2025-09-02 19:00:00,0.0
2025-09-02 20:00:00,0.0
2025-09-02 21:00:00,0.0
2025-09-02 22:00:00,0.0
2025-09-02 23:00:00,0.0
2025-09-03 00:00:00,0.0
2025-09-03 01:00:00,0.0
2025-09-03 02:00:00,0.0
2025-09-03 03:00:00,0.0
2025-09-03 04:00:00,0.0
2025-09-03 05:00:00,0.0
2025-09-03 06:00:00,0.06637864237168647
2025-09-03 07:00:00,0.2524893692148127
2025-09-03 08:00:00,0.42162043874864963
2025-09-03 09:00:00,0.5905997808647483
2025-09-03 10:00:00,0.7025296301702505
2025-09-03 11:00:00,0.7288748195682924
2025-09-03 12:00:00,0.7862883394754308
2025-09-03 13:00:00,0.733550278090435
2025-09-03 14:00:00,0.6897114172524893
2025-09-03 15:00:00,0.5802955936466543
2025-09-03 16:00:00,0.43875655825853993
2025-09-03 17:00:00,0.2500182572543142
2025-09-03 18:00:00,0.0712741842871874
2025-09-03 19:00:00,0.0
2025-09-03 20:00:00,0.0
2025-09-03 21:00:00,0.0
2025-09-03 22:00:00,0.0
2025-09-03 23:00:00,0.0
2025-09-04 00:00:00,0.0
2025-09-04 01:00:00,0.0
2025-09-04 02:00:00,0.0
2025-09-04 03:00:00,0.0
2025-09-04 04:00:00,0.0
2025-09-04 05:00:00,0.0
2025-09-04 06:00:00,0.05979537215012995
2025-09-04 07:00:00,0.2213749195532397
2025-09-04 08:00:00,0.38278974264397053
2025-09-04 09:00:00,0.537897740197252
2025-09-04 10:00:00,0.622202292204057
2025-09-04 11:00:00,0.6731169189955202
2025-09-04 12:00:00,0.7438657176157008
2025-09-04 13:00:00,0.6989673149426184
2025-09-04 14:00:00,0.6280708131675775
2025-09-04 15:00:00,0.5181295406796627
2025-09-04 16:00:00,0.39051463813747606
2025-09-04 17:00:00,0.23295244533634285
2025-09-04 18:00:00,0.05556050774663946
2025-09-04 19:00:00,0.0
2025-09-04 20:00:00,0.0
2025-09-04 21:00:00,0.0
2025-09-04 22:00:00,0.0
2025-09-04 23:00:00,0.0
2025-09-05 00:00:00,0.0
2025-09-05 01:00:00,0.0
2025-09-05 02:00:00,0.0
2025-09-05 03:00:00,0.0
2025-09-05 04:00:00,0.0
2025-09-05 05:00:00,0.0
2025-09-05 06:00:00,0.06497685177040093
2025-09-05 07:00:00,0.27283873058121016
2025-09-05 08:00:00,0.45835520863557966
2025-09-05 09:00:00,0.5740788229099106
2025-09-05 10:00:00,0.7127060341284795
2025-09-05 11:00:00,0.778593519698514
2025-09-05 12:00:00,0.7802535870792964
2025-09-05 13:00:00,0.7547710099742764
2025-09-05 14:00:00,0.6984755930875736
2025-09-05 15:00:00,0.5869293819154852
2025-09-05 16:00:00,0.4481368306169184
2025-09-05 17:00:00,0.271254394971467
2025-09-05 18:00:00,0.06653704258434844
2025-09-05 19:00:00,0.0
2025-09-05 20:00:00,0.0
2025-09-05 21:00:00,0.0
2025-09-05 22:00:00,0.0
2025-09-05 23:00:00,0.0
2025-09-06 00:00:00,0.0
2025-09-06 01:00:00,0.0
2025-09-06 02:00:00,0.0
2025-09-06 03:00:00,0.0
2025-09-06 04:00:00,0.0
2025-09-06 05:00:00,0.0
2025-09-06 06:00:00,0.05767726168093996
2025-09-06 07:00:00,0.2445606425388742
2025-09-06 08:00:00,0.43942885533466836
2025-09-06 09:00:00,0.5989914383431995
2025-09-06 10:00:00,0.7263123366902572
2025-09-06 11:00:00,0.7273796542852199
2025-09-06 12:00:00,0.7558093256676005
2025-09-06 13:00:00,0.7308942653192974
2025-09-06 14:00:00,0.7190289314177596
2025-09-06 15:00:00,0.5852036445371286
2025-09-06 16:00:00,0.4290016942434928
2025-09-06 17:00:00,0.25326908919272445
2025-09-06 18:00:00,0.05946023981657126
2025-09-06 19:00:00,0.0
2025-09-06 20:00:00,0.0
2025-09-06 21:00:00,0.0
2025-09-06 22:00:00,0.0
2025-09-06 23:00:00,0.0
2025-09-07 00:00:00,0.0
2025-09-07 01:00:00,0.0
2025-09-07 02:00:00,0.0
2025-09-07 03:00:00,0.0
2025-09-07 04:00:00,0.0
2025-09-07 05:00:00,0.0
2025-09-07 06:00:00,0.05306884150234912
2025-09-07 07:00:00,0.23714761447898122
2025-09-07 08:00:00,0.4083174605472393
2025-09-07 09:00:00,0.5615636148726718
2025-09-07 10:00:00,0.6411874486289514
2025-09-07 11:00:00,0.7357095168285787
2025-09-07 12:00:00,0.7058838047575504
2025-09-07 13:00:00,0.7186607238130082
2025-09-07 14:00:00,0.6478766198478875
2025-09-07 15:00:00,0.5682948699936105
2025-09-07 16:00:00,0.4002624050081785
2025-09-07 17:00:00,0.23893072609589155
2025-09-07 18:00:00,0.0497830657578162
2025-09-07 19:00:00,0.0
2025-09-07 20:00:00,0.0
2025-09-07 21:00:00,0.0
2025-09-07 22:00:00,0.0
2025-09-07 23:00:00,0.0
2025-09-08 00:00:00,0.0
2025-09-08 01:00:00,0.0
2025-09-08 02:00:00,0.0
2025-09-08 03:00:00,0.0
2025-09-08 04:00:00,0.0
2025-09-08 05:00:00,0.0
2025-09-08 06:00:00,0.02156852540425657
2025-09-08 07:00:00,0.10730889177115091
2025-09-08 08:00:00,0.18295319775578173
2025-09-08 09:00:00,0.2531093746178695
2025-09-08 10:00:00,0.28463312260643864
2025-09-08 11:00:00,0.33651718621053944
2025-09-08 12:00:00,0.3340896230173747
2025-09-08 13:00:00,0.33954355234430983
2025-09-08 14:00:00,0.2933350875898633
2025-09-08 15:00:00,0.22918757410033586
2025-09-08 16:00:00,0.1843610510281151
2025-09-08 17:00:00,0.10273488311110586
2025-09-08 18:00:00,0.02169409485165226
2025-09-08 19:00:00,0.0
2025-09-08 20:00:00,0.0
2025-09-08 21:00:00,0.0
2025-09-08 22:00:00,0.0
2025-09-08 23:00:00,0.0
2025-09-09 00:00:00,0.0
2025-09-09 01:00:00,0.0
2025-09-09 02:00:00,0.0
2025-09-09 03:00:00,0.0
2025-09-09 04:00:00,0.0
2025-09-09 05:00:00,0.0
2025-09-09 06:00:00,0.045078184695417835
2025-09-09 07:00:00,0.2171318860144751
2025-09-09 08:00:00,0.38677280829565935
2025-09-09 09:00:00,0.5287923477164316
2025-09-09 10:00:00,0.6454964190808755
2025-09-09 11:00:00,0.7438929197025408
2025-09-09 12:00:00,0.7288343248848331
2025-09-09 13:00:00,0.6975223839512711
2025-09-09 14:00:00,0.6972897365975489
2025-09-09 15:00:00,0.5285876789074745
2025-09-09 16:00:00,0.3908821593829013
2025-09-09 17:00:00,0.2235123744608095
2025-09-09 18:00:00,0.044136266245382
2025-09-09 19:00:00,0.0
2025-09-09 20:00:00,0.0
2025-09-09 21:00:00,0.0
2025-09-09 22:00:00,0.0
2025-09-09 23:00:00,0.0
2025-09-10 00:00:00,0.0
2025-09-10 01:00:00,0.0
2025-09-10 02:00:00,0.0
2025-09-10 03:00:00,0.0
2025-09-10 04:00:00,0.0
2025-09-10 05:00:00,0.0
2025-09-10 06:00:00,0.020031057060402365
2025-09-10 07:00:00,0.10676725667284478
2025-09-10 08:00:00,0.18742538182894553
2025-09-10 09:00:00,0.2732670702774325
2025-09-10 10:00:00,0.3416379583764299
2025-09-10 11:00:00,0.34788227306585906
2025-09-10 12:00:00,0.3693085468642586
2025-09-10 13:00:00,0.35624228208589537
2025-09-10 14:00:00,0.3294520114320995
2025-09-10 15:00:00,0.28318127212093763
2025-09-10 16:00:00,0.20318324982578242
2025-09-10 17:00:00,0.11000217921786103
2025-09-10 18:00:00,0.020565341707057982
2025-09-10 19:00:00,0.0
2025-09-10 20:00:00,0.0
2025-09-10 21:00:00,0.0
2025-09-10 22:00:00,0.0
2025-09-10 23:00:00,0.0
2025-09-11 00:00:00,0.0
2025-09-11 01:00:00,0.0
2025-09-11 02:00:00,0.0
2025-09-11 03:00:00,0.0
2025-09-11 04:00:00,0.0
2025-09-11 05:00:00,0.0
2025-09-11 06:00:00,0.036586593192519994
2025-09-11 07:00:00,0.2072972716515056
2025-09-11 08:00:00,0.3509751641411007
2025-09-11 09:00:00,0.4996557302019994
2025-09-11 10:00:00,0.6191262941765451
2025-09-11 11:00:00,0.6143421444728843
2025-09-11 12:00:00,0.6907383487623051
2025-09-11 13:00:00,0.657726079549208
2025-09-11 14:00:00,0.5711270818512378
2025-09-11 15:00:00,0.499127627887029
2025-09-11 16:00:00,0.3617944524403396
2025-09-11 17:00:00,0.20530398434443917
2025-09-11 18:00:00,0.03413777398860987
2025-09-11 19:00:00,0.0
2025-09-11 20:00:00,0.0
2025-09-11 21:00:00,0.0
2025-09-11 22:00:00,0.0
2025-09-11 23:00:00,0.0
2025-09-12 00:00:00,0.0
2025-09-12 01:00:00,0.0
2025-09-12 02:00:00,0.0
2025-09-12 03:00:00,0.0
2025-09-12 04:00:00,0.0
2025-09-12 05:00:00,0.0
2025-09-12 06:00:00,0.029853167580261745
2025-09-12 07:00:00,0.208036760559866
2025-09-12 08:00:00,0.373140018416673
2025-09-12 09:00:00,0.5063905736966782
2025-09-12 10:00:00,0.6212108690724824
2025-09-12 11:00:00,0.7140742263659323
2025-09-12 12:00:00,0.7193551406929519
2025-09-12 13:00:00,0.7176947083744413
2025-09-12 14:00:00,0.6005442654619985
2025-09-12 15:00:00,0.5157924794180945
2025-09-12 16:00:00,0.35659805379892295
2025-09-12 17:00:00,0.20961825787376068
2025-09-12 18:00:00,0.031374635697808684
2025-09-12 19:00:00,0.0
2025-09-12 20:00:00,0.0
2025-09-12 21:00:00,0.0
2025-09-12 22:00:00,0.0
2025-09-12 23:00:00,0.0
2025-09-13 00:00:00,0.0
2025-09-13 01:00:00,0.0
2025-09-13 02:00:00,0.0
2025-09-13 03:00:00,0.0
2025-09-13 04:00:00,0.0
2025-09-13 05:00:00,0.0
2025-09-13 06:00:00,0.027890359366408997
2025-09-13 07:00:00,0.21681881939038242
2025-09-13 08:00:00,0.38123517380131455
2025-09-13 09:00:00,0.51101257324053
2025-09-13 10:00:00,0.6156668739198107
2025-09-13 11:00:00,0.6866037333595566
2025-09-13 12:00:00,0.7136942732668194
2025-09-13 13:00:00,0.6720571579827352
2025-09-13 14:00:00,0.5981077841900442
2025-09-13 15:00:00,0.5227600140059262
2025-09-13 16:00:00,0.36787227964550484
2025-09-13 17:00:00,0.2102093076372669
2025-09-13 18:00:00,0.029295226648120183
2025-09-13 19:00:00,0.0
2025-09-13 20:00:00,0.0
2025-09-13 21:00:00,0.0
2025-09-13 22:00:00,0.0
2025-09-13 23:00:00,0.0
2025-09-14 00:00:00,0.0
2025-09-14 01:00:00,0.0
2025-09-14 02:00:00,0.0
2025-09-14 03:00:00,0.0
2025-09-14 04:00:00,0.0
2025-09-14 05:00:00,0.0
2025-09-14 06:00:00,0.024451205738891434
2025-09-14 07:00:00,0.21102149619262106
2025-09-14 08:00:00,0.36303346870159836
2025-09-14 09:00:00,0.49077112945286216
2025-09-14 10:00:00,0.5963590778775859
2025-09-14 11:00:00,0.70265630237946
2025-09-14 12:00:00,0.7194303729698085
2025-09-14 13:00:00,0.6762542703405875
2025-09-14 14:00:00,0.6006546242323835
2025-09-14 15:00:00,0.5092228216326146
2025-09-14 16:00:00,0.38343918277401867
2025-09-14 17:00:00,0.19931214244509318
2025-09-14 18:00:00,0.024044627604858076
2025-09-14 19:00:00,0.0
2025-09-14 20:00:00,0.0
2025-09-14 21:00:00,0.0
2025-09-14 22:00:00,0.0
2025-09-14 23:00:00,0.0
2025-09-15 00:00:00,0.0
2025-09-15 01:00:00,0.0
2025-09-15 02:00:00,0.0
2025-09-15 03:00:00,0.0
2025-09-15 04:00:00,0.0
2025-09-15 05:00:00,0.0
2025-09-15 06:00:00,0.020693078540312482
2025-09-15 07:00:00,0.20326590619761553
2025-09-15 08:00:00,0.3700385320999904
2025-09-15 09:00:00,0.5317358802298169
2025-09-15 10:00:00,0.6063808675628742
2025-09-15 11:00:00,0.7017178915159805
2025-09-15 12:00:00,0.7123810206506489
2025-09-15 13:00:00,0.7058179669808406
2025-09-15 14:00:00,0.6133241336435896
2025-09-15 15:00:00,0.5031221854298973
2025-09-15 16:00:00,0.37428178227459225
2025-09-15 17:00:00,0.20210601493753141
2025-09-15 18:00:00,0.020041725032336862
2025-09-15 19:00:00,0.0
2025-09-15 20:00:00,0.0
2025-09-15 21:00:00,0.0
2025-09-15 22:00:00,0.0
2025-09-15 23:00:00,0.0
2025-09-16 00:00:00,0.0
2025-09-16 01:00:00,0.0
2025-09-16 02:00:00,0.0
2025-09-16 03:00:00,0.0
2025-09-16 04:00:00,0.0
2025-09-16 05:00:00,0.0
2025-09-16 06:00:00,0.01610221796534893
2025-09-16 07:00:00,0.18918938952297717
2025-09-16 08:00:00,0.3521046420800252
2025-09-16 09:00:00,0.4742617588013188
2025-09-16 10:00:00,0.5642648504483267
2025-09-16 11:00:00,0.6124312329338064
2025-09-16 12:00:00,0.6914610725098288
2025-09-16 13:00:00,0.6610396836620184
2025-09-16 14:00:00,0.6028522659170346
2025-09-16 15:00:00,0.4685489841323442
2025-09-16 16:00:00,0.35211895975805757
2025-09-16 17:00:00,0.1775663180593872
2025-09-16 18:00:00,0.01536207558064697
2025-09-16 19:00:00,0.0
2025-09-16 20:00:00,0.0
2025-09-16 21:00:00,0.0
2025-09-16 22:00:00,0.0
2025-09-16 23:00:00,0.0
2025-09-17 00:00:00,0.0
2025-09-17 01:00:00,0.0
2025-09-17 02:00:00,0.0
2025-09-17 03:00:00,0.0
2025-09-17 04:00:00,0.0
2025-09-17 05:00:00,0.0
2025-09-17 06:00:00,0.013768748522854198
2025-09-17 07:00:00,0.21246180684330582
2025-09-17 08:00:00,0.38266873752619324
2025-09-17 09:00:00,0.5384093652887988
2025-09-17 10:00:00,0.6481840775322506
2025-09-17 11:00:00,0.7260556399720103
2025-09-17 12:00:00,0.7624035112761496
2025-09-17 13:00:00,0.7177936442989823
2025-09-17 14:00:00,0.6672510020899118
2025-09-17 15:00:00,0.5477933048960582
2025-09-17 16:00:00,0.38647531395844853
2025-09-17 17:00:00,0.2029306327045471
2025-09-17 18:00:00,0.01381278800462462
2025-09-17 19:00:00,0.0
2025-09-17 20:00:00,0.0
2025-09-17 21:00:00,0.0
2025-09-17 22:00:00,0.0
2025-09-17 23:00:00,0.0
2025-09-18 00:00:00,0.0
2025-09-18 01:00:00,0.0
2025-09-18 02:00:00,0.0
2025-09-18 03:00:00,0.0
2025-09-18 04:00:00,0.0
2025-09-18 05:00:00,0.0
2025-09-18 06:00:00,0.007998536741027506
2025-09-18 07:00:00,0.17272349484355826
2025-09-18 08:00:00,0.33255670663591286
2025-09-18 09:00:00,0.46310439492794553
2025-09-18 10:00:00,0.561425587420407
2025-09-18 11:00:00,0.6124249409396096
2025-09-18 12:00:00,0.6325527939280375
2025-09-18 13:00:00,0.6171285682125793
2025-09-18 14:00:00,0.5698593375157756
2025-09-18 15:00:00,0.46986930552374667
2025-09-18 16:00:00,0.3362880226108121
2025-09-18 17:00:00,0.17411837569673896
2025-09-18 18:00:00,0.008232716326691562
2025-09-18 19:00:00,0.0
2025-09-18 20:00:00,0.0
2025-09-18 21:00:00,0.0
2025-09-18 22:00:00,0.0
2025-09-18 23:00:00,0.0
2025-09-19 00:00:00,0.0
2025-09-19 01:00:00,0.0
2025-09-19 02:00:00,0.0
2025-09-19 03:00:00,0.0
2025-09-19 04:00:00,0.0
2025-09-19 05:00:00,0.0
2025-09-19 06:00:00,0.00448392276794795
2025-09-19 07:00:00,0.16415054165290308
2025-09-19 08:00:00,0.31689578892461
2025-09-19 09:00:00,0.45370442440577713
2025-09-19 10:00:00,0.541263391799858
2025-09-19 11:00:00,0.6321913773588647
2025-09-19 12:00:00,0.6692858541425408
2025-09-19 13:00:00,0.637183454400964
2025-09-19 14:00:00,0.5749347127734289
2025-09-19 15:00:00,0.4375200791940647
2025-09-19 16:00:00,0.321842196568919
2025-09-19 17:00:00,0.17248758072065928
2025-09-19 18:00:00,0.004626538329680938
2025-09-19 19:00:00,0.0
2025-09-19 20:00:00,0.0
2025-09-19 21:00:00,0.0
2025-09-19 22:00:00,0.0
2025-09-19 23:00:00,0.0
2025-09-20 00:00:00,0.0
2025-09-20 01:00:00,0.0
2025-09-20 02:00:00,0.0
2025-09-20 03:00:00,0.0
2025-09-20 04:00:00,0.0
2025-09-20 05:00:00,0.0
2025-09-20 06:00:00,0.0009541781680557729
2025-09-20 07:00:00,0.18193310569333404
2025-09-20 08:00:00,0.3521557770317877
2025-09-20 09:00:00,0.46759542753270356
2025-09-20 10:00:00,0.6261917849412292
2025-09-20 11:00:00,0.6602671324116471
2025-09-20 12:00:00,0.685387340953687
2025-09-20 13:00:00,0.6254398765568346
2025-09-20 14:00:00,0.5785131597742903
2025-09-20 15:00:00,0.496680506300336
2025-09-20 16:00:00,0.3425319119693941
2025-09-20 17:00:00,0.17746572623640547
2025-09-20 18:00:00,0.0009640165630002517
2025-09-20 19:00:00,0.0
2025-09-20 20:00:00,0.0
2025-09-20 21:00:00,0.0
2025-09-20 22:00:00,0.0
2025-09-20 23:00:00,0.0
2025-09-21 00:00:00,0.0
2025-09-21 01:00:00,0.0
2025-09-21 02:00:00,0.0
2025-09-21 03:00:00,0.0
2025-09-21 04:00:00,0.0
2025-09-21 05:00:00,0.0
2025-09-21 06:00:00,0.0
2025-09-21 07:00:00,0.17551768976708484
2025-09-21 08:00:00,0.35330795746994687
2025-09-21 09:00:00,0.4998656296013856
2025-09-21 10:00:00,0.6097628307967428
2025-09-21 11:00:00,0.6564596980575957
2025-09-21 12:00:00,0.7098421780553503
2025-09-21 13:00:00,0.6693190173149202
2025-09-21 14:00:00,0.5913736834095787
2025-09-21 15:00:00,0.5158072289679738
2025-09-21 16:00:00,0.3732085503873651
2025-09-21 17:00:00,0.19035295413876877
2025-09-21 18:00:00,0.0
2025-09-21 19:00:00,0.0
2025-09-21 20:00:00,0.0
2025-09-21 21:00:00,0.0
2025-09-21 22:00:00,0.0
2025-09-21 23:00:00,0.0
2025-09-22 00:00:00,0.0
2025-09-22 01:00:00,0.0
2025-09-22 02:00:00,0.0
2025-09-22 03:00:00,0.0
2025-09-22 04:00:00,0.0
2025-09-22 05:00:00,0.0
2025-09-22 06:00:00,0.0
2025-09-22 07:00:00,0.15697514170574467
2025-09-22 08:00:00,0.30860977939067585
2025-09-22 09:00:00,0.4451118149166231
2025-09-22 10:00:00,0.5368365808100865
2025-09-22 11:00:00,0.6009872838755275
2025-09-22 12:00:00,0.6321082927563816
2025-09-22 13:00:00,0.6519048801286242
2025-09-22 14:00:00,0.5575270899018292
2025-09-22 15:00:00,0.4585446914474499
2025-09-22 16:00:00,0.312593340198946
2025-09-22 17:00:00,0.16641869445861146
2025-09-22 18:00:00,0.0
2025-09-22 19:00:00,0.0
2025-09-22 20:00:00,0.0
2025-09-22 21:00:00,0.0
2025-09-22 22:00:00,0.0
2025-09-22 23:00:00,0.0
2025-09-23 00:00:00,0.0
2025-09-23 01:00:00,0.0
2025-09-23 02:00:00,0.0
2025-09-23 03:00:00,0.0
2025-09-23 04:00:00,0.0
2025-09-23 05:00:00,0.0
2025-09-23 06:00:00,0.0
2025-09-23 07:00:00,0.16957023857778186
2025-09-23 08:00:00,0.3661758869316643
2025-09-23 09:00:00,0.4454245940256436
2025-09-23 10:00:00,0.5968593258634327
2025-09-23 11:00:00,0.6680251671079271
2025-09-23 12:00:00,0.6817849768453761
2025-09-23 13:00:00,0.6585600465984499
2025-09-23 14:00:00,0.5943390382836056
2025-09-23 15:00:00,0.4779645614257517
2025-09-23 16:00:00,0.3392682027541132
2025-09-23 17:00:00,0.16654508829415954
2025-09-23 18:00:00,0.0
2025-09-23 19:00:00,0.0
2025-09-23 20:00:00,0.0
2025-09-23 21:00:00,0.0
2025-09-23 22:00:00,0.0
2025-09-23 23:00:00,0.0
2025-09-24 00:00:00,0.0
2025-09-24 01:00:00,0.0
2025-09-24 02:00:00,0.0
2025-09-24 03:00:00,0.0
2025-09-24 04:00:00,0.0
2025-09-24 05:00:00,0.0
2025-09-24 06:00:00,0.0
2025-09-24 07:00:00,0.1750385701793761
2025-09-24 08:00:00,0.33589082149198046
2025-09-24 09:00:00,0.47778129657072854
2025-09-24 10:00:00,0.5936365501701797
2025-09-24 11:00:00,0.6674590104424211
2025-09-24 12:00:00,0.7118942424611421
2025-09-24 13:00:00,0.6801483718713207
2025-09-24 14:00:00,0.5866701110521878
2025-09-24 15:00:00,0.4915853926323379
2025-09-24 16:00:00,0.3311878669817571
2025-09-24 17:00:00,0.17317906503127914
2025-09-24 18:00:00,0.0
2025-09-24 19:00:00,0.0
2025-09-24 20:00:00,0.0
2025-09-24 21:00:00,0.0
2025-09-24 22:00:00,0.0
2025-09-24 23:00:00,0.0
2025-09-25 00:00:00,0.0
2025-09-25 01:00:00,0.0
2025-09-25 02:00:00,0.0
2025-09-25 03:00:00,0.0
2025-09-25 04:00:00,0.0
2025-09-25 05:00:00,0.0
2025-09-25 06:00:00,0.0
2025-09-25 07:00:00,0.15428326265212136
2025-09-25 08:00:00,0.31375264324601826
2025-09-25 09:00:00,0.4441215643251946
2025-09-25 10:00:00,0.5388964929247331
2025-09-25 11:00:00,0.5651885483417936
2025-09-25 12:00:00,0.6373911077869948
2025-09-25 13:00:00,0.5666207604367247
2025-09-25 14:00:00,0.5117582740069709
2025-09-25 15:00:00,0.43755238553702996
2025-09-25 16:00:00,0.3076933752944297
2025-09-25 17:00:00,0.14730916282417866
2025-09-25 18:00:00,0.0
2025-09-25 19:00:00,0.0
2025-09-25 20:00:00,0.0
2025-09-25 21:00:00,0.0
2025-09-25 22:00:00,0.0
2025-09-25 23:00:00,0.0
2025-09-26 00:00:00,0.0
2025-09-26 01:00:00,0.0
2025-09-26 02:00:00,0.0
2025-09-26 03:00:00,0.0
2025-09-26 04:00:00,0.0
2025-09-26 05:00:00,0.0
2025-09-26 06:00:00,0.0
2025-09-26 07:00:00,0.15798448611363977
2025-09-26 08:00:00,0.334728967445865
2025-09-26 09:00:00,0.4954955277161492
2025-09-26 10:00:00,0.621655086026995
2025-09-26 11:00:00,0.6875622918827134
2025-09-26 12:00:00,0.7177278079782823
2025-09-26 13:00:00,0.6831174235902852
2025-09-26 14:00:00,0.5955627829034444
2025-09-26 15:00:00,0.4950743533467187
2025-09-26 16:00:00,0.3456944056397238
2025-09-26 17:00:00,0.16641707093709687
2025-09-26 18:00:00,0.0
2025-09-26 19:00:00,0.0
2025-09-26 20:00:00,0.0
2025-09-26 21:00:00,0.0
2025-09-26 22:00:00,0.0
2025-09-26 23:00:00,0.0
2025-09-27 00:00:00,0.0
2025-09-27 01:00:00,0.0
2025-09-27 02:00:00,0.0
2025-09-27 03:00:00,0.0
2025-09-27 04:00:00,0.0
2025-09-27 05:00:00,0.0
2025-09-27 06:00:00,0.0
2025-09-27 07:00:00,0.14228439659305883
2025-09-27 08:00:00,0.30962412756837765
2025-09-27 09:00:00,0.4455749151850518
2025-09-27 10:00:00,0.5637727579570104
2025-09-27 11:00:00,0.6563139958644103
2025-09-27 12:00:00,0.6541463357216091
2025-09-27 13:00:00,0.6084418734864089
2025-09-27 14:00:00,0.5368863579752897
2025-09-27 15:00:00,0.4723214745964535
2025-09-27 16:00:00,0.3147356089117443
2025-09-27 17:00:00,0.14962670945016435
2025-09-27 18:00:00,0.0
2025-09-27 19:00:00,0.0
2025-09-27 20:00:00,0.0
2025-09-27 21:00:00,0.0
2025-09-27 22:00:00,0.0
2025-09-27 23:00:00,0.0
2025-09-28 00:00:00,0.0
2025-09-28 01:00:00,0.0
2025-09-28 02:00:00,0.0
2025-09-28 03:00:00,0.0
2025-09-28 04:00:00,0.0
2025-09-28 05:00:00,0.0
2025-09-28 06:00:00,0.0
2025-09-28 07:00:00,0.1523774217839149
2025-09-28 08:00:00,0.32469206089443964
2025-09-28 09:00:00,0.47574597069775365
2025-09-28 10:00:00,0.5975296990281472
2025-09-28 11:00:00,0.6627720401833774
2025-09-28 12:00:00,0.6840343005142222
2025-09-28 13:00:00,0.6678126700709753
2025-09-28 14:00:00,0.5399091920892125
2025-09-28 15:00:00,0.49815493259715743
2025-09-28 16:00:00,0.33680135307475434
2025-09-28 17:00:00,0.15198072255853506
2025-09-28 18:00:00,0.0
2025-09-28 19:00:00,0.0
2025-09-28 20:00:00,0.0
2025-09-28 21:00:00,0.0
2025-09-28 22:00:00,0.0
2025-09-28 23:00:00,0.0
2025-09-29 00:00:00,0.0
2025-09-29 01:00:00,0.0
2025-09-29 02:00:00,0.0
2025-09-29 03:00:00,0.0
2025-09-29 04:00:00,0.0
2025-09-29 05:00:00,0.0
2025-09-29 06:00:00,0.0
2025-09-29 07:00:00,0.13907205928934452
2025-09-29 08:00:00,0.2815554989571312
2025-09-29 09:00:00,0.42179731424144584
2025-09-29 10:00:00,0.5252716535365631
2025-09-29 11:00:00,0.6038826235533927
2025-09-29 12:00:00,0.6242697241832985
2025-09-29 13:00:00,0.607928335887958
2025-09-29 14:00:00,0.5336696462016829
2025-09-29 15:00:00,0.4338352855505859
2025-09-29 16:00:00,0.2826557501832636
2025-09-29 17:00:00,0.1360470005314882
2025-09-29 18:00:00,0.0
2025-09-29 19:00:00,0.0
2025-09-29 20:00:00,0.0
2025-09-29 21:00:00,0.0
2025-09-29 22:00:00,0.0
2025-09-29 23:00:00,0.0
2025-09-30 00:00:00,0.0
2025-09-30 01:00:00,0.0
2025-09-30 02:00:00,0.0
2025-09-30 03:00:00,0.0
2025-09-30 04:00:00,0.0
2025-09-30 05:00:00,0.0
2025-09-30 06:00:00,0.0
2025-09-30 07:00:00,0.14028712502828514
2025-09-30 08:00:00,0.3188754903708428
2025-09-30 09:00:00,0.4814019806831946
2025-09-30 10:00:00,0.59740315620447
2025-09-30 11:00:00,0.6344476014755526
2025-09-30 12:00:00,0.613690767913425
2025-09-30 13:00:00,0.6603501427920475
2025-09-30 14:00:00,0.5646899978059307
2025-09-30 15:00:00,0.4739069822644167
2025-09-30 16:00:00,0.3253177116686486
2025-09-30 17:00:00,0.14907094927646514
2025-09-30 18:00:00,0.0
2025-09-30 19:00:00,0.0
2025-09-30 20:00:00,0.0
2025-09-30 21:00:00,0.0
2025-09-30 22:00:00,0.0
2025-09-30 23:00:00,0.0
2025-10-01 00:00:00,0.0
2025-10-01 01:00:00,0.0
2025-10-01 02:00:00,0.0
2025-10-01 03:00:00,0.0
2025-10-01 04:00:00,0.0
2025-10-01 05:00:00,0.0
2025-10-01 06:00:00,0.0
2025-10-01 07:00:00,0.14122869656947235
2025-10-01 08:00:00,0.3175035690080582
2025-10-01 09:00:00,0.4769719400072342
2025-10-01 10:00:00,0.6066954935777549
2025-10-01 11:00:00,0.6401217437969119
2025-10-01 12:00:00,0.70075755803253
2025-10-01 13:00:00,0.686202332674248
2025-10-01 14:00:00,0.6291588972449295
2025-10-01 15:00:00,0.4804158540215697
2025-10-01 16:00:00,0.3140539169212673
2025-10-01 17:00:00,0.137533903070087
2025-10-01 18:00:00,0.0
2025-10-01 19:00:00,0.0
2025-10-01 20:00:00,0.0
2025-10-01 21:00:00,0.0
2025-10-01 22:00:00,0.0
2025-10-01 23:00:00,0.0
2025-10-02 00:00:00,0.0
2025-10-02 01:00:00,0.0
2025-10-02 02:00:00,0.0
2025-10-02 03:00:00,0.0
2025-10-02 04:00:00,0.0
2025-10-02 05:00:00,0.0
2025-10-02 06:00:00,0.0
2025-10-02 07:00:00,0.12676632609896718
2025-10-02 08:00:00,0.28157696019503087
2025-10-02 09:00:00,0.4298971141647413
2025-10-02 10:00:00,0.518876787511251
2025-10-02 11:00:00,0.5858160806460624
2025-10-02 12:00:00,0.6006775074202078
2025-10-02 13:00:00,0.5879888648234466
2025-10-02 14:00:00,0.5439942582984504
2025-10-02 15:00:00,0.4072266338856898
2025-10-02 16:00:00,0.28403821819308805
2025-10-02 17:00:00,0.11985768008786504
2025-10-02 18:00:00,0.0
2025-10-02 19:00:00,0.0
2025-10-02 20:00:00,0.0
2025-10-02 21:00:00,0.0
2025-10-02 22:00:00,0.0
2025-10-02 23:00:00,0.0
2025-10-03 00:00:00,0.0
2025-10-03 01:00:00,0.0
2025-10-03 02:00:00,0.0
2025-10-03 03:00:00,0.0
2025-10-03 04:00:00,0.0
2025-10-03 05:00:00,0.0
2025-10-03 06:00:00,0.0
2025-10-03 07:00:00,0.05631277563875649
2025-10-03 08:00:00,0.13249874726505675
2025-10-03 09:00:00,0.1856309238233054
2025-10-03 10:00:00,0.24181319268405174
2025-10-03 11:00:00,0.2832166352981099
2025-10-03 12:00:00,0.2720253451467931
2025-10-03 13:00:00,0.28171274519942857
2025-10-03 14:00:00,0.25307991864386387
2025-10-03 15:00:00,0.19111696671561665
2025-10-03 16:00:00,0.1277357677213544
2025-10-03 17:00:00,0.05782055553124939
2025-10-03 18:00:00,0.0
2025-10-03 19:00:00,0.0
2025-10-03 20:00:00,0.0
2025-10-03 21:00:00,0.0
2025-10-03 22:00:00,0.0
2025-10-03 23:00:00,0.0
2025-10-04 00:00:00,0.0
2025-10-04 01:00:00,0.0
2025-10-04 02:00:00,0.0
2025-10-04 03:00:00,0.0
2025-10-04 04:00:00,0.0
2025-10-04 05:00:00,0.0
2025-10-04 06:00:00,0.0
2025-10-04 07:00:00,0.11426414780634353
2025-10-04 08:00:00,0.2782316618353014
2025-10-04 09:00:00,0.4246066088001231
2025-10-04 10:00:00,0.5243187566052246
2025-10-04 11:00:00,0.5725321358077569
2025-10-04 12:00:00,0.5726504150806236
2025-10-04 13:00:00,0.6207253407904244
2025-10-04 14:00:00,0.5296048593170326
2025-10-04 15:00:00,0.4328503691644711
2025-10-04 16:00:00,0.28702500288688654
2025-10-04 17:00:00,0.12139201252619952
2025-10-04 18:00:00,0.0
2025-10-04 19:00:00,0.0
2025-10-04 20:00:00,0.0
2025-10-04 21:00:00,0.0
2025-10-04 22:00:00,0.0
2025-10-04 23:00:00,0.0
2025-10-05 00:00:00,0.0
2025-10-05 01:00:00,0.0
2025-10-05 02:00:00,0.0
2025-10-05 03:00:00,0.0
2025-10-05 04:00:00,0.0
2025-10-05 05:00:00,0.0
2025-10-05 06:00:00,0.0
2025-10-05 07:00:00,0.058896430432810315
2025-10-05 08:00:00,0.13721541101654958
2025-10-05 09:00:00,0.2270332408325582
2025-10-05 10:00:00,0.2613781423544725
2025-10-05 11:00:00,0.32404850358338105
2025-10-05 12:00:00,0.3279909233641015
2025-10-05 13:00:00,0.3086327862611769
2025-10-05 14:00:00,0.2773202074088309
2025-10-05 15:00:00,0.2203190778249406
2025-10-05 16:00:00,0.14352700624266937
2025-10-05 17:00:00,0.06316173162969907
2025-10-05 18:00:00,0.0
2025-10-05 19:00:00,0.0
2025-10-05 20:00:00,0.0
2025-10-05 21:00:00,0.0
2025-10-05 22:00:00,0.0
2025-10-05 23:00:00,0.0
2025-10-06 00:00:00,0.0
2025-10-06 01:00:00,0.0
2025-10-06 02:00:00,0.0
2025-10-06 03:00:00,0.0
2025-10-06 04:00:00,0.0
2025-10-06 05:00:00,0.0
2025-10-06 06:00:00,0.0
2025-10-06 07:00:00,0.061167219126922134
2025-10-06 08:00:00,0.13618734976268895
2025-10-06 09:00:00,0.22080006072486383
2025-10-06 10:00:00,0.2766892036388307
2025-10-06 11:00:00,0.30755853210769396
2025-10-06 12:00:00,0.3288335902621122
2025-10-06 13:00:00,0.3118738681349084
2025-10-06 14:00:00,0.28506893393912286
2025-10-06 15:00:00,0.22260254577966251
2025-10-06 16:00:00,0.14676506151817423
2025-10-06 17:00:00,0.06013472812328138
2025-10-06 18:00:00,0.0
2025-10-06 19:00:00,0.0
2025-10-06 20:00:00,0.0
2025-10-06 21:00:00,0.0
2025-10-06 22:00:00,0.0
2025-10-06 23:00:00,0.0
2025-10-07 00:00:00,0.0
2025-10-07 01:00:00,0.0
2025-10-07 02:00:00,0.0
2025-10-07 03:00:00,0.0
2025-10-07 04:00:00,0.0
2025-10-07 05:00:00,0.0
2025-10-07 06:00:00,0.0
2025-10-07 07:00:00,0.11716343057628337
2025-10-07 08:00:00,0.2857458659722311
2025-10-07 09:00:00,0.4270898665992708
2025-10-07 10:00:00,0.5371730805611509
2025-10-07 11:00:00,0.6278040920029698
2025-10-07 12:00:00,0.6596878200344174
2025-10-07 13:00:00,0.6122105272026696
2025-10-07 14:00:00,0.5753990238166657
2025-10-07 15:00:00,0.4257514566182989
2025-10-07 16:00:00,0.27011294242590733
2025-10-07 17:00:00,0.10794817430258796
2025-10-07 18:00:00,0.0
2025-10-07 19:00:00,0.0
2025-10-07 20:00:00,0.0
2025-10-07 21:00:00,0.0
2025-10-07 22:00:00,0.0
2025-10-07 23:00:00,0.0
2025-10-08 00:00:00,0.0
2025-10-08 01:00:00,0.0
2025-10-08 02:00:00,0.0
2025-10-08 03:00:00,0.0
2025-10-08 04:00:00,0.0
2025-10-08 05:00:00,0.0
2025-10-08 06:00:00,0.0
2025-10-08 07:00:00,0.11270320628575589
2025-10-08 08:00:00,0.2781087174604571
2025-10-08 09:00:00,0.42498661018694156
2025-10-08 10:00:00,0.5342324685970379
2025-10-08 11:00:00,0.6359809095938417
2025-10-08 12:00:00,0.6351213812564704
2025-10-08 13:00:00,0.6465369733109693
2025-10-08 14:00:00,0.5429388356942276
2025-10-08 15:00:00,0.42515379228964034
2025-10-08 16:00:00,0.2770693522885349
2025-10-08 17:00:00,0.11198464401835749
2025-10-08 18:00:00,0.0
2025-10-08 19:00:00,0.0
2025-10-08 20:00:00,0.0
2025-10-08 21:00:00,0.0
2025-10-08 22:00:00,0.0
2025-10-08 23:00:00,0.0
2025-10-09 00:00:00,0.0
2025-10-09 01:00:00,0.0
2025-10-09 02:00:00,0.0
2025-10-09 03:00:00,0.0
2025-10-09 04:00:00,0.0
2025-10-09 05:00:00,0.0
2025-10-09 06:00:00,0.0
2025-10-09 07:00:00,0.11694907039265712
2025-10-09 08:00:00,0.2835179309409935
2025-10-09 09:00:00,0.45050918690919806
2025-10-09 10:00:00,0.5600502756622671
2025-10-09 11:00:00,0.6492405636983196
2025-10-09 12:00:00,0.6618782846654062
2025-10-09 13:00:00,0.6253877102482231
2025-10-09 14:00:00,0.5599289287503246
2025-10-09 15:00:00,0.4649847770020869
2025-10-09 16:00:00,0.2936977655214247
2025-10-09 17:00:00,0.10789311070080566
2025-10-09 18:00:00,0.0
2025-10-09 19:00:00,0.0
2025-10-09 20:00:00,0.0
2025-10-09 21:00:00,0.0
2025-10-09 22:00:00,0.0
2025-10-09 23:00:00,0.0
2025-10-10 00:00:00,0.0
2025-10-10 01:00:00,0.0
2025-10-10 02:00:00,0.0
2025-10-10 03:00:00,0.0
2025-10-10 04:00:00,0.0
2025-10-10 05:00:00,0.0
2025-10-10 06:00:00,0.0
2025-10-10 07:00:00,0.10164994795798331
2025-10-10 08:00:00,0.2846023090797368
2025-10-10 09:00:00,0.41354181607106716
2025-10-10 10:00:00,0.5709729515679457
2025-10-10 11:00:00,0.633908977302341
2025-10-10 12:00:00,0.6871334322296974
2025-10-10 13:00:00,0.6368122282363685
2025-10-10 14:00:00,0.5446213836239702
2025-10-10 15:00:00,0.4214397280452106
2025-10-10 16:00:00,0.281977489017516
2025-10-10 17:00:00,0.10604491388596027
2025-10-10 18:00:00,0.0
2025-10-10 19:00:00,0.0
2025-10-10 20:00:00,0.0
2025-10-10 21:00:00,0.0
2025-10-10 22:00:00,0.0
2025-10-10 23:00:00,0.0
2025-10-11 00:00:00,0.0
2025-10-11 01:00:00,0.0
2025-10-11 02:00:00,0.0
2025-10-11 03:00:00,0.0
2025-10-11 04:00:00,0.0
2025-10-11 05:00:00,0.0
2025-10-11 06:00:00,0.0
2025-10-11 07:00:00,0.10600196398159899
2025-10-11 08:00:00,0.28301150481689946
2025-10-11 09:00:00,0.42807370655130383
2025-10-11 10:00:00,0.5607448958411438
2025-10-11 11:00:00,0.6164757008469539
2025-10-11 12:00:00,0.6522889933686353
2025-10-11 13:00:00,0.6492712148274016
2025-10-11 14:00:00,0.5400869258581541
2025-10-11 15:00:00,0.41670601058873274
2025-10-11 16:00:00,0.2790127073158037
2025-10-11 17:00:00,0.104221637726594
2025-10-11 18:00:00,0.0
2025-10-11 19:00:00,0.0
2025-10-11 20:00:00,0.0
2025-10-11 21:00:00,0.0
2025-10-11 22:00:00,0.0
2025-10-11 23:00:00,0.0
2025-10-12 00:00:00,0.0
2025-10-12 01:00:00,0.0
2025-10-12 02:00:00,0.0
2025-10-12 03:00:00,0.0
2025-10-12 04:00:00,0.0
2025-10-12 05:00:00,0.0
2025-10-12 06:00:00,0.0
2025-10-12 07:00:00,0.08683009089008471
2025-10-12 08:00:00,0.23244527854851943
2025-10-12 09:00:00,0.40648262438405053
2025-10-12 10:00:00,0.5071356267113731
2025-10-12 11:00:00,0.5692870383084503
2025-10-12 12:00:00,0.6056803755489093
2025-10-12 13:00:00,0.6025928871970748
2025-10-12 14:00:00,0.5217716854401525
2025-10-12 15:00:00,0.4028058810139682
2025-10-12 16:00:00,0.24454799158000676
2025-10-12 17:00:00,0.08885186074615321
2025-10-12 18:00:00,0.0
2025-10-12 19:00:00,0.0
2025-10-12 20:00:00,0.0
2025-10-12 21:00:00,0.0
2025-10-12 22:00:00,0.0
2025-10-12 23:00:00,0.0
2025-10-13 00:00:00,0.0
2025-10-13 01:00:00,0.0
2025-10-13 02:00:00,0.0
2025-10-13 03:00:00,0.0
2025-10-13 04:00:00,0.0
2025-10-13 05:00:00,0.0
2025-10-13 06:00:00,0.0
2025-10-13 07:00:00,0.0822405596238652
2025-10-13 08:00:00,0.24952703937195592
2025-10-13 09:00:00,0.38744106890607904
2025-10-13 10:00:00,0.4911642066198492
2025-10-13 11:00:00,0.5497693040623387
2025-10-13 12:00:00,0.5893136775123725
2025-10-13 13:00:00,0.5563583194330834
2025-10-13 14:00:00,0.4944398090002739
2025-10-13 15:00:00,0.4102220675839896
2025-10-13 16:00:00,0.24860418213726998
2025-10-13 17:00:00,0.08870800046298696
2025-10-13 18:00:00,0.0
2025-10-13 19:00:00,0.0
2025-10-13 20:00:00,0.0
2025-10-13 21:00:00,0.0
2025-10-13 22:00:00,0.0
2025-10-13 23:00:00,0.0
2025-10-14 00:00:00,0.0
2025-10-14 01:00:00,0.0
2025-10-14 02:00:00,0.0
2025-10-14 03:00:00,0.0
2025-10-14 04:00:00,0.0
2025-10-14 05:00:00,0.0
2025-10-14 06:00:00,0.0
2025-10-14 07:00:00,0.07733023923700917
2025-10-14 08:00:00,0.23385249302574365
2025-10-14 09:00:00,0.38554544469712815
2025-10-14 10:00:00,0.49277146786716475
2025-10-14 11:00:00,0.5577905371488536
2025-10-14 12:00:00,0.5722433946986131
2025-10-14 13:00:00,0.5736948750403909
2025-10-14 14:00:00,0.4819246286228086
2025-10-14 15:00:00,0.384525778796631
2025-10-14 16:00:00,0.24331582577802408
2025-10-14 17:00:00,0.08229393493933723
2025-10-14 18:00:00,0.0
2025-10-14 19:00:00,0.0
2025-10-14 20:00:00,0.0
2025-10-14 21:00:00,0.0
2025-10-14 22:00:00,0.0
2025-10-14 23:00:00,0.0
2025-10-15 00:00:00,0.0
2025-10-15 01:00:00,0.0
2025-10-15 02:00:00,0.0
2025-10-15 03:00:00,0.0
2025-10-15 04:00:00,0.0
2025-10-15 05:00:00,0.0
2025-10-15 06:00:00,0.0
2025-10-15 07:00:00,0.08338209264371575
2025-10-15 08:00:00,0.23557961961826018
2025-10-15 09:00:00,0.37212834721187255
2025-10-15 10:00:00,0.5084140648199087
2025-10-15 11:00:00,0.5487636944768393
2025-10-15 12:00:00,0.6144407242667368
2025-10-15 13:00:00,0.5577075651127535
2025-10-15 14:00:00,0.4844799731172032
2025-10-15 15:00:00,0.38135659786821113
2025-10-15 16:00:00,0.23768953787593886
2025-10-15 17:00:00,0.08323734874313696
2025-10-15 18:00:00,0.0
2025-10-15 19:00:00,0.0
2025-10-15 20:00:00,0.0
2025-10-15 21:00:00,0.0
2025-10-15 22:00:00,0.0
2025-10-15 23:00:00,0.0
2025-10-16 00:00:00,0.0
2025-10-16 01:00:00,0.0
2025-10-16 02:00:00,0.0
2025-10-16 03:00:00,0.0
2025-10-16 04:00:00,0.0
2025-10-16 05:00:00,0.0
2025-10-16 06:00:00,0.0
2025-10-16 07:00:00,0.0809820911691501
2025-10-16 08:00:00,0.23412454757260737
2025-10-16 09:00:00,0.3750009926741147
2025-10-16 10:00:00,0.4850262502062656
2025-10-16 11:00:00,0.5360587325338169
2025-10-16 12:00:00,0.5874998424844742
2025-10-16 13:00:00,0.5453381476038994
2025-10-16 14:00:00,0.4800450402138255
2025-10-16 15:00:00,0.3706221134185032
2025-10-16 16:00:00,0.23357445163373236
2025-10-16 17:00:00,0.07543694760997625
2025-10-16 18:00:00,0.0
2025-10-16 19:00:00,0.0
2025-10-16 20:00:00,0.0
2025-10-16 21:00:00,0.0
2025-10-16 22:00:00,0.0
2025-10-16 23:00:00,0.0
2025-10-17 00:00:00,0.0
2025-10-17 01:00:00,0.0
2025-10-17 02:00:00,0.0
2025-10-17 03:00:00,0.0
2025-10-17 04:00:00,0.0
2025-10-17 05:00:00,0.0
2025-10-17 06:00:00,0.0
2025-10-17 07:00:00,0.07121022456986821
2025-10-17 08:00:00,0.21193954276930405
2025-10-17 09:00:00,0.3769268892779459
2025-10-17 10:00:00,0.4966217395525214
2025-10-17 11:00:00,0.5362132865206934
2025-10-17 12:00:00,0.5675967537403159
2025-10-17 13:00:00,0.5507888006453721
2025-10-17 14:00:00,0.44785351037685633
2025-10-17 15:00:00,0.3707821636480617
2025-10-17 16:00:00,0.2223837382302568
2025-10-17 17:00:00,0.07606529828754466
2025-10-17 18:00:00,0.0
2025-10-17 19:00:00,0.0
2025-10-17 20:00:00,0.0
2025-10-17 21:00:00,0.0
2025-10-17 22:00:00,0.0
2025-10-17 23:00:00,0.0
2025-10-18 00:00:00,0.0
2025-10-18 01:00:00,0.0
2025-10-18 02:00:00,0.0
2025-10-18 03:00:00,0.0
2025-10-18 04:00:00,0.0
2025-10-18 05:00:00,0.0
2025-10-18 06:00:00,0.0
2025-10-18 07:00:00,0.07294547286619606
2025-10-18 08:00:00,0.23252325270610488
2025-10-18 09:00:00,0.38390752651642185
2025-10-18 10:00:00,0.49173779862082545
2025-10-18 11:00:00,0.5091800716469803
2025-10-18 12:00:00,0.5842976281736414
2025-10-18 13:00:00,0.5441664210559846
2025-10-18 14:00:00,0.49696873439354833
2025-10-18 15:00:00,0.377136767840715
2025-10-18 16:00:00,0.23425774458910134
2025-10-18 17:00:00,0.06989715481281442
2025-10-18 18:00:00,0.0
2025-10-18 19:00:00,0.0
2025-10-18 20:00:00,0.0
2025-10-18 21:00:00,0.0
2025-10-18 22:00:00,0.0
2025-10-18 23:00:00,0.0
2025-10-19 00:00:00,0.0
2025-10-19 01:00:00,0.0
2025-10-19 02:00:00,0.0
2025-10-19 03:00:00,0.0
2025-10-19 04:00:00,0.0
2025-10-19 05:00:00,0.0
2025-10-19 06:00:00,0.0
2025-10-19 07:00:00,0.06805089290429085
2025-10-19 08:00:00,0.21950378928094869
2025-10-19 09:00:00,0.380383456374967
2025-10-19 10:00:00,0.4756281010617926
2025-10-19 11:00:00,0.5608729021789103
2025-10-19 12:00:00,0.59428279780097
2025-10-19 13:00:00,0.5600678373190432
2025-10-19 14:00:00,0.4954589348583718
2025-10-19 15:00:00,0.34944777870236027
2025-10-19 16:00:00,0.2266017238083514
2025-10-19 17:00:00,0.07043561913445685
2025-10-19 18:00:00,0.0
2025-10-19 19:00:00,0.0
2025-10-19 20:00:00,0.0
2025-10-19 21:00:00,0.0
2025-10-19 22:00:00,0.0
2025-10-19 23:00:00,0.0
2025-10-20 00:00:00,0.0
2025-10-20 01:00:00,0.0
2025-10-20 02:00:00,0.0
2025-10-20 03:00:00,0.0
2025-10-20 04:00:00,0.0
2025-10-20 05:00:00,0.0
2025-10-20 06:00:00,0.0
2025-10-20 07:00:00,0.0627961888773935
2025-10-20 08:00:00,0.22812501015273087
2025-10-20 09:00:00,0.36443420656079134
2025-10-20 10:00:00,0.4689579002357586
2025-10-20 11:00:00,0.5370795624816241
2025-10-20 12:00:00,0.559111988879251
2025-10-20 13:00:00,0.5492690553951982
2025-10-20 14:00:00,0.47149864327832897
2025-10-20 15:00:00,0.3528013739692665
2025-10-20 16:00:00,0.21623050907641372
2025-10-20 17:00:00,0.06399144072441561
2025-10-20 18:00:00,0.0
2025-10-20 19:00:00,0.0
2025-10-20 20:00:00,0.0
2025-10-20 21:00:00,0.0
2025-10-20 22:00:00,0.0
2025-10-20 23:00:00,0.0
2025-10-21 00:00:00,0.0
2025-10-21 01:00:00,0.0
2025-10-21 02:00:00,0.0
2025-10-21 03:00:00,0.0
2025-10-21 04:00:00,0.0
2025-10-21 05:00:00,0.0
2025-10-21 06:00:00,0.0
2025-10-21 07:00:00,0.05633948086679082
2025-10-21 08:00:00,0.19980290465573153
2025-10-21 09:00:00,0.3578074814053328
2025-10-21 10:00:00,0.4731950577964919
2025-10-21 11:00:00,0.5097082709164749
2025-10-21 12:00:00,0.5412499980615273
2025-10-21 13:00:00,0.5137425108314713
2025-10-21 14:00:00,0.4469129756682206
2025-10-21 15:00:00,0.3598657755893559
2025-10-21 16:00:00,0.21412804395446436
2025-10-21 17:00:00,0.05836062475064366
2025-10-21 18:00:00,0.0
2025-10-21 19:00:00,0.0
2025-10-21 20:00:00,0.0
2025-10-21 21:00:00,0.0
2025-10-21 22:00:00,0.0
2025-10-21 23:00:00,0.0
2025-10-22 00:00:00,0.0
2025-10-22 01:00:00,0.0
2025-10-22 02:00:00,0.0
2025-10-22 03:00:00,0.0
2025-10-22 04:00:00,0.0
2025-10-22 05:00:00,0.0
2025-10-22 06:00:00,0.0
2025-10-22 07:00:00,0.0584309192993145
2025-10-22 08:00:00,0.2164731460968886
2025-10-22 09:00:00,0.35554033910906974
2025-10-22 10:00:00,0.48418471033111987
2025-10-22 11:00:00,0.5542310539049948
2025-10-22 12:00:00,0.5856296149846549
2025-10-22 13:00:00,0.5437580171590766
2025-10-22 14:00:00,0.48666903987982524
2025-10-22 15:00:00,0.3531457350922164
2025-10-22 16:00:00,0.21561861853959147
2025-10-22 17:00:00,0.05974585859308722
2025-10-22 18:00:00,0.0
2025-10-22 19:00:00,0.0
2025-10-22 20:00:00,0.0
2025-10-22 21:00:00,0.0
2025-10-22 22:00:00,0.0
2025-10-22 23:00:00,0.0
2025-10-23 00:00:00,0.0
2025-10-23 01:00:00,0.0
2025-10-23 02:00:00,0.0
2025-10-23 03:00:00,0.0
2025-10-23 04:00:00,0.0
2025-10-23 05:00:00,0.0
2025-10-23 06:00:00,0.0
2025-10-23 07:00:00,0.05390150354637447
2025-10-23 08:00:00,0.23230111455170477
2025-10-23 09:00:00,0.3502997298732313
2025-10-23 10:00:00,0.4525949377912374
2025-10-23 11:00:00,0.5714728952744258
2025-10-23 12:00:00,0.5909415478018666
2025-10-23 13:00:00,0.5409481140750423
2025-10-23 14:00:00,0.4779773991480046
2025-10-23 15:00:00,0.3648986303849354
2025-10-23 16:00:00,0.2182622794971932
2025-10-23 17:00:00,0.05335200610581991
2025-10-23 18:00:00,0.0
2025-10-23 19:00:00,0.0
2025-10-23 20:00:00,0.0
2025-10-23 21:00:00,0.0
2025-10-23 22:00:00,0.0
2025-10-23 23:00:00,0.0
2025-10-24 00:00:00,0.0
2025-10-24 01:00:00,0.0
2025-10-24 02:00:00,0.0
2025-10-24 03:00:00,0.0
2025-10-24 04:00:00,0.0
2025-10-24 05:00:00,0.0
2025-10-24 06:00:00,0.0
2025-10-24 07:00:00,0.01875692701794156
2025-10-24 08:00:00,0.08066268586937063
2025-10-24 09:00:00,0.1326613582436132
2025-10-24 10:00:00,0.17223073831613803
2025-10-24 11:00:00,0.20061543793697045
2025-10-24 12:00:00,0.2061670918811307
2025-10-24 13:00:00,0.20028017100568477
2025-10-24 14:00:00,0.17549864583826852
2025-10-24 15:00:00,0.13206497638426068
2025-10-24 16:00:00,0.0790259975980115
2025-10-24 17:00:00,0.019971165360683774
2025-10-24 18:00:00,0.0
2025-10-24 19:00:00,0.0
2025-10-24 20:00:00,0.0
2025-10-24 21:00:00,0.0
2025-10-24 22:00:00,0.0
2025-10-24 23:00:00,0.0
2025-10-25 00:00:00,0.0
2025-10-25 01:00:00,0.0
2025-10-25 02:00:00,0.0
2025-10-25 03:00:00,0.0
2025-10-25 04:00:00,0.0
2025-10-25 05:00:00,0.0
2025-10-25 06:00:00,0.0
2025-10-25 07:00:00,0.05089980041491012
2025-10-25 08:00:00,0.2107426449884384
2025-10-25 09:00:00,0.36207539346569634
2025-10-25 10:00:00,0.4742257567699096
2025-10-25 11:00:00,0.5526092740622016
2025-10-25 12:00:00,0.5949095946487148
2025-10-25 13:00:00,0.5641337017827424
2025-10-25 14:00:00,0.4952006799950894
2025-10-25 15:00:00,0.36270346318310315
2025-10-25 16:00:00,0.22845562233894365
2025-10-25 17:00:00,0.05214439086530456
2025-10-25 18:00:00,0.0
2025-10-25 19:00:00,0.0
2025-10-25 20:00:00,0.0
2025-10-25 21:00:00,0.0
2025-10-25 22:00:00,0.0
2025-10-25 23:00:00,0.0
2025-10-26 00:00:00,0.0
2025-10-26 01:00:00,0.0
2025-10-26 02:00:00,0.0
2025-10-26 03:00:00,0.0
2025-10-26 04:00:00,0.0
2025-10-26 05:00:00,0.0
2025-10-26 06:00:00,0.0
2025-10-26 07:00:00,0.04323660751795579
2025-10-26 08:00:00,0.20545740603263282
2025-10-26 09:00:00,0.34332243903895243
2025-10-26 10:00:00,0.4287359979373022
2025-10-26 11:00:00,0.527613148607928
2025-10-26 12:00:00,0.530919968630715
2025-10-26 13:00:00,0.5004648610282136
2025-10-26 14:00:00,0.4376591685380014
2025-10-26 15:00:00,0.32661876202529383
2025-10-26 16:00:00,0.19015911983144557
2025-10-26 17:00:00,0.04515313362551496
2025-10-26 18:00:00,0.0
2025-10-26 19:00:00,0.0
2025-10-26 20:00:00,0.0
2025-10-26 21:00:00,0.0
2025-10-26 22:00:00,0.0
2025-10-26 23:00:00,0.0
2025-10-27 00:00:00,0.0
2025-10-27 01:00:00,0.0
2025-10-27 02:00:00,0.0
2025-10-27 03:00:00,0.0
2025-10-27 04:00:00,0.0
2025-10-27 05:00:00,0.0
2025-10-27 06:00:00,0.0
2025-10-27 07:00:00,0.0378679477411268
2025-10-27 08:00:00,0.19422357229409318
2025-10-27 09:00:00,0.3395522377944154
2025-10-27 10:00:00,0.4617588313436812
2025-10-27 11:00:00,0.4993921694729316
2025-10-27 12:00:00,0.4940807782924509
2025-10-27 13:00:00,0.49879544441886386
2025-10-27 14:00:00,0.44640984510294063
2025-10-27 15:00:00,0.32014503582035553
2025-10-27 16:00:00,0.19533008868366292
2025-10-27 17:00:00,0.03908416648594693
2025-10-27 18:00:00,0.0
2025-10-27 19:00:00,0.0
2025-10-27 20:00:00,0.0
2025-10-27 21:00:00,0.0
2025-10-27 22:00:00,0.0
2025-10-27 23:00:00,0.0
2025-10-28 00:00:00,0.0
2025-10-28 01:00:00,0.0
2025-10-28 02:00:00,0.0
2025-10-28 03:00:00,0.0
2025-10-28 04:00:00,0.0
2025-10-28 05:00:00,0.0
2025-10-28 06:00:00,0.0
2025-10-28 07:00:00,0.03794620555019272
2025-10-28 08:00:00,0.20646846932902363
2025-10-28 09:00:00,0.3450159223093018
2025-10-28 10:00:00,0.4380901916996567
2025-10-28 11:00:00,0.507883803723449
2025-10-28 12:00:00,0.5395355513607424
2025-10-28 13:00:00,0.5215321318124352
2025-10-28 14:00:00,0.4573600929508642
2025-10-28 15:00:00,0.3204402898906386
2025-10-28 16:00:00,0.19774067670120227
2025-10-28 17:00:00,0.036623718557021706
2025-10-28 18:00:00,0.0
2025-10-28 19:00:00,0.0
2025-10-28 20:00:00,0.0
2025-10-28 21:00:00,0.0
2025-10-28 22:00:00,0.0
2025-10-28 23:00:00,0.0
2025-10-29 00:00:00,0.0
2025-10-29 01:00:00,0.0
2025-10-29 02:00:00,0.0
2025-10-29 03:00:00,0.0
2025-10-29 04:00:00,0.0
2025-10-29 05:00:00,0.0
2025-10-29 06:00:00,0.0
2025-10-29 07:00:00,0.034879071136584346
2025-10-29 08:00:00,0.19761416284283095
2025-10-29 09:00:00,0.32833757128118063
2025-10-29 10:00:00,0.4445031716175706
2025-10-29 11:00:00,0.5104734008280443
2025-10-29 12:00:00,0.517723132641648
2025-10-29 13:00:00,0.4938565367692686
2025-10-29 14:00:00,0.4250835592161993
2025-10-29 15:00:00,0.32921479880046123
2025-10-29 16:00:00,0.18375444661023338
2025-10-29 17:00:00,0.037231124219024206
2025-10-29 18:00:00,0.0
2025-10-29 19:00:00,0.0
2025-10-29 20:00:00,0.0
2025-10-29 21:00:00,0.0
2025-10-29 22:00:00,0.0
2025-10-29 23:00:00,0.0
2025-10-30 00:00:00,0.0
2025-10-30 01:00:00,0.0
2025-10-30 02:00:00,0.0
2025-10-30 03:00:00,0.0
2025-10-30 04:00:00,0.0
2025-10-30 05:00:00,0.0
2025-10-30 06:00:00,0.0
2025-10-30 07:00:00,0.009948431495944689
2025-10-30 08:00:00,0.05448676649800578
2025-10-30 09:00:00,0.09449884109133055
2025-10-30 10:00:00,0.12434439995899658
2025-10-30 11:00:00,0.14354197560103105
2025-10-30 12:00:00,0.14841297411371318
2025-10-30 13:00:00,0.13893280856544155
2025-10-30 14:00:00,0.12305672681093696
2025-10-30 15:00:00,0.09689031881655266
2025-10-30 16:00:00,0.05375430920125877
2025-10-30 17:00:00,0.009550901687808323
2025-10-30 18:00:00,0.0
2025-10-30 19:00:00,0.0
2025-10-30 20:00:00,0.0
2025-10-30 21:00:00,0.0
2025-10-30 22:00:00,0.0
2025-10-30 23:00:00,0.0
2025-10-31 00:00:00,0.0
2025-10-31 01:00:00,0.0
2025-10-31 02:00:00,0.0
2025-10-31 03:00:00,0.0
2025-10-31 04:00:00,0.0
2025-10-31 05:00:00,0.0
2025-10-31 06:00:00,0.0
2025-10-31 07:00:00,0.034950221382118035
2025-10-31 08:00:00,0.20968012965678473
2025-10-31 09:00:00,0.3617285328210251
2025-10-31 10:00:00,0.4789409775861781
2025-10-31 11:00:00,0.5246614708646746
2025-10-31 12:00:00,0.552564710445207
2025-10-31 13:00:00,0.5878879378600106
2025-10-31 14:00:00,0.47422116828939614
2025-10-31 15:00:00,0.37184425614283934
2025-10-31 16:00:00,0.19727586581721518
2025-10-31 17:00:00,0.033216510230507625
2025-10-31 18:00:00,0.0
2025-10-31 19:00:00,0.0
2025-10-31 20:00:00,0.0
2025-10-31 21:00:00,0.0
2025-10-31 22:00:00,0.0
2025-10-31 23:00:00,0.0
2025-11-01 00:00:00,0.0
2025-11-01 01:00:00,0.0
2025-11-01 02:00:00,0.0
2025-11-01 03:00:00,0.0
2025-11-01 04:00:00,0.0
2025-11-01 05:00:00,0.0
2025-11-01 06:00:00,0.0
2025-11-01 07:00:00,0.010869487521280585
2025-11-01 08:00:00,0.07224194691830638
2025-11-01 09:00:00,0.12473454025342838
2025-11-01 10:00:00,0.1666752718846234
2025-11-01 11:00:00,0.20836798491060549
2025-11-01 12:00:00,0.2003944381146267
2025-11-01 13:00:00,0.20386135291416402
2025-11-01 14:00:00,0.17451008946267466
2025-11-01 15:00:00,0.1268082315656776
2025-11-01 16:00:00,0.0670625488385674
2025-11-01 17:00:00,0.010939283720269324
2025-11-01 18:00:00,0.0
2025-11-01 19:00:00,0.0
2025-11-01 20:00:00,0.0
2025-11-01 21:00:00,0.0
2025-11-01 22:00:00,0.0
2025-11-01 23:00:00,0.0
2025-11-02 00:00:00,0.0
2025-11-02 01:00:00,0.0
2025-11-02 02:00:00,0.0
2025-11-02 03:00:00,0.0
2025-11-02 04:00:00,0.0
2025-11-02 05:00:00,0.0
2025-11-02 06:00:00,0.0
2025-11-02 07:00:00,0.025205093500592368
2025-11-02 08:00:00,0.18444640774957333
2025-11-02 09:00:00,0.3185137963863685
2025-11-02 10:00:00,0.4340051681091492
2025-11-02 11:00:00,0.5062717581869809
2025-11-02 12:00:00,0.5281532547453851
2025-11-02 13:00:00,0.5070249902075579
2025-11-02 14:00:00,0.41784065291126876
2025-11-02 15:00:00,0.3107687346295744
2025-11-02 16:00:00,0.18064317403443625
2025-11-02 17:00:00,0.025577381796594145
2025-11-02 18:00:00,0.0
2025-11-02 19:00:00,0.0
2025-11-02 20:00:00,0.0
2025-11-02 21:00:00,0.0
2025-11-02 22:00:00,0.0
2025-11-02 23:00:00,0.0
2025-11-03 00:00:00,0.0
2025-11-03 01:00:00,0.0
2025-11-03 02:00:00,0.0
2025-11-03 03:00:00,0.0
2025-11-03 04:00:00,0.0
2025-11-03 05:00:00,0.0
2025-11-03 06:00:00,0.0
2025-11-03 07:00:00,0.023603800181953346
2025-11-03 08:00:00,0.2035164301347388
2025-11-03 09:00:00,0.3383400686182298
2025-11-03 10:00:00,0.4691721811942553
2025-11-03 11:00:00,0.5202609716578573
2025-11-03 12:00:00,0.5647109199667804
2025-11-03 13:00:00,0.5310637634929043
2025-11-03 14:00:00,0.46652451883615514
2025-11-03 15:00:00,0.3361120767600476
2025-11-03 16:00:00,0.19899967127316198
2025-11-03 17:00:00,0.023484000151685787
2025-11-03 18:00:00,0.0
2025-11-03 19:00:00,0.0
2025-11-03 20:00:00,0.0
2025-11-03 21:00:00,0.0
2025-11-03 22:00:00,0.0
2025-11-03 23:00:00,0.0
2025-11-04 00:00:00,0.0
2025-11-04 01:00:00,0.0
2025-11-04 02:00:00,0.0
2025-11-04 03:00:00,0.0
2025-11-04 04:00:00,0.0
2025-11-04 05:00:00,0.0
2025-11-04 06:00:00,0.0
2025-11-04 07:00:00,0.021750789085472906
2025-11-04 08:00:00,0.17897071709071524
2025-11-04 09:00:00,0.31840446151157115
2025-11-04 10:00:00,0.45281943897897725
2025-11-04 11:00:00,0.4965855399794402
2025-11-04 12:00:00,0.5269483225946981
2025-11-04 13:00:00,0.5050304835609715
2025-11-04 14:00:00,0.44119419063672083
2025-11-04 15:00:00,0.32189038269546694
2025-11-04 16:00:00,0.1737312911379511
2025-11-04 17:00:00,0.021893741360052302
2025-11-04 18:00:00,0.0
2025-11-04 19:00:00,0.0
2025-11-04 20:00:00,0.0
2025-11-04 21:00:00,0.0
2025-11-04 22:00:00,0.0
2025-11-04 23:00:00,0.0
2025-11-05 00:00:00,0.0
2025-11-05 01:00:00,0.0
2025-11-05 02:00:00,0.0
2025-11-05 03:00:00,0.0
2025-11-05 04:00:00,0.0
2025-11-05 05:00:00,0.0
2025-11-05 06:00:00,0.0
2025-11-05 07:00:00,0.017471628073553742
2025-11-05 08:00:00,0.16487591756512482
2025-11-05 09:00:00,0.2775055899888223
2025-11-05 10:00:00,0.398577548213434
2025-11-05 11:00:00,0.4817532422432148
2025-11-05 12:00:00,0.479427012684608
2025-11-05 13:00:00,0.48065021934004076
2025-11-05 14:00:00,0.4031944481260185
2025-11-05 15:00:00,0.2950079375616132
2025-11-05 16:00:00,0.1691424078507206
2025-11-05 17:00:00,0.017561968195924316
2025-11-05 18:00:00,0.0
2025-11-05 19:00:00,0.0
2025-11-05 20:00:00,0.0
2025-11-05 21:00:00,0.0
2025-11-05 22:00:00,0.0
2025-11-05 23:00:00,0.0
2025-11-06 00:00:00,0.0
2025-11-06 01:00:00,0.0
2025-11-06 02:00:00,0.0
2025-11-06 03:00:00,0.0
2025-11-06 04:00:00,0.0
2025-11-06 05:00:00,0.0
2025-11-06 06:00:00,0.0
2025-11-06 07:00:00,0.01457014883056769
2025-11-06 08:00:00,0.1636985391699268
2025-11-06 09:00:00,0.31471365594080825
2025-11-06 10:00:00,0.41991764922920866
2025-11-06 11:00:00,0.484159940448747
2025-11-06 12:00:00,0.4954643023104394
2025-11-06 13:00:00,0.4605771705405967
2025-11-06 14:00:00,0.4088641705745339
2025-11-06 15:00:00,0.3101610513584408
2025-11-06 16:00:00,0.16751213686539887
2025-11-06 17:00:00,0.01449219339088708
2025-11-06 18:00:00,0.0
2025-11-06 19:00:00,0.0
2025-11-06 20:00:00,0.0
2025-11-06 21:00:00,0.0
2025-11-06 22:00:00,0.0
2025-11-06 23:00:00,0.0
2025-11-07 00:00:00,0.0
2025-11-07 01:00:00,0.0
2025-11-07 02:00:00,0.0
2025-11-07 03:00:00,0.0
2025-11-07 04:00:00,0.0
2025-11-07 05:00:00,0.0
2025-11-07 06:00:00,0.0
2025-11-07 07:00:00,0.015189120271765156
2025-11-07 08:00:00,0.1861250612741051
2025-11-07 09:00:00,0.3408699128508831
2025-11-07 10:00:00,0.43777473810077266
2025-11-07 11:00:00,0.5357767443904553
2025-11-07 12:00:00,0.5604230764196874
2025-11-07 13:00:00,0.5183601847680062
2025-11-07 14:00:00,0.45453386405112906
2025-11-07 15:00:00,0.34143439346519494
2025-11-07 16:00:00,0.18454518447672444
2025-11-07 17:00:00,0.014013126174126655
2025-11-07 18:00:00,0.0
2025-11-07 19:00:00,0.0
2025-11-07 20:00:00,0.0
2025-11-07 21:00:00,0.0
2025-11-07 22:00:00,0.0
2025-11-07 23:00:00,0.0
2025-11-08 00:00:00,0.0
2025-11-08 01:00:00,0.0
2025-11-08 02:00:00,0.0
2025-11-08 03:00:00,0.0
2025-11-08 04:00:00,0.0
2025-11-08 05:00:00,0.0
2025-11-08 06:00:00,0.0
2025-11-08 07:00:00,0.011060996517403748
2025-11-08 08:00:00,0.1533539360080911
2025-11-08 09:00:00,0.2976773469552696
2025-11-08 10:00:00,0.41187810663124297
2025-11-08 11:00:00,0.48437512357964824
2025-11-08 12:00:00,0.4768195116445118
2025-11-08 13:00:00,0.47403216813013427
2025-11-08 14:00:00,0.3982514053413535
2025-11-08 15:00:00,0.3081863484359963
2025-11-08 16:00:00,0.15223810537926885
2025-11-08 17:00:00,0.010321751920683703
2025-11-08 18:00:00,0.0
2025-11-08 19:00:00,0.0
2025-11-08 20:00:00,0.0
2025-11-08 21:00:00,0.0
2025-11-08 22:00:00,0.0
2025-11-08 23:00:00,0.0
2025-11-09 00:00:00,0.0
2025-11-09 01:00:00,0.0
2025-11-09 02:00:00,0.0
2025-11-09 03:00:00,0.0
2025-11-09 04:00:00,0.0
2025-11-09 05:00:00,0.0
2025-11-09 06:00:00,0.0
2025-11-09 07:00:00,0.009525081496991277
2025-11-09 08:00:00,0.1725858508139207
2025-11-09 09:00:00,0.3195774161171942
2025-11-09 10:00:00,0.4409640158401767
2025-11-09 11:00:00,0.49600511146879767
2025-11-09 12:00:00,0.5202960356863311
2025-11-09 13:00:00,0.5031254206262606
2025-11-09 14:00:00,0.41476245264919454
2025-11-09 15:00:00,0.3200622972719498
2025-11-09 16:00:00,0.17624399451803532
2025-11-09 17:00:00,0.008972654584339452
2025-11-09 18:00:00,0.0
2025-11-09 19:00:00,0.0
2025-11-09 20:00:00,0.0
2025-11-09 21:00:00,0.0
2025-11-09 22:00:00,0.0
2025-11-09 23:00:00,0.0
2025-11-10 00:00:00,0.0
2025-11-10 01:00:00,0.0
2025-11-10 02:00:00,0.0
2025-11-10 03:00:00,0.0
2025-11-10 04:00:00,0.0
2025-11-10 05:00:00,0.0
2025-11-10 06:00:00,0.0
2025-11-10 07:00:00,0.007221730764694127
2025-11-10 08:00:00,0.17663583364155316
2025-11-10 09:00:00,0.31567111604047005
2025-11-10 10:00:00,0.4541145333162309
2025-11-10 11:00:00,0.5273060180610105
2025-11-10 12:00:00,0.5440183701022142
2025-11-10 13:00:00,0.5058639035271089
2025-11-10 14:00:00,0.44068328963102893
2025-11-10 15:00:00,0.337250512512689
2025-11-10 16:00:00,0.1668343841452615
2025-11-10 17:00:00,0.0068553131341052625
2025-11-10 18:00:00,0.0
2025-11-10 19:00:00,0.0
2025-11-10 20:00:00,0.0
2025-11-10 21:00:00,0.0
2025-11-10 22:00:00,0.0
2025-11-10 23:00:00,0.0
2025-11-11 00:00:00,0.0
2025-11-11 01:00:00,0.0
2025-11-11 02:00:00,0.0
2025-11-11 03:00:00,0.0
2025-11-11 04:00:00,0.0
2025-11-11 05:00:00,0.0
2025-11-11 06:00:00,0.0
2025-11-11 07:00:00,0.004315304799809719
2025-11-11 08:00:00,0.15833924128191965
2025-11-11 09:00:00,0.2939314281037898
2025-11-11 10:00:00,0.39749767708436123
2025-11-11 11:00:00,0.4920283472848611
2025-11-11 12:00:00,0.5048839786980739
2025-11-11 13:00:00,0.4747160736578777
2025-11-11 14:00:00,0.4093087147230059
2025-11-11 15:00:00,0.28649289223478613
2025-11-11 16:00:00,0.16624135324483402
2025-11-11 17:00:00,0.004183965079315338
2025-11-11 18:00:00,0.0
2025-11-11 19:00:00,0.0
2025-11-11 20:00:00,0.0
2025-11-11 21:00:00,0.0
2025-11-11 22:00:00,0.0
2025-11-11 23:00:00,0.0
2025-11-12 00:00:00,0.0
2025-11-12 01:00:00,0.0
2025-11-12 02:00:00,0.0
2025-11-12 03:00:00,0.0
2025-11-12 04:00:00,0.0
2025-11-12 05:00:00,0.0
2025-11-12 06:00:00,0.0
2025-11-12 07:00:00,0.0023481177339275687
2025-11-12 08:00:00,0.16892008042673698
2025-11-12 09:00:00,0.3184385807747679
2025-11-12 10:00:00,0.43256575598146374
2025-11-12 11:00:00,0.4984023397000286
2025-11-12 12:00:00,0.5270935424552198
2025-11-12 13:00:00,0.49940035095778307
2025-11-12 14:00:00,0.4069411773703549
2025-11-12 15:00:00,0.31334988202552727
2025-11-12 16:00:00,0.16825915291165294
2025-11-12 17:00:00,0.002432453201540176
2025-11-12 18:00:00,0.0
2025-11-12 19:00:00,0.0
2025-11-12 20:00:00,0.0
2025-11-12 21:00:00,0.0
2025-11-12 22:00:00,0.0
2025-11-12 23:00:00,0.0
2025-11-13 00:00:00,0.0
2025-11-13 01:00:00,0.0
2025-11-13 02:00:00,0.0
2025-11-13 03:00:00,0.0
2025-11-13 04:00:00,0.0
2025-11-13 05:00:00,0.0
2025-11-13 06:00:00,0.0
2025-11-13 07:00:00,0.00023374976799110637
2025-11-13 08:00:00,0.1569329801641677
2025-11-13 09:00:00,0.28554971076198654
2025-11-13 10:00:00,0.36457184390655767
2025-11-13 11:00:00,0.46214356908015536
2025-11-13 12:00:00,0.4789702994037981
2025-11-13 13:00:00,0.44308251489380424
2025-11-13 14:00:00,0.3939608677076937
2025-11-13 15:00:00,0.2907743459782023
2025-11-13 16:00:00,0.14606566858632558
2025-11-13 17:00:00,0.0002194827164435819
2025-11-13 18:00:00,0.0
2025-11-13 19:00:00,0.0
2025-11-13 20:00:00,0.0
2025-11-13 21:00:00,0.0
2025-11-13 22:00:00,0.0
2025-11-13 23:00:00,0.0
2025-11-14 00:00:00,0.0
2025-11-14 01:00:00,0.0
2025-11-14 02:00:00,0.0
2025-11-14 03:00:00,0.0
2025-11-14 04:00:00,0.0
2025-11-14 05:00:00,0.0
2025-11-14 06:00:00,0.0
2025-11-14 07:00:00,0.0
2025-11-14 08:00:00,0.14733052843353442
2025-11-14 09:00:00,0.2960704961977076
2025-11-14 10:00:00,0.40467885949857296
2025-11-14 11:00:00,0.47226513830600414
2025-11-14 12:00:00,0.4909102574389556
2025-11-14 13:00:00,0.48514928894812087
2025-11-14 14:00:00,0.3826154661999965
2025-11-14 15:00:00,0.2782771509148861
2025-11-14 16:00:00,0.15483399611566367
2025-11-14 17:00:00,0.0
2025-11-14 18:00:00,0.0
2025-11-14 19:00:00,0.0
2025-11-14 20:00:00,0.0
2025-11-14 21:00:00,0.0
2025-11-14 22:00:00,0.0
2025-11-14 23:00:00,0.0
2025-11-15 00:00:00,0.0
2025-11-15 01:00:00,0.0
2025-11-15 02:00:00,0.0
2025-11-15 03:00:00,0.0
2025-11-15 04:00:00,0.0
2025-11-15 05:00:00,0.0
2025-11-15 06:00:00,0.0
2025-11-15 07:00:00,0.0
2025-11-15 08:00:00,0.07915639377843146
2025-11-15 09:00:00,0.15131336636029
2025-11-15 10:00:00,0.2161723411346544
2025-11-15 11:00:00,0.2504019395043804
2025-11-15 12:00:00,0.28035942282967896
2025-11-15 13:00:00,0.24229222470679534
2025-11-15 14:00:00,0.2084129447060231
2025-11-15 15:00:00,0.1574013116191464
2025-11-15 16:00:00,0.08240158738047053
2025-11-15 17:00:00,0.0
2025-11-15 18:00:00,0.0
2025-11-15 19:00:00,0.0
2025-11-15 20:00:00,0.0
2025-11-15 21:00:00,0.0
2025-11-15 22:00:00,0.0
2025-11-15 23:00:00,0.0
2025-11-16 00:00:00,0.0
2025-11-16 01:00:00,0.0
2025-11-16 02:00:00,0.0
2025-11-16 03:00:00,0.0
2025-11-16 04:00:00,0.0
2025-11-16 05:00:00,0.0
2025-11-16 06:00:00,0.0
2025-11-16 07:00:00,0.0
2025-11-16 08:00:00,0.16098503968007763
2025-11-16 09:00:00,0.2986757021902432
2025-11-16 10:00:00,0.4327249873895401
2025-11-16 11:00:00,0.5112658170389452
2025-11-16 12:00:00,0.5128746431659891
2025-11-16 13:00:00,0.5191706592543999
2025-11-16 14:00:00,0.4440901096992826
2025-11-16 15:00:00,0.3335044541992236
2025-11-16 16:00:00,0.15642984175148508
2025-11-16 17:00:00,0.0
2025-11-16 18:00:00,0.0
2025-11-16 19:00:00,0.0
2025-11-16 20:00:00,0.0
2025-11-16 21:00:00,0.0
2025-11-16 22:00:00,0.0
2025-11-16 23:00:00,0.0
2025-11-17 00:00:00,0.0
2025-11-17 01:00:00,0.0
2025-11-17 02:00:00,0.0
2025-11-17 03:00:00,0.0
2025-11-17 04:00:00,0.0
2025-11-17 05:00:00,0.0
2025-11-17 06:00:00,0.0
2025-11-17 07:00:00,0.0
2025-11-17 08:00:00,0.14816649956221542
2025-11-17 09:00:00,0.26745415643955794
2025-11-17 10:00:00,0.3791172440533284
2025-11-17 11:00:00,0.47397235364599405
2025-11-17 12:00:00,0.44862116299100846
2025-11-17 13:00:00,0.4522465045017462
2025-11-17 14:00:00,0.3981554533298729
2025-11-17 15:00:00,0.2867861625103162
2025-11-17 16:00:00,0.1446189402884983
2025-11-17 17:00:00,0.0
2025-11-17 18:00:00,0.0
2025-11-17 19:00:00,0.0
2025-11-17 20:00:00,0.0
2025-11-17 21:00:00,0.0
2025-11-17 22:00:00,0.0
2025-11-17 23:00:00,0.0
2025-11-18 00:00:00,0.0
2025-11-18 01:00:00,0.0
2025-11-18 02:00:00,0.0
2025-11-18 03:00:00,0.0
2025-11-18 04:00:00,0.0
2025-11-18 05:00:00,0.0
2025-11-18 06:00:00,0.0
2025-11-18 07:00:00,0.0
2025-11-18 08:00:00,0.13809225741118672
2025-11-18 09:00:00,0.2739260660740238
2025-11-18 10:00:00,0.3562842186428611
2025-11-18 11:00:00,0.4143746788283283
2025-11-18 12:00:00,0.44675462488591655
2025-11-18 13:00:00,0.4676538727846544
2025-11-18 14:00:00,0.36342622596421675
2025-11-18 15:00:00,0.2766200745614979
2025-11-18 16:00:00,0.1351709080639106
2025-11-18 17:00:00,0.0
2025-11-18 18:00:00,0.0
2025-11-18 19:00:00,0.0
2025-11-18 20:00:00,0.0
2025-11-18 21:00:00,0.0
2025-11-18 22:00:00,0.0
2025-11-18 23:00:00,0.0
2025-11-19 00:00:00,0.0
2025-11-19 01:00:00,0.0
2025-11-19 02:00:00,0.0
2025-11-19 03:00:00,0.0
2025-11-19 04:00:00,0.0
2025-11-19 05:00:00,0.0
2025-11-19 06:00:00,0.0
2025-11-19 07:00:00,0.0
2025-11-19 08:00:00,0.15633891098455924
2025-11-19 09:00:00,0.3035452436368019
2025-11-19 10:00:00,0.43137731662042217
2025-11-19 11:00:00,0.5105771727355852
2025-11-19 12:00:00,0.5130427736947452
2025-11-19 13:00:00,0.4867603953112261
2025-11-19 14:00:00,0.4229444006042512
2025-11-19 15:00:00,0.2985316861078891
2025-11-19 16:00:00,0.15055273273995204
2025-11-19 17:00:00,0.0
2025-11-19 18:00:00,0.0
2025-11-19 19:00:00,0.0
2025-11-19 20:00:00,0.0
2025-11-19 21:00:00,0.0
2025-11-19 22:00:00,0.0
2025-11-19 23:00:00,0.0
2025-11-20 00:00:00,0.0
2025-11-20 01:00:00,0.0
2025-11-20 02:00:00,0.0
2025-11-20 03:00:00,0.0
2025-11-20 04:00:00,0.0
2025-11-20 05:00:00,0.0
2025-11-20 06:00:00,0.0
2025-11-20 07:00:00,0.0
2025-11-20 08:00:00,0.14292361214639077
2025-11-20 09:00:00,0.285103224971248
2025-11-20 10:00:00,0.40825334947724445
2025-11-20 11:00:00,0.46831425393620174
2025-11-20 12:00:00,0.49959298180084116
2025-11-20 13:00:00,0.44731216550612535
2025-11-20 14:00:00,0.37716047843438033
2025-11-20 15:00:00,0.2706868358999772
2025-11-20 16:00:00,0.13489678224385468
2025-11-20 17:00:00,0.0
2025-11-20 18:00:00,0.0
2025-11-20 19:00:00,0.0
2025-11-20 20:00:00,0.0
2025-11-20 21:00:00,0.0
2025-11-20 22:00:00,0.0
2025-11-20 23:00:00,0.0
2025-11-21 00:00:00,0.0
2025-11-21 01:00:00,0.0
2025-11-21 02:00:00,0.0
2025-11-21 03:00:00,0.0
2025-11-21 04:00:00,0.0
2025-11-21 05:00:00,0.0
2025-11-21 06:00:00,0.0
2025-11-21 07:00:00,0.0
2025-11-21 08:00:00,0.14371970051147373
2025-11-21 09:00:00,0.30228490275418035
2025-11-21 10:00:00,0.4292555399217148
2025-11-21 11:00:00,0.5101435905303212
2025-11-21 12:00:00,0.5007510221269141
2025-11-21 13:00:00,0.47284120286999365
2025-11-21 14:00:00,0.411850401566217
2025-11-21 15:00:00,0.31168061534770075
2025-11-21 16:00:00,0.15050433275871705
2025-11-21 17:00:00,0.0
2025-11-21 18:00:00,0.0
2025-11-21 19:00:00,0.0
2025-11-21 20:00:00,0.0
2025-11-21 21:00:00,0.0
2025-11-21 22:00:00,0.0
2025-11-21 23:00:00,0.0
2025-11-22 00:00:00,0.0
2025-11-22 01:00:00,0.0
2025-11-22 02:00:00,0.0
2025-11-22 03:00:00,0.0
2025-11-22 04:00:00,0.0
2025-11-22 05:00:00,0.0
2025-11-22 06:00:00,0.0
2025-11-22 07:00:00,0.0
2025-11-22 08:00:00,0.07791992919288664
2025-11-22 09:00:00,0.16127739111465492
2025-11-22 10:00:00,0.21146593279827172
2025-11-22 11:00:00,0.2514181784667284
2025-11-22 12:00:00,0.2676484150406665
2025-11-22 13:00:00,0.2578337751566371
2025-11-22 14:00:00,0.21642367893946862
2025-11-22 15:00:00,0.15677213698390705
2025-11-22 16:00:00,0.07387948779354139
2025-11-22 17:00:00,0.0
2025-11-22 18:00:00,0.0
2025-11-22 19:00:00,0.0
2025-11-22 20:00:00,0.0
2025-11-22 21:00:00,0.0
2025-11-22 22:00:00,0.0
2025-11-22 23:00:00,0.0
2025-11-23 00:00:00,0.0
2025-11-23 01:00:00,0.0
2025-11-23 02:00:00,0.0
2025-11-23 03:00:00,0.0
2025-11-23 04:00:00,0.0
2025-11-23 05:00:00,0.0
2025-11-23 06:00:00,0.0
2025-11-23 07:00:00,0.0
2025-11-23 08:00:00,0.12700794426072307
2025-11-23 09:00:00,0.28098493576454237
2025-11-23 10:00:00,0.38263330180879873
2025-11-23 11:00:00,0.4570560027766422
2025-11-23 12:00:00,0.5158666378487333
2025-11-23 13:00:00,0.46344712495391366
2025-11-23 14:00:00,0.41787303794175296
2025-11-23 15:00:00,0.2697391759676723
2025-11-23 16:00:00,0.1344830694607072
2025-11-23 17:00:00,0.0
2025-11-23 18:00:00,0.0
2025-11-23 19:00:00,0.0
2025-11-23 20:00:00,0.0
2025-11-23 21:00:00,0.0
2025-11-23 22:00:00,0.0
2025-11-23 23:00:00,0.0
2025-11-24 00:00:00,0.0
2025-11-24 01:00:00,0.0
2025-11-24 02:00:00,0.0
2025-11-24 03:00:00,0.0
2025-11-24 04:00:00,0.0
2025-11-24 05:00:00,0.0
2025-11-24 06:00:00,0.0
2025-11-24 07:00:00,0.0
2025-11-24 08:00:00,0.13290243028770815
2025-11-24 09:00:00,0.28048832657074724
2025-11-24 10:00:00,0.4073936358655616
2025-11-24 11:00:00,0.4794704015780049
2025-11-24 12:00:00,0.5137747693824204
2025-11-24 13:00:00,0.4774261890781224
2025-11-24 14:00:00,0.4215620040499712
2025-11-24 15:00:00,0.2943143108096008
2025-11-24 16:00:00,0.1414578225854302
2025-11-24 17:00:00,0.0
2025-11-24 18:00:00,0.0
2025-11-24 19:00:00,0.0
2025-11-24 20:00:00,0.0
2025-11-24 21:00:00,0.0
2025-11-24 22:00:00,0.0
2025-11-24 23:00:00,0.0
2025-11-25 00:00:00,0.0
2025-11-25 01:00:00,0.0
2025-11-25 02:00:00,0.0
2025-11-25 03:00:00,0.0
2025-11-25 04:00:00,0.0
2025-11-25 05:00:00,0.0
2025-11-25 06:00:00,0.0
2025-11-25 07:00:00,0.0
2025-11-25 08:00:00,0.1421970056846541
2025-11-25 09:00:00,0.2843494467221708
2025-11-25 10:00:00,0.40555972241486354
2025-11-25 11:00:00,0.490000415210318
2025-11-25 12:00:00,0.5129064752985961
2025-11-25 13:00:00,0.4938890700334908
2025-11-25 14:00:00,0.4292281826080681
2025-11-25 15:00:00,0.29074088420536237
2025-11-25 16:00:00,0.1369634079425154
2025-11-25 17:00:00,0.0
2025-11-25 18:00:00,0.0
2025-11-25 19:00:00,0.0
2025-11-25 20:00:00,0.0
2025-11-25 21:00:00,0.0
2025-11-25 22:00:00,0.0
2025-11-25 23:00:00,0.0
2025-11-26 00:00:00,0.0
2025-11-26 01:00:00,0.0
2025-11-26 02:00:00,0.0
2025-11-26 03:00:00,0.0
2025-11-26 04:00:00,0.0
2025-11-26 05:00:00,0.0
2025-11-26 06:00:00,0.0
2025-11-26 07:00:00,0.0
2025-11-26 08:00:00,0.1273902425773446
2025-11-26 09:00:00,0.2618099864990585
2025-11-26 10:00:00,0.34991433968692115
2025-11-26 11:00:00,0.4395578662063924
2025-11-26 12:00:00,0.47749066826384945
2025-11-26 13:00:00,0.42850774712827416
2025-11-26 14:00:00,0.3772480312825727
2025-11-26 15:00:00,0.2487352566322447
2025-11-26 16:00:00,0.12393620717851489
2025-11-26 17:00:00,0.0
2025-11-26 18:00:00,0.0
2025-11-26 19:00:00,0.0
2025-11-26 20:00:00,0.0
2025-11-26 21:00:00,0.0
2025-11-26 22:00:00,0.0
2025-11-26 23:00:00,0.0
2025-11-27 00:00:00,0.0
2025-11-27 01:00:00,0.0
2025-11-27 02:00:00,0.0
2025-11-27 03:00:00,0.0
2025-11-27 04:00:00,0.0
2025-11-27 05:00:00,0.0
2025-11-27 06:00:00,0.0
2025-11-27 07:00:00,0.0
2025-11-27 08:00:00,0.14081292121752076
2025-11-27 09:00:00,0.2953627026771505
2025-11-27 10:00:00,0.4366272790476928
2025-11-27 11:00:00,0.5012938069943866
2025-11-27 12:00:00,0.5312129345673869
2025-11-27 13:00:00,0.5167861377064601
2025-11-27 14:00:00,0.4112152244303402
2025-11-27 15:00:00,0.28419630739228274
2025-11-27 16:00:00,0.14901521443571591
2025-11-27 17:00:00,0.0
2025-11-27 18:00:00,0.0
2025-11-27 19:00:00,0.0
2025-11-27 20:00:00,0.0
2025-11-27 21:00:00,0.0
2025-11-27 22:00:00,0.0
2025-11-27 23:00:00,0.0
2025-11-28 00:00:00,0.0
2025-11-28 01:00:00,0.0
2025-11-28 02:00:00,0.0
2025-11-28 03:00:00,0.0
2025-11-28 04:00:00,0.0
2025-11-28 05:00:00,0.0
2025-11-28 06:00:00,0.0
2025-11-28 07:00:00,0.0
2025-11-28 08:00:00,0.13508482036017183
2025-11-28 09:00:00,0.29550704173664183
2025-11-28 10:00:00,0.4081565646363605
2025-11-28 11:00:00,0.482442848687979
2025-11-28 12:00:00,0.5125949165945825
2025-11-28 13:00:00,0.5246044663906155
2025-11-28 14:00:00,0.40025381941769833
2025-11-28 15:00:00,0.2912082765412429
2025-11-28 16:00:00,0.14199233772699427
2025-11-28 17:00:00,0.0
2025-11-28 18:00:00,0.0
2025-11-28 19:00:00,0.0
2025-11-28 20:00:00,0.0
2025-11-28 21:00:00,0.0
2025-11-28 22:00:00,0.0
2025-11-28 23:00:00,0.0
2025-11-29 00:00:00,0.0
2025-11-29 01:00:00,0.0
2025-11-29 02:00:00,0.0
2025-11-29 03:00:00,0.0
2025-11-29 04:00:00,0.0
2025-11-29 05:00:00,0.0
2025-11-29 06:00:00,0.0
2025-11-29 07:00:00,0.0
2025-11-29 08:00:00,0.1310913722514437
2025-11-29 09:00:00,0.2835948868590509
2025-11-29 10:00:00,0.4232056997787838
2025-11-29 11:00:00,0.47764316226971404
2025-11-29 12:00:00,0.4880556366717859
2025-11-29 13:00:00,0.47244713340998645
2025-11-29 14:00:00,0.3856109678232512
2025-11-29 15:00:00,0.2745980625461814
2025-11-29 16:00:00,0.13906386097683607
2025-11-29 17:00:00,0.0
2025-11-29 18:00:00,0.0
2025-11-29 19:00:00,0.0
2025-11-29 20:00:00,0.0
2025-11-29 21:00:00,0.0
2025-11-29 22:00:00,0.0
2025-11-29 23:00:00,0.0
2025-11-30 00:00:00,0.0
2025-11-30 01:00:00,0.0
2025-11-30 02:00:00,0.0
2025-11-30 03:00:00,0.0
2025-11-30 04:00:00,0.0
2025-11-30 05:00:00,0.0
2025-11-30 06:00:00,0.0
2025-11-30 07:00:00,0.0
2025-11-30 08:00:00,0.12795404309388603
2025-11-30 09:00:00,0.27145516165402334
2025-11-30 10:00:00,0.3827286511449459
2025-11-30 11:00:00,0.46760892816565874
2025-11-30 12:00:00,0.4967076388894235
2025-11-30 13:00:00,0.4499975206085397
2025-11-30 14:00:00,0.3774168570253298
2025-11-30 15:00:00,0.2720450843500998
2025-11-30 16:00:00,0.123290693982029
2025-11-30 17:00:00,0.0
2025-11-30 18:00:00,0.0
2025-11-30 19:00:00,0.0
2025-11-30 20:00:00,0.0
2025-11-30 21:00:00,0.0
2025-11-30 22:00:00,0.0
2025-11-30 23:00:00,0.0
2025-12-01 00:00:00,0.0
2025-12-01 01:00:00,0.0
2025-12-01 02:00:00,0.0
2025-12-01 03:00:00,0.0
2025-12-01 04:00:00,0.0
2025-12-01 05:00:00,0.0
2025-12-01 06:00:00,0.0
2025-12-01 07:00:00,0.0
2025-12-01 08:00:00,0.12473138448299757
2025-12-01 09:00:00,0.26863879981847627
2025-12-01 10:00:00,0.376912640793464
2025-12-01 11:00:00,0.4718142858230982
2025-12-01 12:00:00,0.4788280007126843
2025-12-01 13:00:00,0.45216482334950453
2025-12-01 14:00:00,0.374122852791727
2025-12-01 15:00:00,0.2625650133923568
2025-12-01 16:00:00,0.12686984166227053
2025-12-01 17:00:00,0.0
2025-12-01 18:00:00,0.0
2025-12-01 19:00:00,0.0
2025-12-01 20:00:00,0.0
2025-12-01 21:00:00,0.0
2025-12-01 22:00:00,0.0
2025-12-01 23:00:00,0.0
2025-12-02 00:00:00,0.0
2025-12-02 01:00:00,0.0
2025-12-02 02:00:00,0.0
2025-12-02 03:00:00,0.0
2025-12-02 04:00:00,0.0
2025-12-02 05:00:00,0.0
2025-12-02 06:00:00,0.0
2025-12-02 07:00:00,0.0
2025-12-02 08:00:00,0.12684254425323305
2025-12-02 09:00:00,0.267198466990516
2025-12-02 10:00:00,0.3754386944697247
2025-12-02 11:00:00,0.424125726892826
2025-12-02 12:00:00,0.4703612523024437
2025-12-02 13:00:00,0.4414214894101455
2025-12-02 14:00:00,0.3816811500378641
2025-12-02 15:00:00,0.27094489544628153
2025-12-02 16:00:00,0.12626260409631726
2025-12-02 17:00:00,0.0
2025-12-02 18:00:00,0.0
2025-12-02 19:00:00,0.0
2025-12-02 20:00:00,0.0
2025-12-02 21:00:00,0.0
2025-12-02 22:00:00,0.0
2025-12-02 23:00:00,0.0
2025-12-03 00:00:00,0.0
2025-12-03 01:00:00,0.0
2025-12-03 02:00:00,0.0
2025-12-03 03:00:00,0.0
2025-12-03 04:00:00,0.0
2025-12-03 05:00:00,0.0
2025-12-03 06:00:00,0.0
2025-12-03 07:00:00,0.0
2025-12-03 08:00:00,0.044723369270059384
2025-12-03 09:00:00,0.09651725899643192
2025-12-03 10:00:00,0.13591209407176377
2025-12-03 11:00:00,0.1626356981045224
2025-12-03 12:00:00,0.1652061510474582
2025-12-03 13:00:00,0.16866089288743044
2025-12-03 14:00:00,0.1291333226067001
2025-12-03 15:00:00,0.09489648220240689
2025-12-03 16:00:00,0.0422331452984229
2025-12-03 17:00:00,0.0
2025-12-03 18:00:00,0.0
2025-12-03 19:00:00,0.0
2025-12-03 20:00:00,0.0
2025-12-03 21:00:00,0.0
2025-12-03 22:00:00,0.0
2025-12-03 23:00:00,0.0
2025-12-04 00:00:00,0.0
2025-12-04 01:00:00,0.0
2025-12-04 02:00:00,0.0
2025-12-04 03:00:00,0.0
2025-12-04 04:00:00,0.0
2025-12-04 05:00:00,0.0
2025-12-04 06:00:00,0.0
2025-12-04 07:00:00,0.0
2025-12-04 08:00:00,0.11974783079376439
2025-12-04 09:00:00,0.2593453631220667
2025-12-04 10:00:00,0.3892872830679267
2025-12-04 11:00:00,0.4238957282791759
2025-12-04 12:00:00,0.45482469569664696
2025-12-04 13:00:00,0.4283902979981251
2025-12-04 14:00:00,0.3899853137436395
2025-12-04 15:00:00,0.2572523919008874
2025-12-04 16:00:00,0.12090524005287524
2025-12-04 17:00:00,0.0
2025-12-04 18:00:00,0.0
2025-12-04 19:00:00,0.0
2025-12-04 20:00:00,0.0
2025-12-04 21:00:00,0.0
2025-12-04 22:00:00,0.0
2025-12-04 23:00:00,0.0
2025-12-05 00:00:00,0.0
2025-12-05 01:00:00,0.0
2025-12-05 02:00:00,0.0
2025-12-05 03:00:00,0.0
2025-12-05 04:00:00,0.0
2025-12-05 05:00:00,0.0
2025-12-05 06:00:00,0.0
2025-12-05 07:00:00,0.0
2025-12-05 08:00:00,0.13107501545434896
2025-12-05 09:00:00,0.2575377536881766
2025-12-05 10:00:00,0.3894702954688933
2025-12-05 11:00:00,0.47238536320618385
2025-12-05 12:00:00,0.46614834730197663
2025-12-05 13:00:00,0.4467453981917725
2025-12-05 14:00:00,0.3739857163415658
2025-12-05 15:00:00,0.2652135142059175
2025-12-05 16:00:00,0.12221555167407537
2025-12-05 17:00:00,0.0
2025-12-05 18:00:00,0.0
2025-12-05 19:00:00,0.0
2025-12-05 20:00:00,0.0
2025-12-05 21:00:00,0.0
2025-12-05 22:00:00,0.0
2025-12-05 23:00:00,0.0
2025-12-06 00:00:00,0.0
2025-12-06 01:00:00,0.0
2025-12-06 02:00:00,0.0
2025-12-06 03:00:00,0.0
2025-12-06 04:00:00,0.0
2025-12-06 05:00:00,0.0
2025-12-06 06:00:00,0.0
2025-12-06 07:00:00,0.0
2025-12-06 08:00:00,0.12728490931432931
2025-12-06 09:00:00,0.2676456045710971
2025-12-06 10:00:00,0.3617383044195229
2025-12-06 11:00:00,0.46213480667427687
2025-12-06 12:00:00,0.46760753517176196
2025-12-06 13:00:00,0.4386818729345156
2025-12-06 14:00:00,0.3619621813211196
2025-12-06 15:00:00,0.27624779524093984
2025-12-06 16:00:00,0.12016748679228123
2025-12-06 17:00:00,0.0
2025-12-06 18:00:00,0.0
2025-12-06 19:00:00,0.0
2025-12-06 20:00:00,0.0
2025-12-06 21:00:00,0.0
2025-12-06 22:00:00,0.0
2025-12-06 23:00:00,0.0
2025-12-07 00:00:00,0.0
2025-12-07 01:00:00,0.0
2025-12-07 02:00:00,0.0
2025-12-07 03:00:00,0.0
2025-12-07 04:00:00,0.0
2025-12-07 05:00:00,0.0
2025-12-07 06:00:00,0.0
2025-12-07 07:00:00,0.0
2025-12-07 08:00:00,0.11335642784010712
2025-12-07 09:00:00,0.24187326265740108
2025-12-07 10:00:00,0.3531994672055786
2025-12-07 11:00:00,0.434732302029313
2025-12-07 12:00:00,0.45711198538743797
2025-12-07 13:00:00,0.45565475714335585
2025-12-07 14:00:00,0.3663452430701124
2025-12-07 15:00:00,0.26647473982934944
2025-12-07 16:00:00,0.11852248780564126
2025-12-07 17:00:00,0.0
2025-12-07 18:00:00,0.0
2025-12-07 19:00:00,0.0
2025-12-07 20:00:00,0.0
2025-12-07 21:00:00,0.0
2025-12-07 22:00:00,0.0
2025-12-07 23:00:00,0.0
2025-12-08 00:00:00,0.0
2025-12-08 01:00:00,0.0
2025-12-08 02:00:00,0.0
2025-12-08 03:00:00,0.0
2025-12-08 04:00:00,0.0
2025-12-08 05:00:00,0.0
2025-12-08 06:00:00,0.0
2025-12-08 07:00:00,0.0
2025-12-08 08:00:00,0.11994155075294799
2025-12-08 09:00:00,0.2519218056397759
2025-12-08 10:00:00,0.35418565775829525
2025-12-08 11:00:00,0.43311387153735953
2025-12-08 12:00:00,0.4748134296423164
2025-12-08 13:00:00,0.4524813343853234
2025-12-08 14:00:00,0.3725071407926755
2025-12-08 15:00:00,0.26628080139933263
2025-12-08 16:00:00,0.1240262654915199
2025-12-08 17:00:00,0.0
2025-12-08 18:00:00,0.0
2025-12-08 19:00:00,0.0
2025-12-08 20:00:00,0.0
2025-12-08 21:00:00,0.0
2025-12-08 22:00:00,0.0
2025-12-08 23:00:00,0.0
2025-12-09 00:00:00,0.0
2025-12-09 01:00:00,0.0
2025-12-09 02:00:00,0.0
2025-12-09 03:00:00,0.0
2025-12-09 04:00:00,0.0
2025-12-09 05:00:00,0.0
2025-12-09 06:00:00,0.0
2025-12-09 07:00:00,0.0
2025-12-09 08:00:00,0.03296145073121282
2025-12-09 09:00:00,0.07160761937060335
2025-12-09 10:00:00,0.10522375788777381
2025-12-09 11:00:00,0.12711017257023985
2025-12-09 12:00:00,0.1326929527147857
2025-12-09 13:00:00,0.1254483519199512
2025-12-09 14:00:00,0.10339470281130324
2025-12-09 15:00:00,0.06869189198928648
2025-12-09 16:00:00,0.033874876074883015
2025-12-09 17:00:00,0.0
2025-12-09 18:00:00,0.0
2025-12-09 19:00:00,0.0
2025-12-09 20:00:00,0.0
2025-12-09 21:00:00,0.0
2025-12-09 22:00:00,0.0
2025-12-09 23:00:00,0.0
2025-12-10 00:00:00,0.0
2025-12-10 01:00:00,0.0
2025-12-10 02:00:00,0.0
2025-12-10 03:00:00,0.0
2025-12-10 04:00:00,0.0
2025-12-10 05:00:00,0.0
2025-12-10 06:00:00,0.0
2025-12-10 07:00:00,0.0
2025-12-10 08:00:00,0.11810553015525985
2025-12-10 09:00:00,0.25508720306573224
2025-12-10 10:00:00,0.336159535611108
2025-12-10 11:00:00,0.44108493742418775
2025-12-10 12:00:00,0.45684069213955897
2025-12-10 13:00:00,0.45462158737126657
2025-12-10 14:00:00,0.36879146292084086
2025-12-10 15:00:00,0.2594455540142654
2025-12-10 16:00:00,0.11318658537778739
2025-12-10 17:00:00,0.0
2025-12-10 18:00:00,0.0
2025-12-10 19:00:00,0.0
2025-12-10 20:00:00,0.0
2025-12-10 21:00:00,0.0
2025-12-10 22:00:00,0.0
2025-12-10 23:00:00,0.0
2025-12-11 00:00:00,0.0
2025-12-11 01:00:00,0.0
2025-12-11 02:00:00,0.0
2025-12-11 03:00:00,0.0
2025-12-11 04:00:00,0.0
2025-12-11 05:00:00,0.0
2025-12-11 06:00:00,0.0
2025-12-11 07:00:00,0.0
2025-12-11 08:00:00,0.12416738421531455
2025-12-11 09:00:00,0.262305164711942
2025-12-11 10:00:00,0.4077170514431382
2025-12-11 11:00:00,0.47586991414478735
2025-12-11 12:00:00,0.5063174957577105
2025-12-11 13:00:00,0.47950836648742984
2025-12-11 14:00:00,0.38024363214061185
2025-12-11 15:00:00,0.27768794045666095
2025-12-11 16:00:00,0.12850960792152555
2025-12-11 17:00:00,0.0
2025-12-11 18:00:00,0.0
2025-12-11 19:00:00,0.0
2025-12-11 20:00:00,0.0
2025-12-11 21:00:00,0.0
2025-12-11 22:00:00,0.0
2025-12-11 23:00:00,0.0
2025-12-12 00:00:00,0.0
2025-12-12 01:00:00,0.0
2025-12-12 02:00:00,0.0
2025-12-12 03:00:00,0.0
2025-12-12 04:00:00,0.0
2025-12-12 05:00:00,0.0
2025-12-12 06:00:00,0.0
2025-12-12 07:00:00,0.0
2025-12-12 08:00:00,0.04325543387846309
2025-12-12 09:00:00,0.10371809272968285
2025-12-12 10:00:00,0.15115818324810354
2025-12-12 11:00:00,0.18440050629943278
2025-12-12 12:00:00,0.184423189043687
2025-12-12 13:00:00,0.17866677334935127
2025-12-12 14:00:00,0.15142240873364243
2025-12-12 15:00:00,0.09958604166565987
2025-12-12 16:00:00,0.04809575928702955
2025-12-12 17:00:00,0.0
2025-12-12 18:00:00,0.0
2025-12-12 19:00:00,0.0
2025-12-12 20:00:00,0.0
2025-12-12 21:00:00,0.0
2025-12-12 22:00:00,0.0
2025-12-12 23:00:00,0.0
2025-12-13 00:00:00,0.0
2025-12-13 01:00:00,0.0
2025-12-13 02:00:00,0.0
2025-12-13 03:00:00,0.0
2025-12-13 04:00:00,0.0
2025-12-13 05:00:00,0.0
2025-12-13 06:00:00,0.0
2025-12-13 07:00:00,0.0
2025-12-13 08:00:00,0.07748564159246706
2025-12-13 09:00:00,0.1668689010450619
2025-12-13 10:00:00,0.24785860844607488
2025-12-13 11:00:00,0.30176738612599885
2025-12-13 12:00:00,0.32445485769098514
2025-12-13 13:00:00,0.3035788849706649
2025-12-13 14:00:00,0.25925282684384465
2025-12-13 15:00:00,0.17014614668142017
2025-12-13 16:00:00,0.0784207944340402
2025-12-13 17:00:00,0.0
2025-12-13 18:00:00,0.0
2025-12-13 19:00:00,0.0
2025-12-13 20:00:00,0.0
2025-12-13 21:00:00,0.0
2025-12-13 22:00:00,0.0
2025-12-13 23:00:00,0.0
2025-12-14 00:00:00,0.0
2025-12-14 01:00:00,0.0
2025-12-14 02:00:00,0.0
2025-12-14 03:00:00,0.0
2025-12-14 04:00:00,0.0
2025-12-14 05:00:00,0.0
2025-12-14 06:00:00,0.0
2025-12-14 07:00:00,0.0
2025-12-14 08:00:00,0.10569069833868347
2025-12-14 09:00:00,0.23599589840676843
2025-12-14 10:00:00,0.33283279380362957
2025-12-14 11:00:00,0.41067424504896777
2025-12-14 12:00:00,0.3989103202356841
2025-12-14 13:00:00,0.41168128402205195
2025-12-14 14:00:00,0.33326897905409847
2025-12-14 15:00:00,0.23394902274629614
2025-12-14 16:00:00,0.11064961500999891
2025-12-14 17:00:00,0.0
2025-12-14 18:00:00,0.0
2025-12-14 19:00:00,0.0
2025-12-14 20:00:00,0.0
2025-12-14 21:00:00,0.0
2025-12-14 22:00:00,0.0
2025-12-14 23:00:00,0.0
2025-12-15 00:00:00,0.0
2025-12-15 01:00:00,0.0
2025-12-15 02:00:00,0.0
2025-12-15 03:00:00,0.0
2025-12-15 04:00:00,0.0
2025-12-15 05:00:00,0.0
2025-12-15 06:00:00,0.0
2025-12-15 07:00:00,0.0
2025-12-15 08:00:00,0.12378003117793655
2025-12-15 09:00:00,0.2601585055784455
2025-12-15 10:00:00,0.3682191638092645
2025-12-15 11:00:00,0.43207968757671167
2025-12-15 12:00:00,0.5092821850689125
2025-12-15 13:00:00,0.4609882065606637
2025-12-15 14:00:00,0.36947368463380487
2025-12-15 15:00:00,0.27511990119536456
2025-12-15 16:00:00,0.12282578232373959
2025-12-15 17:00:00,0.0
2025-12-15 18:00:00,0.0
2025-12-15 19:00:00,0.0
2025-12-15 20:00:00,0.0
2025-12-15 21:00:00,0.0
2025-12-15 22:00:00,0.0
2025-12-15 23:00:00,0.0
2025-12-16 00:00:00,0.0
2025-12-16 01:00:00,0.0
2025-12-16 02:00:00,0.0
2025-12-16 03:00:00,0.0
2025-12-16 04:00:00,0.0
2025-12-16 05:00:00,0.0
2025-12-16 06:00:00,0.0
2025-12-16 07:00:00,0.0
2025-12-16 08:00:00,0.031763492456231626
2025-12-16 09:00:00,0.07289103910212015
2025-12-16 10:00:00,0.09987482215937774
2025-12-16 11:00:00,0.11997684605313517
2025-12-16 12:00:00,0.12396412486902068
2025-12-16 13:00:00,0.12339328337852794
2025-12-16 14:00:00,0.10035949738369794
2025-12-16 15:00:00,0.06868648704737321
2025-12-16 16:00:00,0.03100905301360602
2025-12-16 17:00:00,0.0
2025-12-16 18:00:00,0.0
2025-12-16 19:00:00,0.0
2025-12-16 20:00:00,0.0
2025-12-16 21:00:00,0.0
2025-12-16 22:00:00,0.0
2025-12-16 23:00:00,0.0
2025-12-17 00:00:00,0.0
2025-12-17 01:00:00,0.0
2025-12-17 02:00:00,0.0
2025-12-17 03:00:00,0.0
2025-12-17 04:00:00,0.0
2025-12-17 05:00:00,0.0
2025-12-17 06:00:00,0.0
2025-12-17 07:00:00,0.0
2025-12-17 08:00:00,0.12515910556004411
2025-12-17 09:00:00,0.27665019989676426
2025-12-17 10:00:00,0.38566419607632874
2025-12-17 11:00:00,0.47205167812641435
2025-12-17 12:00:00,0.49932450209030965
2025-12-17 13:00:00,0.46402920632191097
2025-12-17 14:00:00,0.3877381538078326
2025-12-17 15:00:00,0.2681121961631859
2025-12-17 16:00:00,0.11735297637931635
2025-12-17 17:00:00,0.0
2025-12-17 18:00:00,0.0
2025-12-17 19:00:00,0.0
2025-12-17 20:00:00,0.0
2025-12-17 21:00:00,0.0
2025-12-17 22:00:00,0.0
2025-12-17 23:00:00,0.0
2025-12-18 00:00:00,0.0
2025-12-18 01:00:00,0.0
2025-12-18 02:00:00,0.0
2025-12-18 03:00:00,0.0
2025-12-18 04:00:00,0.0
2025-12-18 05:00:00,0.0
2025-12-18 06:00:00,0.0
2025-12-18 07:00:00,0.0
2025-12-18 08:00:00,0.10125187267731045
2025-12-18 09:00:00,0.24237943637535467
2025-12-18 10:00:00,0.3515906985600071
2025-12-18 11:00:00,0.4300162544339633
2025-12-18 12:00:00,0.4569719078992102
2025-12-18 13:00:00,0.42575852064142267
2025-12-18 14:00:00,0.33973516083909133
2025-12-18 15:00:00,0.23234787270332316
2025-12-18 16:00:00,0.1094287119053378
2025-12-18 17:00:00,0.0
2025-12-18 18:00:00,0.0
2025-12-18 19:00:00,0.0
2025-12-18 20:00:00,0.0
2025-12-18 21:00:00,0.0
2025-12-18 22:00:00,0.0
2025-12-18 23:00:00,0.0
2025-12-19 00:00:00,0.0
2025-12-19 01:00:00,0.0
2025-12-19 02:00:00,0.0
2025-12-19 03:00:00,0.0
2025-12-19 04:00:00,0.0
2025-12-19 05:00:00,0.0
2025-12-19 06:00:00,0.0
2025-12-19 07:00:00,0.0
2025-12-19 08:00:00,0.0976259191943395
2025-12-19 09:00:00,0.24774182353856242
2025-12-19 10:00:00,0.3348511683285641
2025-12-19 11:00:00,0.36923677970637137
2025-12-19 12:00:00,0.41693286416968073
2025-12-19 13:00:00,0.3924369378257692
2025-12-19 14:00:00,0.3296582465042558
2025-12-19 15:00:00,0.2305402148759124
2025-12-19 16:00:00,0.10257095263969195
2025-12-19 17:00:00,0.0
2025-12-19 18:00:00,0.0
2025-12-19 19:00:00,0.0
2025-12-19 20:00:00,0.0
2025-12-19 21:00:00,0.0
2025-12-19 22:00:00,0.0
2025-12-19 23:00:00,0.0
2025-12-20 00:00:00,0.0
2025-12-20 01:00:00,0.0
2025-12-20 02:00:00,0.0
2025-12-20 03:00:00,0.0
2025-12-20 04:00:00,0.0
2025-12-20 05:00:00,0.0
2025-12-20 06:00:00,0.0
2025-12-20 07:00:00,0.0
2025-12-20 08:00:00,0.11708821017443254
2025-12-20 09:00:00,0.2515135452507837
2025-12-20 10:00:00,0.37955124129471285
2025-12-20 11:00:00,0.44465357255016874
2025-12-20 12:00:00,0.4572096902268136
2025-12-20 13:00:00,0.42019243459613015
2025-12-20 14:00:00,0.35081956029278427
2025-12-20 15:00:00,0.25235267768860786
2025-12-20 16:00:00,0.11196290553439674
2025-12-20 17:00:00,0.0
2025-12-20 18:00:00,0.0
2025-12-20 19:00:00,0.0
2025-12-20 20:00:00,0.0
2025-12-20 21:00:00,0.0
2025-12-20 22:00:00,0.0
2025-12-20 23:00:00,0.0
2025-12-21 00:00:00,0.0
2025-12-21 01:00:00,0.0
2025-12-21 02:00:00,0.0
2025-12-21 03:00:00,0.0
2025-12-21 04:00:00,0.0
2025-12-21 05:00:00,0.0
2025-12-21 06:00:00,0.0
2025-12-21 07:00:00,0.0
2025-12-21 08:00:00,0.041215003703041264
2025-12-21 09:00:00,0.09367622225411959
2025-12-21 10:00:00,0.14203083760792606
2025-12-21 11:00:00,0.1717185799980756
2025-12-21 12:00:00,0.1799983445059737
2025-12-21 13:00:00,0.17396287798269344
2025-12-21 14:00:00,0.1419691208996811
2025-12-21 15:00:00,0.09499533516328214
2025-12-21 16:00:00,0.04443162333252246
2025-12-21 17:00:00,0.0
2025-12-21 18:00:00,0.0
2025-12-21 19:00:00,0.0
2025-12-21 20:00:00,0.0
2025-12-21 21:00:00,0.0
2025-12-21 22:00:00,0.0
2025-12-21 23:00:00,0.0
2025-12-22 00:00:00,0.0
2025-12-22 01:00:00,0.0
2025-12-22 02:00:00,0.0
2025-12-22 03:00:00,0.0
2025-12-22 04:00:00,0.0
2025-12-22 05:00:00,0.0
2025-12-22 06:00:00,0.0
2025-12-22 07:00:00,0.0
2025-12-22 08:00:00,0.12244873552405781
2025-12-22 09:00:00,0.2713571033730018
2025-12-22 10:00:00,0.4010301630659938
2025-12-22 11:00:00,0.4646133895131692
2025-12-22 12:00:00,0.4945010740452523
2025-12-22 13:00:00,0.47973831879186474
2025-12-22 14:00:00,0.3838601462841233
2025-12-22 15:00:00,0.26770497621463213
2025-12-22 16:00:00,0.12300789932275677
2025-12-22 17:00:00,0.0
2025-12-22 18:00:00,0.0
2025-12-22 19:00:00,0.0
2025-12-22 20:00:00,0.0
2025-12-22 21:00:00,0.0
2025-12-22 22:00:00,0.0
2025-12-22 23:00:00,0.0
2025-12-23 00:00:00,0.0
2025-12-23 01:00:00,0.0
2025-12-23 02:00:00,0.0
2025-12-23 03:00:00,0.0
2025-12-23 04:00:00,0.0
2025-12-23 05:00:00,0.0
2025-12-23 06:00:00,0.0
2025-12-23 07:00:00,0.0
2025-12-23 08:00:00,0.12233178311658532
2025-12-23 09:00:00,0.2849526872783068
2025-12-23 10:00:00,0.38907928652408125
2025-12-23 11:00:00,0.4441194699295319
2025-12-23 12:00:00,0.5157469053091882
2025-12-23 13:00:00,0.44785537932625247
2025-12-23 14:00:00,0.3814025149399639
2025-12-23 15:00:00,0.27111761294938347
2025-12-23 16:00:00,0.12232196574011119
2025-12-23 17:00:00,0.0
2025-12-23 18:00:00,0.0
2025-12-23 19:00:00,0.0
2025-12-23 20:00:00,0.0
2025-12-23 21:00:00,0.0
2025-12-23 22:00:00,0.0
2025-12-23 23:00:00,0.0
2025-12-24 00:00:00,0.0
2025-12-24 01:00:00,0.0
2025-12-24 02:00:00,0.0
2025-12-24 03:00:00,0.0
2025-12-24 04:00:00,0.0
2025-12-24 05:00:00,0.0
2025-12-24 06:00:00,0.0
2025-12-24 07:00:00,0.0
2025-12-24 08:00:00,0.11413311426255218
2025-12-24 09:00:00,0.24290125114793498
2025-12-24 10:00:00,0.3700783076706476
2025-12-24 11:00:00,0.4239210132198089
2025-12-24 12:00:00,0.4501922190201145
2025-12-24 13:00:00,0.44164994051732487
2025-12-24 14:00:00,0.38359112489826935
2025-12-24 15:00:00,0.26938502971636985
2025-12-24 16:00:00,0.11008434725495338
2025-12-24 17:00:00,0.0
2025-12-24 18:00:00,0.0
2025-12-24 19:00:00,0.0
2025-12-24 20:00:00,0.0
2025-12-24 21:00:00,0.0
2025-12-24 22:00:00,0.0
2025-12-24 23:00:00,0.0
2025-12-25 00:00:00,0.0
2025-12-25 01:00:00,0.0
2025-12-25 02:00:00,0.0
2025-12-25 03:00:00,0.0
2025-12-25 04:00:00,0.0
2025-12-25 05:00:00,0.0
2025-12-25 06:00:00,0.0
2025-12-25 07:00:00,0.0
2025-12-25 08:00:00,0.1193060513217632
2025-12-25 09:00:00,0.2720737619538811
2025-12-25 10:00:00,0.39612462032432966
2025-12-25 11:00:00,0.45831867066425264
2025-12-25 12:00:00,0.47312422198802234
2025-12-25 13:00:00,0.46499665973765103
2025-12-25 14:00:00,0.3897321412037265
2025-12-25 15:00:00,0.2763688966710563
2025-12-25 16:00:00,0.1175244893620322
2025-12-25 17:00:00,0.0
2025-12-25 18:00:00,0.0
2025-12-25 19:00:00,0.0
2025-12-25 20:00:00,0.0
2025-12-25 21:00:00,0.0
2025-12-25 22:00:00,0.0
2025-12-25 23:00:00,0.0
2025-12-26 00:00:00,0.0
2025-12-26 01:00:00,0.0
2025-12-26 02:00:00,0.0
2025-12-26 03:00:00,0.0
2025-12-26 04:00:00,0.0
2025-12-26 05:00:00,0.0
2025-12-26 06:00:00,0.0
2025-12-26 07:00:00,0.0
2025-12-26 08:00:00,0.11230794588845297
2025-12-26 09:00:00,0.2364947425945589
2025-12-26 10:00:00,0.33361122898607787
2025-12-26 11:00:00,0.3896892539879772
2025-12-26 12:00:00,0.4553735658153725
2025-12-26 13:00:00,0.40117274312108664
2025-12-26 14:00:00,0.36157626496376466
2025-12-26 15:00:00,0.23911377707975026
2025-12-26 16:00:00,0.106970156425767
2025-12-26 17:00:00,0.0
2025-12-26 18:00:00,0.0
2025-12-26 19:00:00,0.0
2025-12-26 20:00:00,0.0
2025-12-26 21:00:00,0.0
2025-12-26 22:00:00,0.0
2025-12-26 23:00:00,0.0
2025-12-27 00:00:00,0.0
2025-12-27 01:00:00,0.0
2025-12-27 02:00:00,0.0
2025-12-27 03:00:00,0.0
2025-12-27 04:00:00,0.0
2025-12-27 05:00:00,0.0
2025-12-27 06:00:00,0.0
2025-12-27 07:00:00,0.0
2025-12-27 08:00:00,0.12087184495009087
2025-12-27 09:00:00,0.26388477314212255
2025-12-27 10:00:00,0.379973812316175
2025-12-27 11:00:00,0.444434647066088
2025-12-27 12:00:00,0.48545571366948503
2025-12-27 13:00:00,0.46495776585992493
2025-12-27 14:00:00,0.37970915275513945
2025-12-27 15:00:00,0.2529653790362456
2025-12-27 16:00:00,0.11607707599967766
2025-12-27 17:00:00,0.0
2025-12-27 18:00:00,0.0
2025-12-27 19:00:00,0.0
2025-12-27 20:00:00,0.0
2025-12-27 21:00:00,0.0
2025-12-27 22:00:00,0.0
2025-12-27 23:00:00,0.0
2025-12-28 00:00:00,0.0
2025-12-28 01:00:00,0.0
2025-12-28 02:00:00,0.0
2025-12-28 03:00:00,0.0
2025-12-28 04:00:00,0.0
2025-12-28 05:00:00,0.0
2025-12-28 06:00:00,0.0
2025-12-28 07:00:00,0.0
2025-12-28 08:00:00,0.033448479444396564
2025-12-28 09:00:00,0.07217387931639357
2025-12-28 10:00:00,0.10085090595154637
2025-12-28 11:00:00,0.11642929250841096
2025-12-28 12:00:00,0.12545955833158545
2025-12-28 13:00:00,0.11701530049006834
2025-12-28 14:00:00,0.10008201344295936
2025-12-28 15:00:00,0.06995964063282394
2025-12-28 16:00:00,0.031040632254571005
2025-12-28 17:00:00,0.0
2025-12-28 18:00:00,0.0
2025-12-28 19:00:00,0.0
2025-12-28 20:00:00,0.0
2025-12-28 21:00:00,0.0
2025-12-28 22:00:00,0.0
2025-12-28 23:00:00,0.0
2025-12-29 00:00:00,0.0
2025-12-29 01:00:00,0.0
2025-12-29 02:00:00,0.0
2025-12-29 03:00:00,0.0
2025-12-29 04:00:00,0.0
2025-12-29 05:00:00,0.0
2025-12-29 06:00:00,0.0
2025-12-29 07:00:00,0.0
2025-12-29 08:00:00,0.06360125826093349
2025-12-29 09:00:00,0.13032910474615045
2025-12-29 10:00:00,0.19792585381038819
2025-12-29 11:00:00,0.23186256069987277
2025-12-29 12:00:00,0.2533642056270553
2025-12-29 13:00:00,0.23241034539829816
2025-12-29 14:00:00,0.20246077993773948
2025-12-29 15:00:00,0.142274603663336
2025-12-29 16:00:00,0.06493564075670027
2025-12-29 17:00:00,0.0
2025-12-29 18:00:00,0.0
2025-12-29 19:00:00,0.0
2025-12-29 20:00:00,0.0
2025-12-29 21:00:00,0.0
2025-12-29 22:00:00,0.0
2025-12-29 23:00:00,0.0
2025-12-30 00:00:00,0.0
2025-12-30 01:00:00,0.0
2025-12-30 02:00:00,0.0
2025-12-30 03:00:00,0.0
2025-12-30 04:00:00,0.0
2025-12-30 05:00:00,0.0
2025-12-30 06:00:00,0.0
2025-12-30 07:00:00,0.0
2025-12-30 08:00:00,0.1261089276321514
2025-12-30 09:00:00,0.27710469685780126
2025-12-30 10:00:00,0.40252985037031763
2025-12-30 11:00:00,0.46662346673904004
2025-12-30 12:00:00,0.5190399070054861
2025-12-30 13:00:00,0.47970135832670896
2025-12-30 14:00:00,0.38026172137871245
2025-12-30 15:00:00,0.2742157826478913
2025-12-30 16:00:00,0.12441953754443144
2025-12-30 17:00:00,0.0
2025-12-30 18:00:00,0.0
2025-12-30 19:00:00,0.0
2025-12-30 20:00:00,0.0
2025-12-30 21:00:00,0.0
2025-12-30 22:00:00,0.0
2025-12-30 23:00:00,0.0
2025-12-31 00:00:00,0.0
2025-12-31 01:00:00,0.0
2025-12-31 02:00:00,0.0
2025-12-31 03:00:00,0.0
2025-12-31 04:00:00,0.0
2025-12-31 05:00:00,0.0
2025-12-31 06:00:00,0.0
2025-12-31 07:00:00,0.0
2025-12-31 08:00:00,0.11488523942168447
2025-12-31 09:00:00,0.24279535856961038
2025-12-31 10:00:00,0.3564062597380535
2025-12-31 11:00:00,0.4133832601580977
2025-12-31 12:00:00,0.4599753640848826
2025-12-31 13:00:00,0.40089038045018327
2025-12-31 14:00:00,0.36068091602147173
2025-12-31 15:00:00,0.24517906403911588
2025-12-31 16:00:00,0.1149476251760648
2025-12-31 17:00:00,0.0
2025-12-31 18:00:00,0.0
2025-12-31 19:00:00,0.0
2025-12-31 20:00:00,0.0
2025-12-31 21:00:00,0.0
2025-12-31 22:00:00,0.0
2025-12-31 23:00:00,0.0
