timestamp,wind_cf
2025-01-01 00:00:00,0.17349784841761792
2025-01-01 01:00:00,0.021773315175306226
2025-01-01 02:00:00,0.09400340954807689
2025-01-01 03:00:00,0.15425217725921145
2025-01-01 04:00:00,0.23800479060765828
2025-01-01 05:00:00,0.672371904134636
2025-01-01 06:00:00,0.4891686130391929
2025-01-01 07:00:00,0.6665869243106491
2025-01-01 08:00:00,0.6222478363701921
2025-01-01 09:00:00,0.5290113698775712
2025-01-01 10:00:00,1.0
2025-01-01 11:00:00,1.0
2025-01-01 12:00:00,1.0
2025-01-01 13:00:00,1.0
2025-01-01 14:00:00,1.0
2025-01-01 15:00:00,1.0
2025-01-01 16:00:00,1.0
2025-01-01 17:00:00,1.0
2025-01-01 18:00:00,0.06557372225044791
2025-01-01 19:00:00,0.3316989186870904
2025-01-01 20:00:00,0.17092249941837448
2025-01-01 21:00:00,0.13437065702999132
2025-01-01 22:00:00,0.10886579581862094
2025-01-01 23:00:00,0.041360464037802754
2025-01-02 00:00:00,0.06903219093475127
2025-01-02 01:00:00,0.07257292576566811
2025-01-02 02:00:00,0.027945664957663877
2025-01-02 03:00:00,0.044950140668087266
2025-01-02 04:00:00,0.0506242001020484
2025-01-02 05:00:00,0.17021313961213438
2025-01-02 06:00:00,0.031434222791140394
2025-01-02 07:00:00,0.007558592082322846
2025-01-02 08:00:00,0.047348545775500905
2025-01-02 09:00:00,0.019107991257701275
2025-01-02 10:00:00,0.002479422392084874
2025-01-02 11:00:00,0.00037918721347248173
2025-01-02 12:00:00,0.0010913550824956492
2025-01-02 13:00:00,0.0022560130002504965
2025-01-02 14:00:00,0.0025389140544496676
2025-01-02 15:00:00,0.0
2025-01-02 16:00:00,0.006789820191540154
2025-01-02 17:00:00,0.0990714089520973
2025-01-02 18:00:00,0.0022803282338210943
2025-01-02 19:00:00,0.0
2025-01-02 20:00:00,0.0028743791909481265
2025-01-02 21:00:00,0.09969775029567789
2025-01-02 22:00:00,0.0008172494887042636
2025-01-02 23:00:00,0.023237717483692254
2025-01-03 00:00:00,0.22160297410733884
2025-01-03 01:00:00,0.08910155491041269
2025-01-03 02:00:00,0.40463997150133846
2025-01-03 03:00:00,0.32820924143354724
2025-01-03 04:00:00,0.39351560459061613
2025-01-03 05:00:00,0.20234454486210954
2025-01-03 06:00:00,0.4438653578872932
2025-01-03 07:00:00,0.7079518047819132
2025-01-03 08:00:00,1.0
2025-01-03 09:00:00,1.0
2025-01-03 10:00:00,1.0
2025-01-03 11:00:00,1.0
2025-01-03 12:00:00,1.0
2025-01-03 13:00:00,1.0
2025-01-03 14:00:00,1.0
2025-01-03 15:00:00,1.0
2025-01-03 16:00:00,0.6147732512458471
2025-01-03 17:00:00,0.28046206368488313
2025-01-03 18:00:00,0.7065852315926604
2025-01-03 19:00:00,0.8422163408895146
2025-01-03 20:00:00,0.5050673484001049
2025-01-03 21:00:00,0.4191144933038647
2025-01-03 22:00:00,0.3191825776159352
2025-01-03 23:00:00,0.5386638868037171
2025-01-04 00:00:00,0.2522045952982591
2025-01-04 01:00:00,0.3241547962537636
2025-01-04 02:00:00,0.3853572016188273
2025-01-04 03:00:00,0.17499275547274018
2025-01-04 04:00:00,0.5984803163399937
2025-01-04 05:00:00,0.44175332373732096
2025-01-04 06:00:00,0.1795628259852179
2025-01-04 07:00:00,0.36685463836500987
2025-01-04 08:00:00,0.3577708446563937
2025-01-04 09:00:00,0.4524755929246735
2025-01-04 10:00:00,0.15348399789876713
2025-01-04 11:00:00,0.31828509921828646
2025-01-04 12:00:00,1.0
2025-01-04 13:00:00,0.4797193789984641
2025-01-04 14:00:00,0.5587792549320075
2025-01-04 15:00:00,0.2836437022134496
2025-01-04 16:00:00,1.0
2025-01-04 17:00:00,1.0
2025-01-04 18:00:00,1.0
2025-01-04 19:00:00,0.9372891485529855
2025-01-04 20:00:00,0.4401875298036701
2025-01-04 21:00:00,0.6669866882834027
2025-01-04 22:00:00,0.21501257073178376
2025-01-04 23:00:00,0.04569539369496987
2025-01-05 00:00:00,0.0546677546429565
2025-01-05 01:00:00,0.074796499982868
2025-01-05 02:00:00,0.1272575515011244
2025-01-05 03:00:00,0.07959410746494906
2025-01-05 04:00:00,0.22405403771578103
2025-01-05 05:00:00,0.09033558190555536
2025-01-05 06:00:00,0.18680530928264907
2025-01-05 07:00:00,0.22548076265378456
2025-01-05 08:00:00,0.3593780645458705
2025-01-05 09:00:00,0.7457706808066513
2025-01-05 10:00:00,0.49454987937876715
2025-01-05 11:00:00,0.2741597902499192
2025-01-05 12:00:00,0.03901187127176165
2025-01-05 13:00:00,3.3994172860985305e-10
2025-01-05 14:00:00,1.590351348714492e-05
2025-01-05 15:00:00,0.00020930960930349112
2025-01-05 16:00:00,0.0
2025-01-05 17:00:00,0.0
2025-01-05 18:00:00,0.004898649316880434
2025-01-05 19:00:00,0.04869331084763734
2025-01-05 20:00:00,0.004045161428195917
2025-01-05 21:00:00,0.001743678285862313
2025-01-05 22:00:00,0.013270589764068296
2025-01-05 23:00:00,0.0038823223816755576
2025-01-06 00:00:00,0.00015009019230653994
2025-01-06 01:00:00,8.167143567007457e-05
2025-01-06 02:00:00,0.024344047912340867
2025-01-06 03:00:00,0.14704773027174387
2025-01-06 04:00:00,0.06383307591676797
2025-01-06 05:00:00,0.12344416245792966
2025-01-06 06:00:00,0.12722661985699632
2025-01-06 07:00:00,0.0354644745663152
2025-01-06 08:00:00,0.026624724048406063
2025-01-06 09:00:00,0.00096766930365739
2025-01-06 10:00:00,0.043883668181518856
2025-01-06 11:00:00,0.27552411604866217
2025-01-06 12:00:00,0.18351855347596793
2025-01-06 13:00:00,0.09203249996125318
2025-01-06 14:00:00,0.27547748834730984
2025-01-06 15:00:00,0.6333788369856298
2025-01-06 16:00:00,0.24985600493762783
2025-01-06 17:00:00,0.2121190638198224
2025-01-06 18:00:00,0.19733126207863108
2025-01-06 19:00:00,0.08651224887131309
2025-01-06 20:00:00,0.14302200257193795
2025-01-06 21:00:00,0.06477960261934107
2025-01-06 22:00:00,0.033055014626469384
2025-01-06 23:00:00,0.03487252650155872
2025-01-07 00:00:00,0.0005966458145987658
2025-01-07 01:00:00,0.0
2025-01-07 02:00:00,5.076924340882878e-07
2025-01-07 03:00:00,0.0
2025-01-07 04:00:00,0.052839934380538044
2025-01-07 05:00:00,0.41521102027214724
2025-01-07 06:00:00,0.25839712619722727
2025-01-07 07:00:00,1.0
2025-01-07 08:00:00,1.0
2025-01-07 09:00:00,0.9704890792005197
2025-01-07 10:00:00,0.11462605334683768
2025-01-07 11:00:00,0.23390659805179295
2025-01-07 12:00:00,0.2338815725284879
2025-01-07 13:00:00,0.32506348152537207
2025-01-07 14:00:00,0.2547632196064572
2025-01-07 15:00:00,0.07524373042585976
2025-01-07 16:00:00,0.04652395621474608
2025-01-07 17:00:00,0.12951440654037374
2025-01-07 18:00:00,0.08993856061306918
2025-01-07 19:00:00,0.061555085406369336
2025-01-07 20:00:00,0.0027375942665543913
2025-01-07 21:00:00,0.007785600987646284
2025-01-07 22:00:00,4.5543078489458315e-05
2025-01-07 23:00:00,0.01605109937812031
2025-01-08 00:00:00,0.0035123436908613723
2025-01-08 01:00:00,0.0027431371557988427
2025-01-08 02:00:00,0.18398678777594807
2025-01-08 03:00:00,0.1351000380847708
2025-01-08 04:00:00,0.08465924612250843
2025-01-08 05:00:00,0.17176266570681567
2025-01-08 06:00:00,0.013354486436776955
2025-01-08 07:00:00,0.11989402054977534
2025-01-08 08:00:00,0.31090874586985173
2025-01-08 09:00:00,0.4380442885102147
2025-01-08 10:00:00,0.0025148136503716553
2025-01-08 11:00:00,0.002302797822115995
2025-01-08 12:00:00,0.0
2025-01-08 13:00:00,0.00920509590285363
2025-01-08 14:00:00,0.08104716734452984
2025-01-08 15:00:00,0.13647511790718372
2025-01-08 16:00:00,0.028198804378658685
2025-01-08 17:00:00,0.21280248232504273
2025-01-08 18:00:00,0.1631986955309178
2025-01-08 19:00:00,0.6596652804479756
2025-01-08 20:00:00,0.6976677699349106
2025-01-08 21:00:00,0.84344848660709
2025-01-08 22:00:00,0.5596930815835975
2025-01-08 23:00:00,1.0
2025-01-09 00:00:00,1.0
2025-01-09 01:00:00,1.0
2025-01-09 02:00:00,1.0
2025-01-09 03:00:00,1.0
2025-01-09 04:00:00,1.0
2025-01-09 05:00:00,1.0
2025-01-09 06:00:00,1.0
2025-01-09 07:00:00,1.0
2025-01-09 08:00:00,1.0
2025-01-09 09:00:00,1.0
2025-01-09 10:00:00,0.5349735582178816
2025-01-09 11:00:00,0.49852335412419496
2025-01-09 12:00:00,0.4201571318595861
2025-01-09 13:00:00,0.10831629780092861
2025-01-09 14:00:00,0.16788195420720184
2025-01-09 15:00:00,0.8243822355842773
2025-01-09 16:00:00,0.6013296964997273
2025-01-09 17:00:00,0.8644631952518301
2025-01-09 18:00:00,1.0
2025-01-09 19:00:00,1.0
2025-01-09 20:00:00,1.0
2025-01-09 21:00:00,1.0
2025-01-09 22:00:00,1.0
2025-01-09 23:00:00,1.0
2025-01-10 00:00:00,1.0
2025-01-10 01:00:00,0.8388108635282563
2025-01-10 02:00:00,0.42485267327073756
2025-01-10 03:00:00,0.3734522969432712
2025-01-10 04:00:00,0.14276885925181607
2025-01-10 05:00:00,0.0
2025-01-10 06:00:00,0.0
2025-01-10 07:00:00,0.0
2025-01-10 08:00:00,0.0
2025-01-10 09:00:00,0.0
2025-01-10 10:00:00,0.0
2025-01-10 11:00:00,0.0
2025-01-10 12:00:00,0.0
2025-01-10 13:00:00,0.0158701213568064
2025-01-10 14:00:00,0.02504006427999252
2025-01-10 15:00:00,0.004374026910433357
2025-01-10 16:00:00,1.043016140551529e-08
2025-01-10 17:00:00,7.94587246891765e-06
2025-01-10 18:00:00,0.020370942367996372
2025-01-10 19:00:00,0.0036943302132741926
2025-01-10 20:00:00,0.02747328583833981
2025-01-10 21:00:00,0.04090080963866062
2025-01-10 22:00:00,0.37723106533034656
2025-01-10 23:00:00,0.46754646782015247
2025-01-11 00:00:00,0.2499507990576698
2025-01-11 01:00:00,0.4298532402398715
2025-01-11 02:00:00,0.6653792767581008
2025-01-11 03:00:00,0.4579584413881405
2025-01-11 04:00:00,0.15890517518320044
2025-01-11 05:00:00,0.26143532151962084
2025-01-11 06:00:00,0.26575170587240315
2025-01-11 07:00:00,0.048031536031110544
2025-01-11 08:00:00,0.07881767484947913
2025-01-11 09:00:00,0.035302419090389114
2025-01-11 10:00:00,0.0005174790011921179
2025-01-11 11:00:00,0.00027933060258861095
2025-01-11 12:00:00,0.04083006743124483
2025-01-11 13:00:00,0.19717359716130142
2025-01-11 14:00:00,0.4205712883933616
2025-01-11 15:00:00,0.471883683343792
2025-01-11 16:00:00,0.6434370482248576
2025-01-11 17:00:00,0.6156583897030836
2025-01-11 18:00:00,0.24308678253990337
2025-01-11 19:00:00,0.09471828469486528
2025-01-11 20:00:00,0.045788200905974116
2025-01-11 21:00:00,0.24846928119978906
2025-01-11 22:00:00,0.540222058276109
2025-01-11 23:00:00,0.21166427953097608
2025-01-12 00:00:00,0.21829828007658542
2025-01-12 01:00:00,0.1455271084040373
2025-01-12 02:00:00,0.12631692895022806
2025-01-12 03:00:00,0.0698301493567329
2025-01-12 04:00:00,0.3118448904777585
2025-01-12 05:00:00,0.29147494871121704
2025-01-12 06:00:00,0.33063410711294133
2025-01-12 07:00:00,0.37098522661555566
2025-01-12 08:00:00,0.13976501504366626
2025-01-12 09:00:00,0.15972656603558777
2025-01-12 10:00:00,0.3961194408139902
2025-01-12 11:00:00,0.9425528169543244
2025-01-12 12:00:00,0.39419528349900923
2025-01-12 13:00:00,0.0877558129343321
2025-01-12 14:00:00,0.10194875313632636
2025-01-12 15:00:00,0.30743963656051126
2025-01-12 16:00:00,0.38557650020763057
2025-01-12 17:00:00,0.5776540843167234
2025-01-12 18:00:00,0.1778368590302331
2025-01-12 19:00:00,0.09727684727052156
2025-01-12 20:00:00,0.0004604555591081196
2025-01-12 21:00:00,0.0010032546788399665
2025-01-12 22:00:00,0.0
2025-01-12 23:00:00,0.00046814750201920054
2025-01-13 00:00:00,0.06600856577856153
2025-01-13 01:00:00,0.08811467744926077
2025-01-13 02:00:00,0.006438263095865055
2025-01-13 03:00:00,0.024576016787194475
2025-01-13 04:00:00,0.27503343017443693
2025-01-13 05:00:00,0.38343452778746195
2025-01-13 06:00:00,0.7835490540308566
2025-01-13 07:00:00,0.5101582696004965
2025-01-13 08:00:00,0.2376391643074842
2025-01-13 09:00:00,0.21696331924317677
2025-01-13 10:00:00,0.01605378238485011
2025-01-13 11:00:00,0.325849272890117
2025-01-13 12:00:00,0.3435936608226155
2025-01-13 13:00:00,0.5959093450383826
2025-01-13 14:00:00,0.3904771547118034
2025-01-13 15:00:00,0.08397329977102962
2025-01-13 16:00:00,0.35079323644190047
2025-01-13 17:00:00,0.11748079838219988
2025-01-13 18:00:00,0.17495121339008612
2025-01-13 19:00:00,0.2605794929801996
2025-01-13 20:00:00,0.2673190772026091
2025-01-13 21:00:00,0.1216754015643838
2025-01-13 22:00:00,0.10738408132865708
2025-01-13 23:00:00,0.03094310601595339
2025-01-14 00:00:00,0.1129899286638031
2025-01-14 01:00:00,0.20900379485154608
2025-01-14 02:00:00,0.20162851139803054
2025-01-14 03:00:00,0.11211087040613316
2025-01-14 04:00:00,0.6518193767916937
2025-01-14 05:00:00,0.2198359806159341
2025-01-14 06:00:00,0.03369154245623681
2025-01-14 07:00:00,0.03663418524767089
2025-01-14 08:00:00,0.029462631559923777
2025-01-14 09:00:00,0.1492329202004599
2025-01-14 10:00:00,0.2734479389905648
2025-01-14 11:00:00,0.26902827769277615
2025-01-14 12:00:00,0.3836244569110885
2025-01-14 13:00:00,0.5049514471973561
2025-01-14 14:00:00,1.0
2025-01-14 15:00:00,1.0
2025-01-14 16:00:00,0.8746093294705205
2025-01-14 17:00:00,0.8636424712370077
2025-01-14 18:00:00,0.08796918796039178
2025-01-14 19:00:00,0.09145277520324531
2025-01-14 20:00:00,0.2837397934221926
2025-01-14 21:00:00,0.43076758375549923
2025-01-14 22:00:00,0.49159216000902756
2025-01-14 23:00:00,0.6874195193904656
2025-01-15 00:00:00,1.0
2025-01-15 01:00:00,1.0
2025-01-15 02:00:00,1.0
2025-01-15 03:00:00,1.0
2025-01-15 04:00:00,0.29589404736990427
2025-01-15 05:00:00,0.5734912950464568
2025-01-15 06:00:00,0.7193630234814721
2025-01-15 07:00:00,0.7045772261308862
2025-01-15 08:00:00,0.3952496481601555
2025-01-15 09:00:00,0.7032030386792796
2025-01-15 10:00:00,0.5322779136014445
2025-01-15 11:00:00,0.4733408321273979
2025-01-15 12:00:00,0.4176663458912714
2025-01-15 13:00:00,0.5301281710624168
2025-01-15 14:00:00,0.1941375530808435
2025-01-15 15:00:00,0.311493306539529
2025-01-15 16:00:00,0.15506155236206218
2025-01-15 17:00:00,0.07248256421803094
2025-01-15 18:00:00,0.20508717739881607
2025-01-15 19:00:00,0.06834767353347745
2025-01-15 20:00:00,0.19726248732087726
2025-01-15 21:00:00,0.21401382549297393
2025-01-15 22:00:00,0.026890116376528706
2025-01-15 23:00:00,0.18503115278299184
2025-01-16 00:00:00,0.2434897109436217
2025-01-16 01:00:00,0.3265310900401485
2025-01-16 02:00:00,0.6273133085827899
2025-01-16 03:00:00,1.0
2025-01-16 04:00:00,1.0
2025-01-16 05:00:00,1.0
2025-01-16 06:00:00,1.0
2025-01-16 07:00:00,1.0
2025-01-16 08:00:00,0.3366105135066196
2025-01-16 09:00:00,0.37421201397967174
2025-01-16 10:00:00,0.8610045606084504
2025-01-16 11:00:00,1.0
2025-01-16 12:00:00,0.47484497537095477
2025-01-16 13:00:00,0.8698473293808198
2025-01-16 14:00:00,0.6357802836460098
2025-01-16 15:00:00,0.09467203337160733
2025-01-16 16:00:00,0.27258390908807756
2025-01-16 17:00:00,0.10418237236883263
2025-01-16 18:00:00,0.5084432906688106
2025-01-16 19:00:00,0.9404956127700177
2025-01-16 20:00:00,0.7220766731931415
2025-01-16 21:00:00,0.8458116914605563
2025-01-16 22:00:00,1.0
2025-01-16 23:00:00,1.0
2025-01-17 00:00:00,1.0
2025-01-17 01:00:00,1.0
2025-01-17 02:00:00,1.0
2025-01-17 03:00:00,1.0
2025-01-17 04:00:00,1.0
2025-01-17 05:00:00,1.0
2025-01-17 06:00:00,0.838502659005719
2025-01-17 07:00:00,0.7576887296495532
2025-01-17 08:00:00,0.8186869032797904
2025-01-17 09:00:00,0.26719428592282585
2025-01-17 10:00:00,0.4285890847928748
2025-01-17 11:00:00,0.20136499019748155
2025-01-17 12:00:00,0.33210629769994543
2025-01-17 13:00:00,0.6067800663534724
2025-01-17 14:00:00,0.4173275018985898
2025-01-17 15:00:00,0.17212728536736685
2025-01-17 16:00:00,0.5777281386073654
2025-01-17 17:00:00,0.8897905836991289
2025-01-17 18:00:00,0.8544845387838164
2025-01-17 19:00:00,1.0
2025-01-17 20:00:00,1.0
2025-01-17 21:00:00,0.8819266478695421
2025-01-17 22:00:00,0.40523912494784253
2025-01-17 23:00:00,0.347176802804486
2025-01-18 00:00:00,0.5647491926900194
2025-01-18 01:00:00,1.0
2025-01-18 02:00:00,1.0
2025-01-18 03:00:00,1.0
2025-01-18 04:00:00,1.0
2025-01-18 05:00:00,0.694144231389548
2025-01-18 06:00:00,0.23755657310679246
2025-01-18 07:00:00,0.14301291865466448
2025-01-18 08:00:00,0.026956665150441494
2025-01-18 09:00:00,0.3219371772521588
2025-01-18 10:00:00,0.42440823478886414
2025-01-18 11:00:00,0.36605135021285273
2025-01-18 12:00:00,1.0
2025-01-18 13:00:00,0.38946860436818237
2025-01-18 14:00:00,0.32682738289954116
2025-01-18 15:00:00,1.0
2025-01-18 16:00:00,0.8865481782079755
2025-01-18 17:00:00,1.0
2025-01-18 18:00:00,1.0
2025-01-18 19:00:00,1.0
2025-01-18 20:00:00,1.0
2025-01-18 21:00:00,1.0
2025-01-18 22:00:00,1.0
2025-01-18 23:00:00,1.0
2025-01-19 00:00:00,1.0
2025-01-19 01:00:00,0.9570589805121374
2025-01-19 02:00:00,0.8364941031846197
2025-01-19 03:00:00,1.0
2025-01-19 04:00:00,1.0
2025-01-19 05:00:00,1.0
2025-01-19 06:00:00,1.0
2025-01-19 07:00:00,0.5897436487955027
2025-01-19 08:00:00,0.4172932965468476
2025-01-19 09:00:00,0.986677034252183
2025-01-19 10:00:00,0.8107897472148393
2025-01-19 11:00:00,0.25341028767143836
2025-01-19 12:00:00,0.19691169564617242
2025-01-19 13:00:00,0.048832331377538236
2025-01-19 14:00:00,0.00250535953444998
2025-01-19 15:00:00,0.1537985776838376
2025-01-19 16:00:00,0.10744511177788868
2025-01-19 17:00:00,0.13652087710163474
2025-01-19 18:00:00,0.12717288854174824
2025-01-19 19:00:00,0.09970376710595813
2025-01-19 20:00:00,0.03372178370410543
2025-01-19 21:00:00,0.024718250790278073
2025-01-19 22:00:00,0.054251305083640726
2025-01-19 23:00:00,0.27524488487371956
2025-01-20 00:00:00,0.5329338195315513
2025-01-20 01:00:00,0.18303530803658175
2025-01-20 02:00:00,0.4115317592408751
2025-01-20 03:00:00,0.532455974693371
2025-01-20 04:00:00,0.30595045303575047
2025-01-20 05:00:00,0.33581016220137183
2025-01-20 06:00:00,0.48181884948136
2025-01-20 07:00:00,0.45661523667737325
2025-01-20 08:00:00,0.5821373746630001
2025-01-20 09:00:00,0.27876569046023064
2025-01-20 10:00:00,1.0
2025-01-20 11:00:00,0.22853851542354595
2025-01-20 12:00:00,0.3573699238791823
2025-01-20 13:00:00,0.4395376394777651
2025-01-20 14:00:00,0.6257271126174317
2025-01-20 15:00:00,0.3418209250204753
2025-01-20 16:00:00,0.7154778849070156
2025-01-20 17:00:00,0.5963549634627682
2025-01-20 18:00:00,0.21764447605222037
2025-01-20 19:00:00,0.06480979553916312
2025-01-20 20:00:00,0.08511287768339855
2025-01-20 21:00:00,0.004615390518672473
2025-01-20 22:00:00,0.14707167997182727
2025-01-20 23:00:00,0.3712016299553918
2025-01-21 00:00:00,1.0
2025-01-21 01:00:00,1.0
2025-01-21 02:00:00,1.0
2025-01-21 03:00:00,0.8291110898839423
2025-01-21 04:00:00,0.07561063655596752
2025-01-21 05:00:00,0.04822880570549505
2025-01-21 06:00:00,0.3419509809583521
2025-01-21 07:00:00,0.15521404069472095
2025-01-21 08:00:00,0.12665471377571824
2025-01-21 09:00:00,0.06836193843805474
2025-01-21 10:00:00,0.1184317752310384
2025-01-21 11:00:00,0.38571893609835
2025-01-21 12:00:00,0.08289937420167291
2025-01-21 13:00:00,0.008939601490467047
2025-01-21 14:00:00,0.13155514349751055
2025-01-21 15:00:00,0.2681213144822751
2025-01-21 16:00:00,0.20540609741717097
2025-01-21 17:00:00,0.7103009173005506
2025-01-21 18:00:00,0.23265888908413732
2025-01-21 19:00:00,0.4673914721717527
2025-01-21 20:00:00,0.4090169094552924
2025-01-21 21:00:00,0.5770710997903752
2025-01-21 22:00:00,0.05426983110524242
2025-01-21 23:00:00,0.04294441147258856
2025-01-22 00:00:00,0.12705275195131016
2025-01-22 01:00:00,0.1228806633951258
2025-01-22 02:00:00,0.3855346523556615
2025-01-22 03:00:00,0.8028551778819621
2025-01-22 04:00:00,0.3751034159844177
2025-01-22 05:00:00,0.6192592842546933
2025-01-22 06:00:00,0.26926591091995294
2025-01-22 07:00:00,0.270651493518084
2025-01-22 08:00:00,0.43114641629127143
2025-01-22 09:00:00,0.20190452269854406
2025-01-22 10:00:00,0.38053324959655244
2025-01-22 11:00:00,0.23591258786943575
2025-01-22 12:00:00,0.13136995131384605
2025-01-22 13:00:00,0.26194328054701826
2025-01-22 14:00:00,0.11231130232187021
2025-01-22 15:00:00,0.03651464260412799
2025-01-22 16:00:00,0.15806351724882048
2025-01-22 17:00:00,0.17754585194590208
2025-01-22 18:00:00,0.027539821877084973
2025-01-22 19:00:00,0.11110013257475015
2025-01-22 20:00:00,0.07200141294222095
2025-01-22 21:00:00,0.0058026887880744445
2025-01-22 22:00:00,0.0
2025-01-22 23:00:00,1.0511641432602056e-06
2025-01-23 00:00:00,0.0
2025-01-23 01:00:00,0.0
2025-01-23 02:00:00,0.0
2025-01-23 03:00:00,0.0036497035209417977
2025-01-23 04:00:00,0.00015692361838258022
2025-01-23 05:00:00,0.019163772996022076
2025-01-23 06:00:00,0.2927396235393287
2025-01-23 07:00:00,0.7149866474626747
2025-01-23 08:00:00,1.0
2025-01-23 09:00:00,1.0
2025-01-23 10:00:00,0.8499123936482518
2025-01-23 11:00:00,0.7254282362443514
2025-01-23 12:00:00,0.8396881703563939
2025-01-23 13:00:00,0.31499187197942574
2025-01-23 14:00:00,0.1496365232184311
2025-01-23 15:00:00,0.02165166915635329
2025-01-23 16:00:00,0.042459774916442414
2025-01-23 17:00:00,0.05698642308095962
2025-01-23 18:00:00,0.023325043303770616
2025-01-23 19:00:00,0.09717465768694931
2025-01-23 20:00:00,0.022697673870863914
2025-01-23 21:00:00,0.006599278440258848
2025-01-23 22:00:00,0.04833577218126832
2025-01-23 23:00:00,0.1661871306822865
2025-01-24 00:00:00,0.06811740495675782
2025-01-24 01:00:00,0.10052946125781417
2025-01-24 02:00:00,0.03771266904083602
2025-01-24 03:00:00,0.033553842961951096
2025-01-24 04:00:00,0.05145651606217784
2025-01-24 05:00:00,0.11823314498866111
2025-01-24 06:00:00,0.17041762166043148
2025-01-24 07:00:00,0.22006214762980283
2025-01-24 08:00:00,0.06727291635052093
2025-01-24 09:00:00,0.11862859399539626
2025-01-24 10:00:00,0.21236738951595766
2025-01-24 11:00:00,0.36702673155285737
2025-01-24 12:00:00,0.1869901185756869
2025-01-24 13:00:00,0.3957017469790838
2025-01-24 14:00:00,0.11159219423067238
2025-01-24 15:00:00,0.07009843795061822
2025-01-24 16:00:00,0.05394610917582789
2025-01-24 17:00:00,0.004961599539125536
2025-01-24 18:00:00,0.003910742991551596
2025-01-24 19:00:00,0.01336695945069816
2025-01-24 20:00:00,0.0
2025-01-24 21:00:00,0.0
2025-01-24 22:00:00,0.0
2025-01-24 23:00:00,0.0025686535523400944
2025-01-25 00:00:00,0.010215429932636579
2025-01-25 01:00:00,0.020500267978041636
2025-01-25 02:00:00,0.040598246781680586
2025-01-25 03:00:00,0.10595461149452401
2025-01-25 04:00:00,0.28289171482007
2025-01-25 05:00:00,0.04966858888770702
2025-01-25 06:00:00,0.23912657410899774
2025-01-25 07:00:00,0.586367600559832
2025-01-25 08:00:00,0.5070035726491662
2025-01-25 09:00:00,0.4259220868567467
2025-01-25 10:00:00,0.005746001747384026
2025-01-25 11:00:00,0.0
2025-01-25 12:00:00,0.002992474154566301
2025-01-25 13:00:00,0.06399787965403927
2025-01-25 14:00:00,0.16282874268627753
2025-01-25 15:00:00,0.15216893435549206
2025-01-25 16:00:00,0.6821271531182774
2025-01-25 17:00:00,1.0
2025-01-25 18:00:00,0.7548580213533899
2025-01-25 19:00:00,1.0
2025-01-25 20:00:00,0.996198751237345
2025-01-25 21:00:00,0.3313862136474839
2025-01-25 22:00:00,0.21986825876294822
2025-01-25 23:00:00,0.09969886723168711
2025-01-26 00:00:00,0.06782034003411655
2025-01-26 01:00:00,0.18071135574582115
2025-01-26 02:00:00,0.17436411702342533
2025-01-26 03:00:00,0.17301483127043923
2025-01-26 04:00:00,0.18315231999680745
2025-01-26 05:00:00,0.003675535238428834
2025-01-26 06:00:00,0.0
2025-01-26 07:00:00,0.0
2025-01-26 08:00:00,0.0
2025-01-26 09:00:00,0.0
2025-01-26 10:00:00,0.006229962090116559
2025-01-26 11:00:00,0.009027431198176472
2025-01-26 12:00:00,3.938904202034605e-07
2025-01-26 13:00:00,0.0
2025-01-26 14:00:00,0.024401797360047352
2025-01-26 15:00:00,0.20585473931898693
2025-01-26 16:00:00,0.3337637682504575
2025-01-26 17:00:00,0.0646439138716414
2025-01-26 18:00:00,0.10506179128172494
2025-01-26 19:00:00,0.1655210802328561
2025-01-26 20:00:00,0.17059601674274094
2025-01-26 21:00:00,0.09315859713290899
2025-01-26 22:00:00,0.06360422019641701
2025-01-26 23:00:00,0.027267604388123683
2025-01-27 00:00:00,0.0018259803320904088
2025-01-27 01:00:00,0.06869398874819889
2025-01-27 02:00:00,0.19699102122612308
2025-01-27 03:00:00,0.14778758183206853
2025-01-27 04:00:00,0.21013847847596245
2025-01-27 05:00:00,0.2880889854547644
2025-01-27 06:00:00,1.0
2025-01-27 07:00:00,1.0
2025-01-27 08:00:00,1.0
2025-01-27 09:00:00,1.0
2025-01-27 10:00:00,1.0
2025-01-27 11:00:00,1.0
2025-01-27 12:00:00,1.0
2025-01-27 13:00:00,1.0
2025-01-27 14:00:00,1.0
2025-01-27 15:00:00,1.0
2025-01-27 16:00:00,0.44427215495730066
2025-01-27 17:00:00,0.19315636070042233
2025-01-27 18:00:00,0.26316255465549
2025-01-27 19:00:00,0.024212323700971945
2025-01-27 20:00:00,1.5860085228570715e-09
2025-01-27 21:00:00,6.504104703996936e-07
2025-01-27 22:00:00,0.0034668678653861293
2025-01-27 23:00:00,0.023891303276321014
2025-01-28 00:00:00,0.21268720288517268
2025-01-28 01:00:00,0.22443816895074176
2025-01-28 02:00:00,0.15426294826230832
2025-01-28 03:00:00,0.028482419584421294
2025-01-28 04:00:00,0.018003680908459947
2025-01-28 05:00:00,0.07296151934692387
2025-01-28 06:00:00,0.181427527778133
2025-01-28 07:00:00,0.2297864779792488
2025-01-28 08:00:00,0.34984715398635624
2025-01-28 09:00:00,0.7725414631946335
2025-01-28 10:00:00,0.7170551955604229
2025-01-28 11:00:00,1.0
2025-01-28 12:00:00,0.7810032678961105
2025-01-28 13:00:00,0.6620783184821754
2025-01-28 14:00:00,0.42951230356156367
2025-01-28 15:00:00,0.6727141819951122
2025-01-28 16:00:00,0.29212456572184176
2025-01-28 17:00:00,0.21130181587644525
2025-01-28 18:00:00,0.017633426393921677
2025-01-28 19:00:00,0.06212559034362456
2025-01-28 20:00:00,0.2555429372645763
2025-01-28 21:00:00,0.4917854995680047
2025-01-28 22:00:00,0.7563428452989585
2025-01-28 23:00:00,1.0
2025-01-29 00:00:00,1.0
2025-01-29 01:00:00,1.0
2025-01-29 02:00:00,1.0
2025-01-29 03:00:00,1.0
2025-01-29 04:00:00,0.8636750704147705
2025-01-29 05:00:00,0.79243257137774
2025-01-29 06:00:00,0.5692892678376585
2025-01-29 07:00:00,0.14268301400636219
2025-01-29 08:00:00,0.02864371035156903
2025-01-29 09:00:00,0.051533044646417926
2025-01-29 10:00:00,0.16830069911222822
2025-01-29 11:00:00,0.17034588337359044
2025-01-29 12:00:00,1.0
2025-01-29 13:00:00,0.5812008104736928
2025-01-29 14:00:00,0.6958510804205107
2025-01-29 15:00:00,1.0
2025-01-29 16:00:00,1.0
2025-01-29 17:00:00,1.0
2025-01-29 18:00:00,1.0
2025-01-29 19:00:00,1.0
2025-01-29 20:00:00,1.0
2025-01-29 21:00:00,1.0
2025-01-29 22:00:00,1.0
2025-01-29 23:00:00,1.0
2025-01-30 00:00:00,1.0
2025-01-30 01:00:00,1.0
2025-01-30 02:00:00,1.0
2025-01-30 03:00:00,1.0
2025-01-30 04:00:00,1.0
2025-01-30 05:00:00,0.6896665323913617
2025-01-30 06:00:00,1.0
2025-01-30 07:00:00,1.0
2025-01-30 08:00:00,1.0
2025-01-30 09:00:00,1.0
2025-01-30 10:00:00,1.0
2025-01-30 11:00:00,1.0
2025-01-30 12:00:00,1.0
2025-01-30 13:00:00,1.0
2025-01-30 14:00:00,0.8859688238160891
2025-01-30 15:00:00,0.5064654892042428
2025-01-30 16:00:00,1.0
2025-01-30 17:00:00,1.0
2025-01-30 18:00:00,0.5489781613930278
2025-01-30 19:00:00,0.36115851451562614
2025-01-30 20:00:00,0.6996063574836797
2025-01-30 21:00:00,0.12707430046960375
2025-01-30 22:00:00,0.16962381185188616
2025-01-30 23:00:00,0.9776224476375688
2025-01-31 00:00:00,1.0
2025-01-31 01:00:00,1.0
2025-01-31 02:00:00,1.0
2025-01-31 03:00:00,1.0
2025-01-31 04:00:00,1.0
2025-01-31 05:00:00,1.0
2025-01-31 06:00:00,1.0
2025-01-31 07:00:00,1.0
2025-01-31 08:00:00,1.0
2025-01-31 09:00:00,1.0
2025-01-31 10:00:00,1.0
2025-01-31 11:00:00,1.0
2025-01-31 12:00:00,1.0
2025-01-31 13:00:00,1.0
2025-01-31 14:00:00,1.0
2025-01-31 15:00:00,1.0
2025-01-31 16:00:00,1.0
2025-01-31 17:00:00,1.0
2025-01-31 18:00:00,0.7467671776617193
2025-01-31 19:00:00,0.7753641106724611
2025-01-31 20:00:00,0.43346178384037665
2025-01-31 21:00:00,0.741636193635246
2025-01-31 22:00:00,0.8489513969110712
2025-01-31 23:00:00,1.0
2025-02-01 00:00:00,0.8343741592265367
2025-02-01 01:00:00,0.43046404110607833
2025-02-01 02:00:00,0.8233583475989734
2025-02-01 03:00:00,0.7844741404420382
2025-02-01 04:00:00,0.6133314618254012
2025-02-01 05:00:00,0.8427704929856445
2025-02-01 06:00:00,1.0
2025-02-01 07:00:00,0.42743555231410885
2025-02-01 08:00:00,0.9408804053029041
2025-02-01 09:00:00,0.6461100838650772
2025-02-01 10:00:00,1.0
2025-02-01 11:00:00,0.5945493737580515
2025-02-01 12:00:00,0.655924948270811
2025-02-01 13:00:00,0.5208256227456471
2025-02-01 14:00:00,0.07859001815175808
2025-02-01 15:00:00,0.17394172929927276
2025-02-01 16:00:00,0.010042177264887339
2025-02-01 17:00:00,0.007750616251210391
2025-02-01 18:00:00,0.07960250566295343
2025-02-01 19:00:00,0.042318187018373775
2025-02-01 20:00:00,0.009060580552252229
2025-02-01 21:00:00,0.05734395816085346
2025-02-01 22:00:00,0.045993159227478986
2025-02-01 23:00:00,0.02865670979167066
2025-02-02 00:00:00,0.1730399718802409
2025-02-02 01:00:00,0.042714576353197746
2025-02-02 02:00:00,0.02400107746413478
2025-02-02 03:00:00,0.103293266112122
2025-02-02 04:00:00,0.017338202792037235
2025-02-02 05:00:00,0.22047205682240523
2025-02-02 06:00:00,0.17628118947530136
2025-02-02 07:00:00,0.3665429101681706
2025-02-02 08:00:00,0.6244811254992018
2025-02-02 09:00:00,0.5077079726679244
2025-02-02 10:00:00,0.3262010218062427
2025-02-02 11:00:00,0.2973548701928758
2025-02-02 12:00:00,0.47999088099627374
2025-02-02 13:00:00,0.20006089067986912
2025-02-02 14:00:00,0.049843984813309
2025-02-02 15:00:00,0.2754259216019226
2025-02-02 16:00:00,0.13302810311257968
2025-02-02 17:00:00,0.193038693730613
2025-02-02 18:00:00,0.15724764206410105
2025-02-02 19:00:00,0.13521726783644766
2025-02-02 20:00:00,0.45972064225835435
2025-02-02 21:00:00,0.3971034648427515
2025-02-02 22:00:00,0.27926578937361657
2025-02-02 23:00:00,0.21158401220400386
2025-02-03 00:00:00,0.12632110794783388
2025-02-03 01:00:00,0.05842439742412229
2025-02-03 02:00:00,0.03155194526683452
2025-02-03 03:00:00,0.25648053948607885
2025-02-03 04:00:00,0.4281695845431443
2025-02-03 05:00:00,0.30415365964051627
2025-02-03 06:00:00,0.5824824037776397
2025-02-03 07:00:00,0.14483003848067372
2025-02-03 08:00:00,0.4610347624642923
2025-02-03 09:00:00,0.9436430141045681
2025-02-03 10:00:00,1.0
2025-02-03 11:00:00,1.0
2025-02-03 12:00:00,1.0
2025-02-03 13:00:00,1.0
2025-02-03 14:00:00,1.0
2025-02-03 15:00:00,1.0
2025-02-03 16:00:00,1.0
2025-02-03 17:00:00,1.0
2025-02-03 18:00:00,1.0
2025-02-03 19:00:00,0.6425750617905872
2025-02-03 20:00:00,0.667970033199226
2025-02-03 21:00:00,0.9118201608459747
2025-02-03 22:00:00,0.5183950863279012
2025-02-03 23:00:00,0.7231327430670494
2025-02-04 00:00:00,1.0
2025-02-04 01:00:00,1.0
2025-02-04 02:00:00,1.0
2025-02-04 03:00:00,1.0
2025-02-04 04:00:00,1.0
2025-02-04 05:00:00,1.0
2025-02-04 06:00:00,1.0
2025-02-04 07:00:00,1.0
2025-02-04 08:00:00,1.0
2025-02-04 09:00:00,1.0
2025-02-04 10:00:00,1.0
2025-02-04 11:00:00,1.0
2025-02-04 12:00:00,1.0
2025-02-04 13:00:00,1.0
2025-02-04 14:00:00,1.0
2025-02-04 15:00:00,1.0
2025-02-04 16:00:00,1.0
2025-02-04 17:00:00,1.0
2025-02-04 18:00:00,1.0
2025-02-04 19:00:00,1.0
2025-02-04 20:00:00,0.4978461278194767
2025-02-04 21:00:00,0.4613191291495783
2025-02-04 22:00:00,0.18919507639479244
2025-02-04 23:00:00,0.12242034583973145
2025-02-05 00:00:00,0.1270770690082228
2025-02-05 01:00:00,0.041881216361273337
2025-02-05 02:00:00,0.022285090058107426
2025-02-05 03:00:00,0.005510781269822002
2025-02-05 04:00:00,0.0006606203160675962
2025-02-05 05:00:00,0.0
2025-02-05 06:00:00,0.0
2025-02-05 07:00:00,0.0
2025-02-05 08:00:00,7.340734717114974e-07
2025-02-05 09:00:00,0.0009730623672541105
2025-02-05 10:00:00,0.045293567057792514
2025-02-05 11:00:00,0.35917837184794077
2025-02-05 12:00:00,0.5418514236893668
2025-02-05 13:00:00,0.6558602029689916
2025-02-05 14:00:00,0.9088108182105149
2025-02-05 15:00:00,1.0
2025-02-05 16:00:00,0.9216232125450704
2025-02-05 17:00:00,0.79402194229057
2025-02-05 18:00:00,0.35419180579322446
2025-02-05 19:00:00,0.5947049735571609
2025-02-05 20:00:00,0.5248856921694953
2025-02-05 21:00:00,1.0
2025-02-05 22:00:00,1.0
2025-02-05 23:00:00,0.9452237885250353
2025-02-06 00:00:00,1.0
2025-02-06 01:00:00,0.26722404279302536
2025-02-06 02:00:00,0.9328209804079384
2025-02-06 03:00:00,0.339253078330474
2025-02-06 04:00:00,0.4578388393967848
2025-02-06 05:00:00,0.5608989275250734
2025-02-06 06:00:00,0.9900582785670704
2025-02-06 07:00:00,0.7146014399908343
2025-02-06 08:00:00,0.11035304590447545
2025-02-06 09:00:00,0.07893483007142607
2025-02-06 10:00:00,0.06521261978724976
2025-02-06 11:00:00,0.00016058346625444104
2025-02-06 12:00:00,0.0014141576227361138
2025-02-06 13:00:00,0.0
2025-02-06 14:00:00,0.0027081940055052097
2025-02-06 15:00:00,0.002578110402233978
2025-02-06 16:00:00,0.14575415137235956
2025-02-06 17:00:00,0.11304409187094824
2025-02-06 18:00:00,0.18202837961386614
2025-02-06 19:00:00,0.14684838014343865
2025-02-06 20:00:00,0.01424414494282151
2025-02-06 21:00:00,0.013340460596676743
2025-02-06 22:00:00,0.0650946639759339
2025-02-06 23:00:00,0.14389372893803498
2025-02-07 00:00:00,0.10665320653673481
2025-02-07 01:00:00,0.011246935335728252
2025-02-07 02:00:00,0.05105517218352536
2025-02-07 03:00:00,0.0994921759372724
2025-02-07 04:00:00,0.24017515336885656
2025-02-07 05:00:00,0.18142302169194838
2025-02-07 06:00:00,0.018912118667956435
2025-02-07 07:00:00,0.05909759131198986
2025-02-07 08:00:00,0.06601386003618581
2025-02-07 09:00:00,0.2945977298663038
2025-02-07 10:00:00,0.28638403939943247
2025-02-07 11:00:00,0.26262391770713606
2025-02-07 12:00:00,0.3510723542165789
2025-02-07 13:00:00,0.19959212143876037
2025-02-07 14:00:00,0.1018021872217084
2025-02-07 15:00:00,0.09614145174560194
2025-02-07 16:00:00,0.02823858632304857
2025-02-07 17:00:00,0.024064109700598763
2025-02-07 18:00:00,0.285552432223071
2025-02-07 19:00:00,0.576970480043886
2025-02-07 20:00:00,0.6338566115783919
2025-02-07 21:00:00,1.0
2025-02-07 22:00:00,0.7336656358450775
2025-02-07 23:00:00,1.0
2025-02-08 00:00:00,1.0
2025-02-08 01:00:00,1.0
2025-02-08 02:00:00,1.0
2025-02-08 03:00:00,1.0
2025-02-08 04:00:00,1.0
2025-02-08 05:00:00,1.0
2025-02-08 06:00:00,1.0
2025-02-08 07:00:00,1.0
2025-02-08 08:00:00,0.8324365056696231
2025-02-08 09:00:00,0.9719883618952201
2025-02-08 10:00:00,0.4749090685806551
2025-02-08 11:00:00,0.49048853053219915
2025-02-08 12:00:00,1.0
2025-02-08 13:00:00,1.0
2025-02-08 14:00:00,0.7624921253673733
2025-02-08 15:00:00,0.9215602012490414
2025-02-08 16:00:00,0.3173701422334234
2025-02-08 17:00:00,0.14110650657531146
2025-02-08 18:00:00,0.08964838587492355
2025-02-08 19:00:00,0.21293026000765355
2025-02-08 20:00:00,0.29322532362447956
2025-02-08 21:00:00,0.4180628840542694
2025-02-08 22:00:00,0.3783182932000209
2025-02-08 23:00:00,0.18191361834026382
2025-02-09 00:00:00,0.5662044792141406
2025-02-09 01:00:00,0.30927979743672657
2025-02-09 02:00:00,0.4015488371329494
2025-02-09 03:00:00,0.3418429651218262
2025-02-09 04:00:00,0.4816202767359399
2025-02-09 05:00:00,0.279070871071965
2025-02-09 06:00:00,0.5702586929580091
2025-02-09 07:00:00,1.0
2025-02-09 08:00:00,1.0
2025-02-09 09:00:00,1.0
2025-02-09 10:00:00,1.0
2025-02-09 11:00:00,1.0
2025-02-09 12:00:00,1.0
2025-02-09 13:00:00,1.0
2025-02-09 14:00:00,1.0
2025-02-09 15:00:00,1.0
2025-02-09 16:00:00,1.0
2025-02-09 17:00:00,1.0
2025-02-09 18:00:00,1.0
2025-02-09 19:00:00,1.0
2025-02-09 20:00:00,1.0
2025-02-09 21:00:00,1.0
2025-02-09 22:00:00,1.0
2025-02-09 23:00:00,1.0
2025-02-10 00:00:00,1.0
2025-02-10 01:00:00,1.0
2025-02-10 02:00:00,1.0
2025-02-10 03:00:00,0.8302336454501928
2025-02-10 04:00:00,0.9985522995074329
2025-02-10 05:00:00,1.0
2025-02-10 06:00:00,0.6653948976344689
2025-02-10 07:00:00,1.0
2025-02-10 08:00:00,0.7603227598290762
2025-02-10 09:00:00,0.5431867796898168
2025-02-10 10:00:00,0.5322441132368942
2025-02-10 11:00:00,1.0
2025-02-10 12:00:00,0.6420130685151738
2025-02-10 13:00:00,0.6880030490772843
2025-02-10 14:00:00,0.9594987036839127
2025-02-10 15:00:00,1.0
2025-02-10 16:00:00,1.0
2025-02-10 17:00:00,1.0
2025-02-10 18:00:00,1.0
2025-02-10 19:00:00,1.0
2025-02-10 20:00:00,1.0
2025-02-10 21:00:00,1.0
2025-02-10 22:00:00,1.0
2025-02-10 23:00:00,1.0
2025-02-11 00:00:00,1.0
2025-02-11 01:00:00,0.7240934978121932
2025-02-11 02:00:00,1.0
2025-02-11 03:00:00,1.0
2025-02-11 04:00:00,1.0
2025-02-11 05:00:00,1.0
2025-02-11 06:00:00,1.0
2025-02-11 07:00:00,1.0
2025-02-11 08:00:00,1.0
2025-02-11 09:00:00,1.0
2025-02-11 10:00:00,0.5356243548417957
2025-02-11 11:00:00,0.576308885532298
2025-02-11 12:00:00,0.5050742727442199
2025-02-11 13:00:00,0.5649708741000694
2025-02-11 14:00:00,0.48414004726833443
2025-02-11 15:00:00,0.340069935098041
2025-02-11 16:00:00,0.5872605225906973
2025-02-11 17:00:00,0.7353464339935237
2025-02-11 18:00:00,1.0
2025-02-11 19:00:00,1.0
2025-02-11 20:00:00,1.0
2025-02-11 21:00:00,1.0
2025-02-11 22:00:00,0.3477006313829659
2025-02-11 23:00:00,1.0
2025-02-12 00:00:00,1.0
2025-02-12 01:00:00,1.0
2025-02-12 02:00:00,1.0
2025-02-12 03:00:00,0.7154495519684192
2025-02-12 04:00:00,0.7894086461847677
2025-02-12 05:00:00,0.8586052592369025
2025-02-12 06:00:00,0.9121078658281349
2025-02-12 07:00:00,0.8857039219296621
2025-02-12 08:00:00,0.5283047487078714
2025-02-12 09:00:00,0.1410790318008314
2025-02-12 10:00:00,0.18833325146018579
2025-02-12 11:00:00,0.04093286314886773
2025-02-12 12:00:00,0.001828444013305425
2025-02-12 13:00:00,0.0009341876101023596
2025-02-12 14:00:00,0.01045430746912074
2025-02-12 15:00:00,0.21803446960044245
2025-02-12 16:00:00,0.4548407478986982
2025-02-12 17:00:00,0.9985047090622319
2025-02-12 18:00:00,1.0
2025-02-12 19:00:00,1.0
2025-02-12 20:00:00,1.0
2025-02-12 21:00:00,1.0
2025-02-12 22:00:00,1.0
2025-02-12 23:00:00,0.7456024339756037
2025-02-13 00:00:00,1.0
2025-02-13 01:00:00,0.5247522103601798
2025-02-13 02:00:00,0.7660887360048867
2025-02-13 03:00:00,0.9418825041763366
2025-02-13 04:00:00,1.0
2025-02-13 05:00:00,1.0
2025-02-13 06:00:00,1.0
2025-02-13 07:00:00,1.0
2025-02-13 08:00:00,1.0
2025-02-13 09:00:00,1.0
2025-02-13 10:00:00,0.6660849520806205
2025-02-13 11:00:00,1.0
2025-02-13 12:00:00,0.8518318026513155
2025-02-13 13:00:00,1.0
2025-02-13 14:00:00,1.0
2025-02-13 15:00:00,1.0
2025-02-13 16:00:00,0.6411567996542183
2025-02-13 17:00:00,0.963376553385082
2025-02-13 18:00:00,0.8130735988863761
2025-02-13 19:00:00,0.4913392754670457
2025-02-13 20:00:00,0.3743612105676296
2025-02-13 21:00:00,0.695142342939909
2025-02-13 22:00:00,0.9431429398563372
2025-02-13 23:00:00,0.7654996417333642
2025-02-14 00:00:00,0.3093749184992058
2025-02-14 01:00:00,0.10743719917087796
2025-02-14 02:00:00,0.23244895698955378
2025-02-14 03:00:00,0.05630401298062951
2025-02-14 04:00:00,0.054337550105026104
2025-02-14 05:00:00,0.6515597177375848
2025-02-14 06:00:00,0.7676691031906759
2025-02-14 07:00:00,1.0
2025-02-14 08:00:00,0.46779318286789184
2025-02-14 09:00:00,0.15522202734017806
2025-02-14 10:00:00,0.31196119019207424
2025-02-14 11:00:00,0.2329852245609743
2025-02-14 12:00:00,0.5408752613123736
2025-02-14 13:00:00,0.5374621317533183
2025-02-14 14:00:00,1.0
2025-02-14 15:00:00,1.0
2025-02-14 16:00:00,1.0
2025-02-14 17:00:00,1.0
2025-02-14 18:00:00,1.0
2025-02-14 19:00:00,1.0
2025-02-14 20:00:00,0.9863368120040692
2025-02-14 21:00:00,0.7592074933966916
2025-02-14 22:00:00,1.0
2025-02-14 23:00:00,1.0
2025-02-15 00:00:00,1.0
2025-02-15 01:00:00,0.7137953672351148
2025-02-15 02:00:00,1.0
2025-02-15 03:00:00,1.0
2025-02-15 04:00:00,1.0
2025-02-15 05:00:00,1.0
2025-02-15 06:00:00,0.9006594238760648
2025-02-15 07:00:00,0.4675654568666209
2025-02-15 08:00:00,0.363589751098682
2025-02-15 09:00:00,0.7940252560174432
2025-02-15 10:00:00,1.0
2025-02-15 11:00:00,1.0
2025-02-15 12:00:00,1.0
2025-02-15 13:00:00,1.0
2025-02-15 14:00:00,1.0
2025-02-15 15:00:00,1.0
2025-02-15 16:00:00,1.0
2025-02-15 17:00:00,1.0
2025-02-15 18:00:00,1.0
2025-02-15 19:00:00,1.0
2025-02-15 20:00:00,1.0
2025-02-15 21:00:00,1.0
2025-02-15 22:00:00,1.0
2025-02-15 23:00:00,1.0
2025-02-16 00:00:00,1.0
2025-02-16 01:00:00,1.0
2025-02-16 02:00:00,0.33450051360608846
2025-02-16 03:00:00,0.27413444763635525
2025-02-16 04:00:00,0.2836044957408264
2025-02-16 05:00:00,0.09716968253250596
2025-02-16 06:00:00,0.13037992066884738
2025-02-16 07:00:00,0.17327410893175227
2025-02-16 08:00:00,0.10505850291998639
2025-02-16 09:00:00,0.5838625244229784
2025-02-16 10:00:00,0.6861372383018975
2025-02-16 11:00:00,1.0
2025-02-16 12:00:00,0.40598359988142885
2025-02-16 13:00:00,0.09977676998664138
2025-02-16 14:00:00,0.1686810412393857
2025-02-16 15:00:00,0.6746950261614688
2025-02-16 16:00:00,0.29616842467493204
2025-02-16 17:00:00,0.3136733188698418
2025-02-16 18:00:00,0.09064633994902066
2025-02-16 19:00:00,0.03679370172159705
2025-02-16 20:00:00,0.05823323759275435
2025-02-16 21:00:00,0.031797224223261485
2025-02-16 22:00:00,0.001348318858374669
2025-02-16 23:00:00,0.0
2025-02-17 00:00:00,0.0
2025-02-17 01:00:00,0.0
2025-02-17 02:00:00,2.4714647991010126e-09
2025-02-17 03:00:00,0.004044399861810874
2025-02-17 04:00:00,5.645482637308492e-05
2025-02-17 05:00:00,0.01862469100838975
2025-02-17 06:00:00,0.072348984676675
2025-02-17 07:00:00,0.079826915048308
2025-02-17 08:00:00,0.07112103540620865
2025-02-17 09:00:00,0.030788868778672634
2025-02-17 10:00:00,0.05066577869333588
2025-02-17 11:00:00,0.30169007924683333
2025-02-17 12:00:00,0.6300348599557237
2025-02-17 13:00:00,0.47625956150946636
2025-02-17 14:00:00,0.6173803757587023
2025-02-17 15:00:00,0.24723671225052235
2025-02-17 16:00:00,0.41695327639119795
2025-02-17 17:00:00,0.19618097115337238
2025-02-17 18:00:00,0.34033126182991036
2025-02-17 19:00:00,1.0
2025-02-17 20:00:00,1.0
2025-02-17 21:00:00,1.0
2025-02-17 22:00:00,1.0
2025-02-17 23:00:00,1.0
2025-02-18 00:00:00,1.0
2025-02-18 01:00:00,1.0
2025-02-18 02:00:00,1.0
2025-02-18 03:00:00,1.0
2025-02-18 04:00:00,1.0
2025-02-18 05:00:00,1.0
2025-02-18 06:00:00,1.0
2025-02-18 07:00:00,1.0
2025-02-18 08:00:00,1.0
2025-02-18 09:00:00,1.0
2025-02-18 10:00:00,1.0
2025-02-18 11:00:00,1.0
2025-02-18 12:00:00,0.766052680733683
2025-02-18 13:00:00,1.0
2025-02-18 14:00:00,0.4341150490886285
2025-02-18 15:00:00,0.03323004328761447
2025-02-18 16:00:00,0.05609877042914193
2025-02-18 17:00:00,0.052530880524151786
2025-02-18 18:00:00,0.0036864707798022578
2025-02-18 19:00:00,0.0
2025-02-18 20:00:00,0.026066160275007234
2025-02-18 21:00:00,0.0649889891869973
2025-02-18 22:00:00,0.07379850826942412
2025-02-18 23:00:00,0.5430499767365393
2025-02-19 00:00:00,0.9004073815730245
2025-02-19 01:00:00,1.0
2025-02-19 02:00:00,0.8763330188121415
2025-02-19 03:00:00,0.3467420833086531
2025-02-19 04:00:00,0.5009300492931452
2025-02-19 05:00:00,0.5954098568127013
2025-02-19 06:00:00,1.0
2025-02-19 07:00:00,0.33669850551970026
2025-02-19 08:00:00,0.5180718588839172
2025-02-19 09:00:00,0.8568246254453508
2025-02-19 10:00:00,1.0
2025-02-19 11:00:00,0.8525734701180604
2025-02-19 12:00:00,0.9943155892876584
2025-02-19 13:00:00,0.5448953631493081
2025-02-19 14:00:00,0.401876057837941
2025-02-19 15:00:00,0.15393273901568524
2025-02-19 16:00:00,0.06583965847414822
2025-02-19 17:00:00,0.052885638599185956
2025-02-19 18:00:00,0.028673164667693013
2025-02-19 19:00:00,0.0076338302038226275
2025-02-19 20:00:00,7.011193317575844e-08
2025-02-19 21:00:00,0.0642543372875333
2025-02-19 22:00:00,0.03498006872472023
2025-02-19 23:00:00,0.0669572843774622
2025-02-20 00:00:00,0.0013860960892385474
2025-02-20 01:00:00,0.05989894284575318
2025-02-20 02:00:00,0.08246038727066582
2025-02-20 03:00:00,0.04991614772484753
2025-02-20 04:00:00,0.029608353911594314
2025-02-20 05:00:00,0.11346831008184723
2025-02-20 06:00:00,0.0
2025-02-20 07:00:00,0.0
2025-02-20 08:00:00,0.0
2025-02-20 09:00:00,0.0
2025-02-20 10:00:00,0.09966743518845776
2025-02-20 11:00:00,0.07008440649076632
2025-02-20 12:00:00,0.21368677853111817
2025-02-20 13:00:00,0.7491866398739951
2025-02-20 14:00:00,0.9656193489311955
2025-02-20 15:00:00,0.5633397016750489
2025-02-20 16:00:00,0.18816947432724676
2025-02-20 17:00:00,0.34268918750841915
2025-02-20 18:00:00,0.9151886179021194
2025-02-20 19:00:00,1.0
2025-02-20 20:00:00,1.0
2025-02-20 21:00:00,1.0
2025-02-20 22:00:00,1.0
2025-02-20 23:00:00,1.0
2025-02-21 00:00:00,1.0
2025-02-21 01:00:00,1.0
2025-02-21 02:00:00,1.0
2025-02-21 03:00:00,1.0
2025-02-21 04:00:00,1.0
2025-02-21 05:00:00,1.0
2025-02-21 06:00:00,1.0
2025-02-21 07:00:00,1.0
2025-02-21 08:00:00,1.0
2025-02-21 09:00:00,0.5065290756541019
2025-02-21 10:00:00,0.33465156300667026
2025-02-21 11:00:00,0.0997069265288386
2025-02-21 12:00:00,0.0640928879275854
2025-02-21 13:00:00,0.020885392374324404
2025-02-21 14:00:00,0.10924875061595947
2025-02-21 15:00:00,0.29072306782418056
2025-02-21 16:00:00,0.41801383050747365
2025-02-21 17:00:00,0.1293923277284199
2025-02-21 18:00:00,0.11904290893499864
2025-02-21 19:00:00,0.01792797511593515
2025-02-21 20:00:00,0.018337095206944497
2025-02-21 21:00:00,0.06594324178998728
2025-02-21 22:00:00,0.20576402715214456
2025-02-21 23:00:00,0.29751390771660274
2025-02-22 00:00:00,0.6638300561442214
2025-02-22 01:00:00,0.6908654383243663
2025-02-22 02:00:00,0.5288251365582332
2025-02-22 03:00:00,0.8136942375854144
2025-02-22 04:00:00,1.0
2025-02-22 05:00:00,0.7511099358209602
2025-02-22 06:00:00,0.8247144588058456
2025-02-22 07:00:00,0.6065128835578412
2025-02-22 08:00:00,0.10112195775405666
2025-02-22 09:00:00,0.16602366865771287
2025-02-22 10:00:00,0.03370257019462638
2025-02-22 11:00:00,0.06474682488414957
2025-02-22 12:00:00,0.0032315175365241764
2025-02-22 13:00:00,0.0002324706548648125
2025-02-22 14:00:00,3.781242577999677e-05
2025-02-22 15:00:00,0.02517890117365262
2025-02-22 16:00:00,0.011333079966628651
2025-02-22 17:00:00,0.00032478968013520366
2025-02-22 18:00:00,0.005734367034275385
2025-02-22 19:00:00,0.005547545700686396
2025-02-22 20:00:00,0.04311046792751063
2025-02-22 21:00:00,0.007204510148039644
2025-02-22 22:00:00,0.018448075915638514
2025-02-22 23:00:00,0.375419569506398
2025-02-23 00:00:00,0.28735633752949497
2025-02-23 01:00:00,0.3143507739266163
2025-02-23 02:00:00,0.05349571188465514
2025-02-23 03:00:00,0.014603082952688001
2025-02-23 04:00:00,0.04416440984456968
2025-02-23 05:00:00,0.031066137900651318
2025-02-23 06:00:00,0.08711991807505373
2025-02-23 07:00:00,0.14588183670851312
2025-02-23 08:00:00,0.026530813689506636
2025-02-23 09:00:00,0.12387227173991475
2025-02-23 10:00:00,0.02344572283921131
2025-02-23 11:00:00,0.0056594901180640695
2025-02-23 12:00:00,0.016359232377623278
2025-02-23 13:00:00,0.17043473775711657
2025-02-23 14:00:00,0.05404195949112837
2025-02-23 15:00:00,0.07383282011105965
2025-02-23 16:00:00,0.09623877463857487
2025-02-23 17:00:00,0.1953981226430473
2025-02-23 18:00:00,0.47756714890172897
2025-02-23 19:00:00,0.32399415414477745
2025-02-23 20:00:00,0.6089505463244463
2025-02-23 21:00:00,1.0
2025-02-23 22:00:00,1.0
2025-02-23 23:00:00,1.0
2025-02-24 00:00:00,1.0
2025-02-24 01:00:00,1.0
2025-02-24 02:00:00,0.5077389573502206
2025-02-24 03:00:00,0.37825448922124466
2025-02-24 04:00:00,0.3792457449313331
2025-02-24 05:00:00,0.3226885030667859
2025-02-24 06:00:00,0.46460360371543064
2025-02-24 07:00:00,0.12358649690355361
2025-02-24 08:00:00,0.10393209435621513
2025-02-24 09:00:00,0.5571131789185096
2025-02-24 10:00:00,0.9037149370015972
2025-02-24 11:00:00,1.0
2025-02-24 12:00:00,1.0
2025-02-24 13:00:00,0.8145199280797203
2025-02-24 14:00:00,0.20486238404593735
2025-02-24 15:00:00,0.2918990811850522
2025-02-24 16:00:00,0.0114652188264092
2025-02-24 17:00:00,0.007986382355940323
2025-02-24 18:00:00,0.012603076214301633
2025-02-24 19:00:00,0.006360109461893212
2025-02-24 20:00:00,0.21287747071976024
2025-02-24 21:00:00,0.7473624861576652
2025-02-24 22:00:00,1.0
2025-02-24 23:00:00,0.587134012623453
2025-02-25 00:00:00,1.0
2025-02-25 01:00:00,1.0
2025-02-25 02:00:00,0.8756525150106629
2025-02-25 03:00:00,0.7787572545139856
2025-02-25 04:00:00,1.0
2025-02-25 05:00:00,0.7103644642139466
2025-02-25 06:00:00,0.6831428909928271
2025-02-25 07:00:00,0.730996260271466
2025-02-25 08:00:00,0.3051862103122249
2025-02-25 09:00:00,0.22973211548096636
2025-02-25 10:00:00,0.07774811279441332
2025-02-25 11:00:00,0.20329933137212763
2025-02-25 12:00:00,0.07684492576065427
2025-02-25 13:00:00,0.11516687483973159
2025-02-25 14:00:00,0.015674962677710475
2025-02-25 15:00:00,0.0005538394763771818
2025-02-25 16:00:00,0.0
2025-02-25 17:00:00,0.0
2025-02-25 18:00:00,1.4797955302684591e-05
2025-02-25 19:00:00,0.0026646467700853693
2025-02-25 20:00:00,0.0
2025-02-25 21:00:00,0.0
2025-02-25 22:00:00,0.0
2025-02-25 23:00:00,1.1474611167088563e-08
2025-02-26 00:00:00,6.031221332898983e-07
2025-02-26 01:00:00,0.00010255928862284949
2025-02-26 02:00:00,0.0
2025-02-26 03:00:00,0.03320315808974295
2025-02-26 04:00:00,0.0017425707941319674
2025-02-26 05:00:00,0.000786856040803881
2025-02-26 06:00:00,0.00371674391058263
2025-02-26 07:00:00,0.00331494791798024
2025-02-26 08:00:00,0.0001680746652102085
2025-02-26 09:00:00,0.0
2025-02-26 10:00:00,0.0
2025-02-26 11:00:00,0.0
2025-02-26 12:00:00,4.223956726682266e-05
2025-02-26 13:00:00,0.10815298304713816
2025-02-26 14:00:00,0.10596039687824473
2025-02-26 15:00:00,0.013140955970612192
2025-02-26 16:00:00,0.06083491548296401
2025-02-26 17:00:00,0.013376275089207173
2025-02-26 18:00:00,0.005070718538350184
2025-02-26 19:00:00,0.0009699773464358686
2025-02-26 20:00:00,0.00017252324860294398
2025-02-26 21:00:00,7.361236621065234e-05
2025-02-26 22:00:00,0.0
2025-02-26 23:00:00,0.0
2025-02-27 00:00:00,0.00018664286622760263
2025-02-27 01:00:00,0.0009613208283392503
2025-02-27 02:00:00,0.004373506998627399
2025-02-27 03:00:00,0.0
2025-02-27 04:00:00,0.000124322028395844
2025-02-27 05:00:00,0.0
2025-02-27 06:00:00,0.011983600068834864
2025-02-27 07:00:00,0.023312525656433623
2025-02-27 08:00:00,0.009669992065371398
2025-02-27 09:00:00,0.0
2025-02-27 10:00:00,0.05852454262003219
2025-02-27 11:00:00,0.1585792258219607
2025-02-27 12:00:00,0.32754959891321955
2025-02-27 13:00:00,0.9635986677784121
2025-02-27 14:00:00,0.9432710600366528
2025-02-27 15:00:00,1.0
2025-02-27 16:00:00,1.0
2025-02-27 17:00:00,1.0
2025-02-27 18:00:00,0.8176981396128146
2025-02-27 19:00:00,0.5267351730764376
2025-02-27 20:00:00,0.5056143348546822
2025-02-27 21:00:00,0.1673453994354658
2025-02-27 22:00:00,0.22247641756456252
2025-02-27 23:00:00,0.16143445548612156
2025-02-28 00:00:00,0.007862631992840327
2025-02-28 01:00:00,0.003576957316966619
2025-02-28 02:00:00,0.0022499968602286173
2025-02-28 03:00:00,0.03215058518761245
2025-02-28 04:00:00,0.05854695622619878
2025-02-28 05:00:00,0.2772892070878405
2025-02-28 06:00:00,0.38826794476106224
2025-02-28 07:00:00,0.2314030550267102
2025-02-28 08:00:00,0.21106603922107656
2025-02-28 09:00:00,0.14781479743796996
2025-02-28 10:00:00,0.23030633701785644
2025-02-28 11:00:00,0.23250564593349762
2025-02-28 12:00:00,0.12343709760411352
2025-02-28 13:00:00,0.1269009378508036
2025-02-28 14:00:00,0.19994439256985885
2025-02-28 15:00:00,0.06671516387447121
2025-02-28 16:00:00,0.10557514777365541
2025-02-28 17:00:00,0.008735405280478004
2025-02-28 18:00:00,0.07895249354873395
2025-02-28 19:00:00,0.14884629958844492
2025-02-28 20:00:00,0.5333247596620813
2025-02-28 21:00:00,0.2055441575436165
2025-02-28 22:00:00,0.4738136944389825
2025-02-28 23:00:00,0.768546234254402
2025-03-01 00:00:00,0.6011493483753545
2025-03-01 01:00:00,0.4176473776087168
2025-03-01 02:00:00,0.15626326476935073
2025-03-01 03:00:00,0.028583375322531586
2025-03-01 04:00:00,0.007830125863289688
2025-03-01 05:00:00,3.5224148790939997e-06
2025-03-01 06:00:00,0.03975983914178163
2025-03-01 07:00:00,0.0010382912899874316
2025-03-01 08:00:00,0.004875048825625715
2025-03-01 09:00:00,0.022053143106977532
2025-03-01 10:00:00,0.049326396833146616
2025-03-01 11:00:00,0.0970455987373849
2025-03-01 12:00:00,0.24929748420470685
2025-03-01 13:00:00,0.1595847509922426
2025-03-01 14:00:00,0.17191057419279737
2025-03-01 15:00:00,0.1269994701517416
2025-03-01 16:00:00,0.38822557029351934
2025-03-01 17:00:00,1.0
2025-03-01 18:00:00,0.5335078296444103
2025-03-01 19:00:00,0.08113047095837446
2025-03-01 20:00:00,0.15783249373587244
2025-03-01 21:00:00,0.3787377928469934
2025-03-01 22:00:00,1.0
2025-03-01 23:00:00,1.0
2025-03-02 00:00:00,1.0
2025-03-02 01:00:00,1.0
2025-03-02 02:00:00,1.0
2025-03-02 03:00:00,1.0
2025-03-02 04:00:00,1.0
2025-03-02 05:00:00,1.0
2025-03-02 06:00:00,1.0
2025-03-02 07:00:00,1.0
2025-03-02 08:00:00,1.0
2025-03-02 09:00:00,1.0
2025-03-02 10:00:00,1.0
2025-03-02 11:00:00,1.0
2025-03-02 12:00:00,1.0
2025-03-02 13:00:00,0.8704514795474277
2025-03-02 14:00:00,0.38399662881821994
2025-03-02 15:00:00,0.07109408807285215
2025-03-02 16:00:00,0.13185099293318064
2025-03-02 17:00:00,0.12488093511710432
2025-03-02 18:00:00,0.04685340340875718
2025-03-02 19:00:00,0.00016191997660328094
2025-03-02 20:00:00,0.005460933557305369
2025-03-02 21:00:00,0.005955055517643441
2025-03-02 22:00:00,0.0008057592775329842
2025-03-02 23:00:00,0.0
2025-03-03 00:00:00,0.0
2025-03-03 01:00:00,0.0017003935925052438
2025-03-03 02:00:00,0.0011014546922029978
2025-03-03 03:00:00,0.0
2025-03-03 04:00:00,0.0
2025-03-03 05:00:00,0.011058616635857504
2025-03-03 06:00:00,0.017560165634638962
2025-03-03 07:00:00,0.026509370191251273
2025-03-03 08:00:00,0.018598424401323786
2025-03-03 09:00:00,0.0026411926534808277
2025-03-03 10:00:00,6.309689574173575e-06
2025-03-03 11:00:00,0.0
2025-03-03 12:00:00,0.00022402272718060454
2025-03-03 13:00:00,0.006491233169326075
2025-03-03 14:00:00,0.012902404442898911
2025-03-03 15:00:00,0.031055466370831186
2025-03-03 16:00:00,0.0610106967452212
2025-03-03 17:00:00,0.0221194153236697
2025-03-03 18:00:00,0.015494315491538188
2025-03-03 19:00:00,0.007468040985952442
2025-03-03 20:00:00,0.28687567703034206
2025-03-03 21:00:00,0.5537849326473365
2025-03-03 22:00:00,0.5521588125054647
2025-03-03 23:00:00,1.0
2025-03-04 00:00:00,1.0
2025-03-04 01:00:00,0.6878285005788904
2025-03-04 02:00:00,0.528719992519276
2025-03-04 03:00:00,0.46965222160015224
2025-03-04 04:00:00,0.6288081890006194
2025-03-04 05:00:00,0.48376242135959535
2025-03-04 06:00:00,0.4084814411787663
2025-03-04 07:00:00,0.2634610132003444
2025-03-04 08:00:00,0.5296034833941777
2025-03-04 09:00:00,0.1515630751844461
2025-03-04 10:00:00,0.0966818906101882
2025-03-04 11:00:00,0.0033397576068149915
2025-03-04 12:00:00,1.1354849274938342e-06
2025-03-04 13:00:00,0.0015646504307994173
2025-03-04 14:00:00,0.009860807997127866
2025-03-04 15:00:00,0.007041966764514043
2025-03-04 16:00:00,0.07275748811571796
2025-03-04 17:00:00,0.28764130720496645
2025-03-04 18:00:00,0.25554830989629446
2025-03-04 19:00:00,0.29593268970026076
2025-03-04 20:00:00,0.18966677510586272
2025-03-04 21:00:00,0.31011776034581917
2025-03-04 22:00:00,0.0953913562615865
2025-03-04 23:00:00,0.45888557765436194
2025-03-05 00:00:00,0.8297311747388832
2025-03-05 01:00:00,0.332542475368504
2025-03-05 02:00:00,0.15812614336055053
2025-03-05 03:00:00,0.22803630285524812
2025-03-05 04:00:00,0.1611547022212785
2025-03-05 05:00:00,0.2562086043054869
2025-03-05 06:00:00,0.17782585796024586
2025-03-05 07:00:00,0.5496634069667489
2025-03-05 08:00:00,0.49465252078177
2025-03-05 09:00:00,1.0
2025-03-05 10:00:00,1.0
2025-03-05 11:00:00,0.7669569323997827
2025-03-05 12:00:00,1.0
2025-03-05 13:00:00,1.0
2025-03-05 14:00:00,1.0
2025-03-05 15:00:00,1.0
2025-03-05 16:00:00,1.0
2025-03-05 17:00:00,0.35851582256472236
2025-03-05 18:00:00,0.3206016161918979
2025-03-05 19:00:00,0.7388677699808279
2025-03-05 20:00:00,0.8135587066315684
2025-03-05 21:00:00,1.0
2025-03-05 22:00:00,1.0
2025-03-05 23:00:00,1.0
2025-03-06 00:00:00,1.0
2025-03-06 01:00:00,1.0
2025-03-06 02:00:00,1.0
2025-03-06 03:00:00,1.0
2025-03-06 04:00:00,1.0
2025-03-06 05:00:00,0.46582962876429096
2025-03-06 06:00:00,0.5074262708611412
2025-03-06 07:00:00,0.711945601363902
2025-03-06 08:00:00,0.6823115779388683
2025-03-06 09:00:00,0.736886658598973
2025-03-06 10:00:00,0.6306048276702321
2025-03-06 11:00:00,0.11254423318883941
2025-03-06 12:00:00,0.45740980566171907
2025-03-06 13:00:00,0.31816498958661055
2025-03-06 14:00:00,0.17652814766779043
2025-03-06 15:00:00,0.49083116680352645
2025-03-06 16:00:00,0.8020663489814248
2025-03-06 17:00:00,0.8170991958820145
2025-03-06 18:00:00,1.0
2025-03-06 19:00:00,0.4693924103013047
2025-03-06 20:00:00,0.4014286041479677
2025-03-06 21:00:00,0.8228411035047227
2025-03-06 22:00:00,0.47415000672828816
2025-03-06 23:00:00,0.1985325366016869
2025-03-07 00:00:00,0.2041759441087445
2025-03-07 01:00:00,0.21519562201986034
2025-03-07 02:00:00,0.3453726257209748
2025-03-07 03:00:00,0.09017234646153524
2025-03-07 04:00:00,9.147967778245048e-06
2025-03-07 05:00:00,0.011813755215776586
2025-03-07 06:00:00,0.0003774431388974916
2025-03-07 07:00:00,2.1765868634058473e-06
2025-03-07 08:00:00,0.0
2025-03-07 09:00:00,0.0
2025-03-07 10:00:00,0.00027831787158234724
2025-03-07 11:00:00,0.004373389298716671
2025-03-07 12:00:00,0.01577610397076872
2025-03-07 13:00:00,0.0
2025-03-07 14:00:00,0.0
2025-03-07 15:00:00,0.0
2025-03-07 16:00:00,0.0
2025-03-07 17:00:00,0.0
2025-03-07 18:00:00,0.0
2025-03-07 19:00:00,0.0023627430224401136
2025-03-07 20:00:00,0.0
2025-03-07 21:00:00,0.0
2025-03-07 22:00:00,0.0036022629360809295
2025-03-07 23:00:00,3.383041543986351e-05
2025-03-08 00:00:00,0.00010675098207091226
2025-03-08 01:00:00,0.00525150988433647
2025-03-08 02:00:00,0.009272152655889002
2025-03-08 03:00:00,0.044939726904828996
2025-03-08 04:00:00,0.0583348047436752
2025-03-08 05:00:00,0.04204469311676894
2025-03-08 06:00:00,0.004505161324329801
2025-03-08 07:00:00,0.014249891643842718
2025-03-08 08:00:00,0.02362678514863567
2025-03-08 09:00:00,0.0028070557474067534
2025-03-08 10:00:00,0.02142348824341539
2025-03-08 11:00:00,0.13853938811282915
2025-03-08 12:00:00,0.06648952183046208
2025-03-08 13:00:00,0.0250365007280221
2025-03-08 14:00:00,0.006332836932676854
2025-03-08 15:00:00,0.0
2025-03-08 16:00:00,0.03664969704785038
2025-03-08 17:00:00,0.02064168442012951
2025-03-08 18:00:00,0.0035507007830526275
2025-03-08 19:00:00,0.0
2025-03-08 20:00:00,0.0
2025-03-08 21:00:00,0.0
2025-03-08 22:00:00,0.011093151138217497
2025-03-08 23:00:00,6.396013625715139e-05
2025-03-09 00:00:00,0.0
2025-03-09 01:00:00,0.0
2025-03-09 02:00:00,1.2047284002923014e-05
2025-03-09 03:00:00,4.053612275764266e-05
2025-03-09 04:00:00,0.00559654185992424
2025-03-09 05:00:00,0.012910243179443719
2025-03-09 06:00:00,0.016535363233960692
2025-03-09 07:00:00,7.486162285880613e-05
2025-03-09 08:00:00,0.0
2025-03-09 09:00:00,0.0
2025-03-09 10:00:00,0.0
2025-03-09 11:00:00,0.0
2025-03-09 12:00:00,0.0
2025-03-09 13:00:00,0.0
2025-03-09 14:00:00,0.0
2025-03-09 15:00:00,0.0
2025-03-09 16:00:00,0.0
2025-03-09 17:00:00,0.0
2025-03-09 18:00:00,0.0
2025-03-09 19:00:00,0.0011762484371069903
2025-03-09 20:00:00,0.0007846730462676765
2025-03-09 21:00:00,0.0529920301275945
2025-03-09 22:00:00,0.03739862475482431
2025-03-09 23:00:00,0.04279901718733647
2025-03-10 00:00:00,0.0398474398160452
2025-03-10 01:00:00,0.06305508934018839
2025-03-10 02:00:00,0.03877679382049744
2025-03-10 03:00:00,0.05162221441117436
2025-03-10 04:00:00,0.2696196668100324
2025-03-10 05:00:00,0.5327045748947511
2025-03-10 06:00:00,0.8846309997754266
2025-03-10 07:00:00,0.32553887077945787
2025-03-10 08:00:00,0.1041548448640907
2025-03-10 09:00:00,0.13404875595955792
2025-03-10 10:00:00,0.2654509319128542
2025-03-10 11:00:00,0.15907462656479981
2025-03-10 12:00:00,0.07452536704254356
2025-03-10 13:00:00,0.2959945058365759
2025-03-10 14:00:00,0.4520733361454529
2025-03-10 15:00:00,0.7825078855381652
2025-03-10 16:00:00,0.5234962583511629
2025-03-10 17:00:00,0.32654465701489516
2025-03-10 18:00:00,0.5759975983850504
2025-03-10 19:00:00,0.431595957315738
2025-03-10 20:00:00,0.24769697965601534
2025-03-10 21:00:00,0.09851036015298181
2025-03-10 22:00:00,0.055049939514417036
2025-03-10 23:00:00,0.15933524583738334
2025-03-11 00:00:00,0.022486468399108207
2025-03-11 01:00:00,0.06979148571833416
2025-03-11 02:00:00,0.027539592906629436
2025-03-11 03:00:00,0.023755613206264875
2025-03-11 04:00:00,0.0232073717819962
2025-03-11 05:00:00,0.019820787173673773
2025-03-11 06:00:00,0.014932019085854585
2025-03-11 07:00:00,0.007727667067714469
2025-03-11 08:00:00,0.002327055300909683
2025-03-11 09:00:00,0.06107790151129246
2025-03-11 10:00:00,0.068888138969404
2025-03-11 11:00:00,0.06347035417591046
2025-03-11 12:00:00,0.027324522926980836
2025-03-11 13:00:00,0.016255613556254395
2025-03-11 14:00:00,0.004979986443125702
2025-03-11 15:00:00,0.0374076329893882
2025-03-11 16:00:00,0.01135387066433502
2025-03-11 17:00:00,0.0
2025-03-11 18:00:00,0.0
2025-03-11 19:00:00,0.0
2025-03-11 20:00:00,0.0
2025-03-11 21:00:00,0.0020591889059039022
2025-03-11 22:00:00,0.0
2025-03-11 23:00:00,0.0001318462428324184
2025-03-12 00:00:00,0.02064480584502212
2025-03-12 01:00:00,0.007071112193613388
2025-03-12 02:00:00,0.0032235671810664046
2025-03-12 03:00:00,0.019512598212949938
2025-03-12 04:00:00,0.05622404283122146
2025-03-12 05:00:00,0.024098854551233
2025-03-12 06:00:00,5.507698722156375e-05
2025-03-12 07:00:00,0.0865036632455509
2025-03-12 08:00:00,0.22763354013891376
2025-03-12 09:00:00,0.2466207658267837
2025-03-12 10:00:00,0.2685573780183913
2025-03-12 11:00:00,0.39978313575970925
2025-03-12 12:00:00,0.5910965213404522
2025-03-12 13:00:00,0.09364271965812757
2025-03-12 14:00:00,0.06426182439675118
2025-03-12 15:00:00,0.037522830434246784
2025-03-12 16:00:00,0.034373511502885944
2025-03-12 17:00:00,0.1064177977720578
2025-03-12 18:00:00,0.0053885662485772525
2025-03-12 19:00:00,0.0
2025-03-12 20:00:00,0.0
2025-03-12 21:00:00,7.419506964150254e-08
2025-03-12 22:00:00,0.00745977723182049
2025-03-12 23:00:00,0.12682233095902662
2025-03-13 00:00:00,0.09318765869368702
2025-03-13 01:00:00,0.2148407530568636
2025-03-13 02:00:00,0.35737700704889835
2025-03-13 03:00:00,0.4761974671016948
2025-03-13 04:00:00,0.4212841501509718
2025-03-13 05:00:00,0.2852583310905503
2025-03-13 06:00:00,0.09979094315554231
2025-03-13 07:00:00,0.02141002376604943
2025-03-13 08:00:00,0.04639737355861764
2025-03-13 09:00:00,0.04869099913840806
2025-03-13 10:00:00,0.029661430098662293
2025-03-13 11:00:00,0.08609675719693016
2025-03-13 12:00:00,0.07124235593758517
2025-03-13 13:00:00,0.019711669448745903
2025-03-13 14:00:00,0.015463653574675182
2025-03-13 15:00:00,0.07067774220728625
2025-03-13 16:00:00,0.015728023162123267
2025-03-13 17:00:00,0.03028205892484024
2025-03-13 18:00:00,0.0334220531180969
2025-03-13 19:00:00,0.009611442504799566
2025-03-13 20:00:00,0.007172016331348174
2025-03-13 21:00:00,0.0
2025-03-13 22:00:00,3.615402933766442e-05
2025-03-13 23:00:00,0.0
2025-03-14 00:00:00,0.0008968068598269623
2025-03-14 01:00:00,0.0018196651369488614
2025-03-14 02:00:00,0.0002678990066979066
2025-03-14 03:00:00,0.028089051629940055
2025-03-14 04:00:00,0.0034289854204388784
2025-03-14 05:00:00,0.00022391397375221564
2025-03-14 06:00:00,0.0
2025-03-14 07:00:00,0.0007046541419885448
2025-03-14 08:00:00,0.08863028420444545
2025-03-14 09:00:00,0.004960457098680371
2025-03-14 10:00:00,0.00030139422411810626
2025-03-14 11:00:00,0.0018539669280650492
2025-03-14 12:00:00,0.00041499433784629013
2025-03-14 13:00:00,0.0014286735648905463
2025-03-14 14:00:00,0.002318256399318062
2025-03-14 15:00:00,0.01355363526637117
2025-03-14 16:00:00,0.0011157325983060875
2025-03-14 17:00:00,0.005499641423362096
2025-03-14 18:00:00,1.050380156688747e-05
2025-03-14 19:00:00,1.735830546625967e-09
2025-03-14 20:00:00,0.0
2025-03-14 21:00:00,0.0
2025-03-14 22:00:00,0.0
2025-03-14 23:00:00,0.0
2025-03-15 00:00:00,9.87662394545344e-06
2025-03-15 01:00:00,0.0007403871176133231
2025-03-15 02:00:00,0.002109197017384641
2025-03-15 03:00:00,0.0
2025-03-15 04:00:00,0.0
2025-03-15 05:00:00,0.0
2025-03-15 06:00:00,0.0
2025-03-15 07:00:00,0.0
2025-03-15 08:00:00,0.0
2025-03-15 09:00:00,0.0
2025-03-15 10:00:00,0.0
2025-03-15 11:00:00,0.0
2025-03-15 12:00:00,0.0025991354089491252
2025-03-15 13:00:00,0.0005402143422046953
2025-03-15 14:00:00,0.0015413059204383084
2025-03-15 15:00:00,0.008110454538665018
2025-03-15 16:00:00,0.027734642034390838
2025-03-15 17:00:00,0.21644945049771142
2025-03-15 18:00:00,0.20148077746640009
2025-03-15 19:00:00,0.46438818712637137
2025-03-15 20:00:00,0.16894830644490277
2025-03-15 21:00:00,0.08582246686469223
2025-03-15 22:00:00,0.0007067250037193594
2025-03-15 23:00:00,0.003807929991215278
2025-03-16 00:00:00,0.026605205043995123
2025-03-16 01:00:00,0.0
2025-03-16 02:00:00,0.0
2025-03-16 03:00:00,0.002579591098120313
2025-03-16 04:00:00,0.018719793531579036
2025-03-16 05:00:00,0.0007066828575577583
2025-03-16 06:00:00,0.017594863626628942
2025-03-16 07:00:00,0.023409462529088158
2025-03-16 08:00:00,0.06736216298721337
2025-03-16 09:00:00,0.06188125426578787
2025-03-16 10:00:00,0.1039772915327608
2025-03-16 11:00:00,0.28676562416004864
2025-03-16 12:00:00,0.22669395863649947
2025-03-16 13:00:00,0.2705653905416909
2025-03-16 14:00:00,0.5966820595456267
2025-03-16 15:00:00,0.4852026044718598
2025-03-16 16:00:00,0.18433558664872804
2025-03-16 17:00:00,0.3087427536947383
2025-03-16 18:00:00,0.7267330396264415
2025-03-16 19:00:00,1.0
2025-03-16 20:00:00,1.0
2025-03-16 21:00:00,0.31728390737967604
2025-03-16 22:00:00,0.1735150904885328
2025-03-16 23:00:00,0.09387211004190027
2025-03-17 00:00:00,0.10074667749324796
2025-03-17 01:00:00,0.4239817189570722
2025-03-17 02:00:00,0.16254124635805267
2025-03-17 03:00:00,0.7691620190797263
2025-03-17 04:00:00,0.5333070512457075
2025-03-17 05:00:00,0.27704357635698285
2025-03-17 06:00:00,0.47136333521396206
2025-03-17 07:00:00,0.741668574333012
2025-03-17 08:00:00,0.9227637567898518
2025-03-17 09:00:00,0.50784288253377
2025-03-17 10:00:00,0.6189406026194654
2025-03-17 11:00:00,0.26767427678961025
2025-03-17 12:00:00,0.12276357769954367
2025-03-17 13:00:00,0.11176424444217867
2025-03-17 14:00:00,0.04167408355257664
2025-03-17 15:00:00,0.15594819841535348
2025-03-17 16:00:00,0.0840480222907604
2025-03-17 17:00:00,0.06773180701843047
2025-03-17 18:00:00,0.019677862119099446
2025-03-17 19:00:00,0.10163757898390978
2025-03-17 20:00:00,0.04623238246425023
2025-03-17 21:00:00,0.1795670452712541
2025-03-17 22:00:00,0.3997010565557406
2025-03-17 23:00:00,0.2605055463047468
2025-03-18 00:00:00,0.24765880864047674
2025-03-18 01:00:00,0.15419886845431854
2025-03-18 02:00:00,0.24264968185882813
2025-03-18 03:00:00,0.19409022531640877
2025-03-18 04:00:00,0.12614289838352408
2025-03-18 05:00:00,0.1319844596193195
2025-03-18 06:00:00,0.01459256979346216
2025-03-18 07:00:00,0.01704446421690736
2025-03-18 08:00:00,0.059344120195527775
2025-03-18 09:00:00,0.07630738431025096
2025-03-18 10:00:00,0.2059651947328844
2025-03-18 11:00:00,0.1395074791407303
2025-03-18 12:00:00,0.08531960569367837
2025-03-18 13:00:00,0.01755556422504196
2025-03-18 14:00:00,0.01011960669223607
2025-03-18 15:00:00,0.18781884037825683
2025-03-18 16:00:00,0.22860510098414036
2025-03-18 17:00:00,0.12703922873970133
2025-03-18 18:00:00,0.03748403118635037
2025-03-18 19:00:00,0.0006058897600512843
2025-03-18 20:00:00,0.0
2025-03-18 21:00:00,0.004545905161394572
2025-03-18 22:00:00,0.0020936672374377847
2025-03-18 23:00:00,1.5514237177206738e-07
2025-03-19 00:00:00,0.0
2025-03-19 01:00:00,0.0005047006891534053
2025-03-19 02:00:00,0.0012606245969656777
2025-03-19 03:00:00,7.793989631470472e-05
2025-03-19 04:00:00,5.067971240174178e-05
2025-03-19 05:00:00,0.0913654523176461
2025-03-19 06:00:00,0.2852438541398711
2025-03-19 07:00:00,0.6974159659777917
2025-03-19 08:00:00,0.17222277510462858
2025-03-19 09:00:00,0.14509805894674216
2025-03-19 10:00:00,0.07172915223834445
2025-03-19 11:00:00,0.13609016980024266
2025-03-19 12:00:00,0.32743325680239527
2025-03-19 13:00:00,0.38037760999635106
2025-03-19 14:00:00,0.17259007354032493
2025-03-19 15:00:00,0.08573858692568212
2025-03-19 16:00:00,0.16642500110187675
2025-03-19 17:00:00,0.29382811517871904
2025-03-19 18:00:00,0.3030437425991907
2025-03-19 19:00:00,0.30894652384403204
2025-03-19 20:00:00,0.2962881824030378
2025-03-19 21:00:00,0.33524679968303844
2025-03-19 22:00:00,0.5011208928546572
2025-03-19 23:00:00,0.6577280867591421
2025-03-20 00:00:00,0.58011241102028
2025-03-20 01:00:00,0.4971307367526815
2025-03-20 02:00:00,0.4188103233053017
2025-03-20 03:00:00,0.20901792913804546
2025-03-20 04:00:00,0.09241364872954005
2025-03-20 05:00:00,0.16364224695670698
2025-03-20 06:00:00,0.07600043648992794
2025-03-20 07:00:00,0.18145710578149649
2025-03-20 08:00:00,0.16702685048666682
2025-03-20 09:00:00,0.31652048041057085
2025-03-20 10:00:00,0.4545294932929048
2025-03-20 11:00:00,0.6854695107338493
2025-03-20 12:00:00,0.4461854571577473
2025-03-20 13:00:00,0.5223654155176599
2025-03-20 14:00:00,0.7220023903772208
2025-03-20 15:00:00,0.21539269215055581
2025-03-20 16:00:00,0.6627583090443612
2025-03-20 17:00:00,1.0
2025-03-20 18:00:00,1.0
2025-03-20 19:00:00,1.0
2025-03-20 20:00:00,1.0
2025-03-20 21:00:00,1.0
2025-03-20 22:00:00,1.0
2025-03-20 23:00:00,1.0
2025-03-21 00:00:00,0.9731860888321646
2025-03-21 01:00:00,0.4487759622932968
2025-03-21 02:00:00,0.30446309930730403
2025-03-21 03:00:00,0.4455437333928881
2025-03-21 04:00:00,0.20895990241351736
2025-03-21 05:00:00,0.16299114309794208
2025-03-21 06:00:00,0.14344905146512665
2025-03-21 07:00:00,0.043971438141921074
2025-03-21 08:00:00,0.0
2025-03-21 09:00:00,0.0
2025-03-21 10:00:00,0.0
2025-03-21 11:00:00,0.0007008994023240645
2025-03-21 12:00:00,0.0094504099873215
2025-03-21 13:00:00,0.039600055936111954
2025-03-21 14:00:00,0.016095364295900107
2025-03-21 15:00:00,0.0025966715419275714
2025-03-21 16:00:00,0.01304520877095498
2025-03-21 17:00:00,0.011590363170781683
2025-03-21 18:00:00,0.06572327477026582
2025-03-21 19:00:00,0.10781733939805827
2025-03-21 20:00:00,0.32948247574791106
2025-03-21 21:00:00,0.20957571563424793
2025-03-21 22:00:00,0.440830370587075
2025-03-21 23:00:00,1.0
2025-03-22 00:00:00,1.0
2025-03-22 01:00:00,1.0
2025-03-22 02:00:00,0.5936298624067262
2025-03-22 03:00:00,0.8671887496011603
2025-03-22 04:00:00,1.0
2025-03-22 05:00:00,0.8641151508461304
2025-03-22 06:00:00,1.0
2025-03-22 07:00:00,0.9967658283057941
2025-03-22 08:00:00,1.0
2025-03-22 09:00:00,1.0
2025-03-22 10:00:00,1.0
2025-03-22 11:00:00,1.0
2025-03-22 12:00:00,1.0
2025-03-22 13:00:00,1.0
2025-03-22 14:00:00,1.0
2025-03-22 15:00:00,1.0
2025-03-22 16:00:00,0.3019655720073139
2025-03-22 17:00:00,0.42132860187710297
2025-03-22 18:00:00,0.7949143380772563
2025-03-22 19:00:00,0.593799678877381
2025-03-22 20:00:00,0.5674387552776191
2025-03-22 21:00:00,0.43559305478071275
2025-03-22 22:00:00,0.29822015705075405
2025-03-22 23:00:00,0.32715379617100515
2025-03-23 00:00:00,0.15560988761496036
2025-03-23 01:00:00,0.12087254116770436
2025-03-23 02:00:00,0.04102828800965095
2025-03-23 03:00:00,0.09531378096921257
2025-03-23 04:00:00,0.12482404206524265
2025-03-23 05:00:00,0.07829411549909067
2025-03-23 06:00:00,0.08536707291593695
2025-03-23 07:00:00,0.06843539943799451
2025-03-23 08:00:00,0.2226179141663354
2025-03-23 09:00:00,0.14212231163330094
2025-03-23 10:00:00,0.2425512166043028
2025-03-23 11:00:00,0.12061306656039207
2025-03-23 12:00:00,0.2479207794022259
2025-03-23 13:00:00,0.48509520090485697
2025-03-23 14:00:00,0.8181757044354071
2025-03-23 15:00:00,1.0
2025-03-23 16:00:00,1.0
2025-03-23 17:00:00,1.0
2025-03-23 18:00:00,1.0
2025-03-23 19:00:00,1.0
2025-03-23 20:00:00,1.0
2025-03-23 21:00:00,0.3495433699338475
2025-03-23 22:00:00,0.6322043418157947
2025-03-23 23:00:00,0.18781526314308916
2025-03-24 00:00:00,0.019581112714418217
2025-03-24 01:00:00,0.0013634871797088429
2025-03-24 02:00:00,0.0
2025-03-24 03:00:00,0.0
2025-03-24 04:00:00,0.0
2025-03-24 05:00:00,0.0
2025-03-24 06:00:00,0.0
2025-03-24 07:00:00,0.0
2025-03-24 08:00:00,0.0
2025-03-24 09:00:00,0.0
2025-03-24 10:00:00,0.0
2025-03-24 11:00:00,0.0
2025-03-24 12:00:00,0.0
2025-03-24 13:00:00,0.0
2025-03-24 14:00:00,0.044902633869959116
2025-03-24 15:00:00,0.031944284776005416
2025-03-24 16:00:00,0.0015980287532357405
2025-03-24 17:00:00,0.0015443288551788947
2025-03-24 18:00:00,0.0063325716465654725
2025-03-24 19:00:00,0.008834603811957822
2025-03-24 20:00:00,0.037795108559419095
2025-03-24 21:00:00,0.36584373186710734
2025-03-24 22:00:00,0.0692323742864804
2025-03-24 23:00:00,0.037614191939034106
2025-03-25 00:00:00,0.2183529080140017
2025-03-25 01:00:00,0.12878670469290043
2025-03-25 02:00:00,0.25363374419764656
2025-03-25 03:00:00,0.37659284884683913
2025-03-25 04:00:00,0.733684621449446
2025-03-25 05:00:00,1.0
2025-03-25 06:00:00,1.0
2025-03-25 07:00:00,0.5251764699705208
2025-03-25 08:00:00,0.28732467560427954
2025-03-25 09:00:00,1.0
2025-03-25 10:00:00,0.37031303068650195
2025-03-25 11:00:00,0.4685810662918631
2025-03-25 12:00:00,0.0375197098515753
2025-03-25 13:00:00,0.0021034663280081727
2025-03-25 14:00:00,0.029739780521703733
2025-03-25 15:00:00,0.03710998258599899
2025-03-25 16:00:00,0.02367973278312504
2025-03-25 17:00:00,0.0052200858811763794
2025-03-25 18:00:00,0.0
2025-03-25 19:00:00,0.0001403196328947484
2025-03-25 20:00:00,0.00011806918327387496
2025-03-25 21:00:00,0.0
2025-03-25 22:00:00,0.0
2025-03-25 23:00:00,0.0002805946560692953
2025-03-26 00:00:00,0.00040245185769224043
2025-03-26 01:00:00,0.0024102427642395652
2025-03-26 02:00:00,0.005408748327409755
2025-03-26 03:00:00,0.0007474957673822974
2025-03-26 04:00:00,0.002696656143295183
2025-03-26 05:00:00,0.025514006092096756
2025-03-26 06:00:00,0.11278397162427341
2025-03-26 07:00:00,0.2304084814605859
2025-03-26 08:00:00,0.11744551546673782
2025-03-26 09:00:00,0.20920333642978728
2025-03-26 10:00:00,0.28643102680595445
2025-03-26 11:00:00,0.1451672060220984
2025-03-26 12:00:00,0.08843067790168847
2025-03-26 13:00:00,0.1765480560439104
2025-03-26 14:00:00,0.47306682357900065
2025-03-26 15:00:00,0.09292774073519904
2025-03-26 16:00:00,0.3812042325889631
2025-03-26 17:00:00,0.709726273823191
2025-03-26 18:00:00,0.6909271732110541
2025-03-26 19:00:00,0.5212904161690143
2025-03-26 20:00:00,0.5862483923183813
2025-03-26 21:00:00,0.338423795152185
2025-03-26 22:00:00,0.2704367726981126
2025-03-26 23:00:00,0.05880433416843887
2025-03-27 00:00:00,0.0014100359343193532
2025-03-27 01:00:00,0.1495041324665216
2025-03-27 02:00:00,0.15434661597094448
2025-03-27 03:00:00,0.17989251407134377
2025-03-27 04:00:00,0.16770541121271884
2025-03-27 05:00:00,0.06861039425720862
2025-03-27 06:00:00,0.049294325938284665
2025-03-27 07:00:00,0.06085460913115078
2025-03-27 08:00:00,0.05076689212017678
2025-03-27 09:00:00,0.01730855138118083
2025-03-27 10:00:00,0.04651816128669835
2025-03-27 11:00:00,0.06540819849149096
2025-03-27 12:00:00,0.10737583322716616
2025-03-27 13:00:00,0.20694239263060557
2025-03-27 14:00:00,0.1690099967971317
2025-03-27 15:00:00,0.13932333262450655
2025-03-27 16:00:00,0.4345181830979992
2025-03-27 17:00:00,0.19083994167759014
2025-03-27 18:00:00,0.017617574644485306
2025-03-27 19:00:00,0.0520867496579727
2025-03-27 20:00:00,0.022336976133198985
2025-03-27 21:00:00,0.0019870524153016863
2025-03-27 22:00:00,0.02874714198432196
2025-03-27 23:00:00,0.027124018849695036
2025-03-28 00:00:00,0.0013744977525951619
2025-03-28 01:00:00,0.09988922151632894
2025-03-28 02:00:00,0.008371654362523812
2025-03-28 03:00:00,0.010196307739801291
2025-03-28 04:00:00,0.0
2025-03-28 05:00:00,3.947883198799354e-05
2025-03-28 06:00:00,0.0
2025-03-28 07:00:00,0.004001783925070801
2025-03-28 08:00:00,0.006675564208864347
2025-03-28 09:00:00,0.0840560736058464
2025-03-28 10:00:00,0.05163594732353802
2025-03-28 11:00:00,0.001798220388262256
2025-03-28 12:00:00,0.007579623615149792
2025-03-28 13:00:00,0.00621189063898849
2025-03-28 14:00:00,0.0
2025-03-28 15:00:00,0.0
2025-03-28 16:00:00,0.0
2025-03-28 17:00:00,0.00044224175213713535
2025-03-28 18:00:00,0.012523837278335647
2025-03-28 19:00:00,0.0080616436185068
2025-03-28 20:00:00,0.028518599172704908
2025-03-28 21:00:00,0.0
2025-03-28 22:00:00,0.0
2025-03-28 23:00:00,0.00029300061973616676
2025-03-29 00:00:00,0.0024009348849356607
2025-03-29 01:00:00,0.000527012894019455
2025-03-29 02:00:00,0.0015015698434531408
2025-03-29 03:00:00,0.008759957848241335
2025-03-29 04:00:00,0.012496028712427358
2025-03-29 05:00:00,0.06259023042138064
2025-03-29 06:00:00,0.09560731870113896
2025-03-29 07:00:00,0.15992320988838568
2025-03-29 08:00:00,0.5422904725132828
2025-03-29 09:00:00,0.7702554956062697
2025-03-29 10:00:00,1.0
2025-03-29 11:00:00,0.9396419047848933
2025-03-29 12:00:00,0.30126750449841116
2025-03-29 13:00:00,0.24832881544708443
2025-03-29 14:00:00,0.19212854646841745
2025-03-29 15:00:00,0.5215012494270425
2025-03-29 16:00:00,0.20386154862462852
2025-03-29 17:00:00,0.18026620934996074
2025-03-29 18:00:00,0.2411167422770286
2025-03-29 19:00:00,0.2435679392903803
2025-03-29 20:00:00,0.19733079798303574
2025-03-29 21:00:00,0.25050407699356414
2025-03-29 22:00:00,0.49497987906918267
2025-03-29 23:00:00,1.0
2025-03-30 00:00:00,0.8827851898621075
2025-03-30 01:00:00,0.4722618221414959
2025-03-30 02:00:00,0.9937404237958316
2025-03-30 03:00:00,0.45829095225278815
2025-03-30 04:00:00,1.0
2025-03-30 05:00:00,1.0
2025-03-30 06:00:00,1.0
2025-03-30 07:00:00,1.0
2025-03-30 08:00:00,0.8686897937712086
2025-03-30 09:00:00,0.4017306346261581
2025-03-30 10:00:00,0.44205397174829514
2025-03-30 11:00:00,0.2426665071255842
2025-03-30 12:00:00,0.17376693748824856
2025-03-30 13:00:00,0.27410889883137346
2025-03-30 14:00:00,0.22132491422692474
2025-03-30 15:00:00,0.06130815445515523
2025-03-30 16:00:00,0.16326754841936178
2025-03-30 17:00:00,0.2422335353497617
2025-03-30 18:00:00,0.18369306416551787
2025-03-30 19:00:00,0.3075015516340372
2025-03-30 20:00:00,0.301790742271097
2025-03-30 21:00:00,0.653372026656166
2025-03-30 22:00:00,0.6214643829712272
2025-03-30 23:00:00,1.0
2025-03-31 00:00:00,0.2994389726703334
2025-03-31 01:00:00,0.3797738154961712
2025-03-31 02:00:00,0.256008621045316
2025-03-31 03:00:00,0.11057263606827063
2025-03-31 04:00:00,0.2971614844174958
2025-03-31 05:00:00,0.4973187344865213
2025-03-31 06:00:00,0.08269496545391751
2025-03-31 07:00:00,0.17158222364819403
2025-03-31 08:00:00,0.2671241924864139
2025-03-31 09:00:00,0.13277144685752262
2025-03-31 10:00:00,0.05126618534839585
2025-03-31 11:00:00,0.0019220813813143156
2025-03-31 12:00:00,0.0011538889489294607
2025-03-31 13:00:00,0.0014548514231409251
2025-03-31 14:00:00,0.02166103679901722
2025-03-31 15:00:00,0.04006708491966842
2025-03-31 16:00:00,0.006222439393672154
2025-03-31 17:00:00,0.015983978009285783
2025-03-31 18:00:00,0.012685338103057234
2025-03-31 19:00:00,0.0011952183107457348
2025-03-31 20:00:00,0.0
2025-03-31 21:00:00,9.730552440290575e-05
2025-03-31 22:00:00,0.004202636578769118
2025-03-31 23:00:00,0.022689198307676586
2025-04-01 00:00:00,0.006153083859289446
2025-04-01 01:00:00,0.013830997737073325
2025-04-01 02:00:00,7.011178838223023e-05
2025-04-01 03:00:00,0.0
2025-04-01 04:00:00,0.0
2025-04-01 05:00:00,0.0004541630673944011
2025-04-01 06:00:00,0.0
2025-04-01 07:00:00,0.0
2025-04-01 08:00:00,0.0
2025-04-01 09:00:00,0.0
2025-04-01 10:00:00,0.0
2025-04-01 11:00:00,0.0
2025-04-01 12:00:00,0.0003649573194707667
2025-04-01 13:00:00,0.0003645420944032618
2025-04-01 14:00:00,0.003729589177175956
2025-04-01 15:00:00,0.0
2025-04-01 16:00:00,0.0
2025-04-01 17:00:00,0.008250990275146124
2025-04-01 18:00:00,0.10550295534352584
2025-04-01 19:00:00,0.22582928255155565
2025-04-01 20:00:00,0.46256649763037044
2025-04-01 21:00:00,0.09017131235253453
2025-04-01 22:00:00,0.026392982054167784
2025-04-01 23:00:00,0.01864249912450625
2025-04-02 00:00:00,0.30628697165720054
2025-04-02 01:00:00,0.21977035322069877
2025-04-02 02:00:00,0.35866244829272026
2025-04-02 03:00:00,0.418050077109766
2025-04-02 04:00:00,0.4702693219061442
2025-04-02 05:00:00,0.4107786513919576
2025-04-02 06:00:00,0.14292050031169318
2025-04-02 07:00:00,0.0005583000290844568
2025-04-02 08:00:00,0.03530270965793077
2025-04-02 09:00:00,0.014371401571607814
2025-04-02 10:00:00,0.0
2025-04-02 11:00:00,0.0006461278013818818
2025-04-02 12:00:00,0.007144693086084688
2025-04-02 13:00:00,0.04085716227984804
2025-04-02 14:00:00,0.15497045534955686
2025-04-02 15:00:00,0.05597872841459515
2025-04-02 16:00:00,0.01571806365818006
2025-04-02 17:00:00,0.0108439787335136
2025-04-02 18:00:00,0.05441907302579466
2025-04-02 19:00:00,0.00012013213697889007
2025-04-02 20:00:00,0.0014183481038371338
2025-04-02 21:00:00,0.026644153679057196
2025-04-02 22:00:00,0.09715328516068457
2025-04-02 23:00:00,0.19036165291358564
2025-04-03 00:00:00,0.39511548146709613
2025-04-03 01:00:00,0.01874988573035973
2025-04-03 02:00:00,0.1624825297293288
2025-04-03 03:00:00,0.20677232236775936
2025-04-03 04:00:00,0.5004425672448073
2025-04-03 05:00:00,0.18784239357310764
2025-04-03 06:00:00,0.022057178837633012
2025-04-03 07:00:00,0.20204526039415538
2025-04-03 08:00:00,0.07740665511172223
2025-04-03 09:00:00,0.05515400739839616
2025-04-03 10:00:00,0.10683292595579569
2025-04-03 11:00:00,0.214315164981963
2025-04-03 12:00:00,0.4374497383146965
2025-04-03 13:00:00,0.4498360664482669
2025-04-03 14:00:00,0.18239130479454374
2025-04-03 15:00:00,0.3022889290234091
2025-04-03 16:00:00,0.45176562513639146
2025-04-03 17:00:00,0.0885655482335447
2025-04-03 18:00:00,0.3094973480578638
2025-04-03 19:00:00,0.01675043194005763
2025-04-03 20:00:00,0.08736673204295074
2025-04-03 21:00:00,0.04086804329309803
2025-04-03 22:00:00,0.10419251294793516
2025-04-03 23:00:00,0.16878143801537504
2025-04-04 00:00:00,0.154302930765289
2025-04-04 01:00:00,0.2181503082838757
2025-04-04 02:00:00,0.1899137194626985
2025-04-04 03:00:00,0.31270783984595696
2025-04-04 04:00:00,1.0
2025-04-04 05:00:00,0.40396281426916403
2025-04-04 06:00:00,0.008083084710994885
2025-04-04 07:00:00,0.004159054203302374
2025-04-04 08:00:00,0.0014801681969755455
2025-04-04 09:00:00,0.0007020692962325141
2025-04-04 10:00:00,0.0
2025-04-04 11:00:00,0.0046804688408991395
2025-04-04 12:00:00,0.0
2025-04-04 13:00:00,0.0009251740003617762
2025-04-04 14:00:00,0.013315149445738127
2025-04-04 15:00:00,0.03007345263176011
2025-04-04 16:00:00,0.06639198533361582
2025-04-04 17:00:00,0.17904061664288792
2025-04-04 18:00:00,0.17820212338469651
2025-04-04 19:00:00,0.1233249936109197
2025-04-04 20:00:00,0.188034485046571
2025-04-04 21:00:00,0.2859558939594969
2025-04-04 22:00:00,0.47924703850704975
2025-04-04 23:00:00,0.10816207398026366
2025-04-05 00:00:00,0.08773044651929242
2025-04-05 01:00:00,0.021044908351493266
2025-04-05 02:00:00,0.05704438945240334
2025-04-05 03:00:00,0.1322235953460765
2025-04-05 04:00:00,0.09814923394137097
2025-04-05 05:00:00,0.04110756231983114
2025-04-05 06:00:00,0.09286250191459114
2025-04-05 07:00:00,0.08113925963946772
2025-04-05 08:00:00,0.29357650261677365
2025-04-05 09:00:00,0.8007361316835006
2025-04-05 10:00:00,1.0
2025-04-05 11:00:00,1.0
2025-04-05 12:00:00,1.0
2025-04-05 13:00:00,1.0
2025-04-05 14:00:00,1.0
2025-04-05 15:00:00,0.7250290291099214
2025-04-05 16:00:00,0.40954939581427363
2025-04-05 17:00:00,0.3640425603735837
2025-04-05 18:00:00,0.44495217498856426
2025-04-05 19:00:00,0.13054711208197345
2025-04-05 20:00:00,0.08028683664017508
2025-04-05 21:00:00,0.1031728320222225
2025-04-05 22:00:00,0.18696747652430162
2025-04-05 23:00:00,0.17297083764802376
2025-04-06 00:00:00,0.20020989442476642
2025-04-06 01:00:00,0.05284745937031017
2025-04-06 02:00:00,0.013594670928746855
2025-04-06 03:00:00,0.015922091879355862
2025-04-06 04:00:00,0.04451978122220097
2025-04-06 05:00:00,0.06515784683295964
2025-04-06 06:00:00,0.020376482827778174
2025-04-06 07:00:00,0.01649293900751125
2025-04-06 08:00:00,0.13814873827814528
2025-04-06 09:00:00,0.21453378121822372
2025-04-06 10:00:00,0.17497616685364303
2025-04-06 11:00:00,0.057558650722655175
2025-04-06 12:00:00,0.021974276174986693
2025-04-06 13:00:00,0.026900137865482305
2025-04-06 14:00:00,0.04673938391789356
2025-04-06 15:00:00,0.09795825031099685
2025-04-06 16:00:00,0.14331434472820898
2025-04-06 17:00:00,0.09630313521493813
2025-04-06 18:00:00,0.053763701719507256
2025-04-06 19:00:00,0.3624342942045678
2025-04-06 20:00:00,0.21527960817341302
2025-04-06 21:00:00,0.05472880269139888
2025-04-06 22:00:00,0.00202770421984962
2025-04-06 23:00:00,0.0011254910960393455
2025-04-07 00:00:00,0.024045655594945085
2025-04-07 01:00:00,0.0098472723879396
2025-04-07 02:00:00,0.10683596629864606
2025-04-07 03:00:00,0.10527946356115749
2025-04-07 04:00:00,0.2720550842634711
2025-04-07 05:00:00,0.13171117435384433
2025-04-07 06:00:00,0.05751505202552525
2025-04-07 07:00:00,0.06801675917057448
2025-04-07 08:00:00,0.11802598576771528
2025-04-07 09:00:00,0.09687013728585904
2025-04-07 10:00:00,0.12971514526161354
2025-04-07 11:00:00,0.2112851897293288
2025-04-07 12:00:00,0.04516112033821211
2025-04-07 13:00:00,0.030517641922387498
2025-04-07 14:00:00,0.014695605971235546
2025-04-07 15:00:00,0.007063773122508334
2025-04-07 16:00:00,0.02285233547736945
2025-04-07 17:00:00,0.010838322775089244
2025-04-07 18:00:00,0.0
2025-04-07 19:00:00,0.0
2025-04-07 20:00:00,0.0
2025-04-07 21:00:00,0.0
2025-04-07 22:00:00,0.0030763526507777885
2025-04-07 23:00:00,0.0
2025-04-08 00:00:00,0.0
2025-04-08 01:00:00,0.0
2025-04-08 02:00:00,0.0
2025-04-08 03:00:00,0.0
2025-04-08 04:00:00,0.003122821423648249
2025-04-08 05:00:00,0.003505466734843145
2025-04-08 06:00:00,0.00021461177029107102
2025-04-08 07:00:00,0.0
2025-04-08 08:00:00,0.0
2025-04-08 09:00:00,0.028583981481863262
2025-04-08 10:00:00,0.22312890670981902
2025-04-08 11:00:00,0.17655771127648526
2025-04-08 12:00:00,0.05375958258456409
2025-04-08 13:00:00,0.13966287172501798
2025-04-08 14:00:00,0.11974344968903392
2025-04-08 15:00:00,0.18098769996260097
2025-04-08 16:00:00,0.21955912443550551
2025-04-08 17:00:00,0.22015181433077802
2025-04-08 18:00:00,0.4268242128749334
2025-04-08 19:00:00,0.7121581873467896
2025-04-08 20:00:00,0.4508227522759327
2025-04-08 21:00:00,0.20490979046311164
2025-04-08 22:00:00,0.005801543527251069
2025-04-08 23:00:00,0.003569139727953184
2025-04-09 00:00:00,7.516569764416664e-07
2025-04-09 01:00:00,0.001749940021384946
2025-04-09 02:00:00,0.001034295765661579
2025-04-09 03:00:00,0.001026500883111981
2025-04-09 04:00:00,0.01868325028293809
2025-04-09 05:00:00,0.042020721183739916
2025-04-09 06:00:00,0.03940807102017608
2025-04-09 07:00:00,0.2376340774712898
2025-04-09 08:00:00,0.3737485990174516
2025-04-09 09:00:00,0.24801515847924366
2025-04-09 10:00:00,0.16867964877063726
2025-04-09 11:00:00,0.29820955665189314
2025-04-09 12:00:00,0.31350117574833575
2025-04-09 13:00:00,0.11033862636744453
2025-04-09 14:00:00,0.23757091706351824
2025-04-09 15:00:00,0.5168658773089801
2025-04-09 16:00:00,0.8720058142714389
2025-04-09 17:00:00,1.0
2025-04-09 18:00:00,1.0
2025-04-09 19:00:00,1.0
2025-04-09 20:00:00,1.0
2025-04-09 21:00:00,1.0
2025-04-09 22:00:00,1.0
2025-04-09 23:00:00,0.8660122504234247
2025-04-10 00:00:00,0.9489893669809291
2025-04-10 01:00:00,0.8226838581833047
2025-04-10 02:00:00,0.20595609114572727
2025-04-10 03:00:00,0.1504757455809664
2025-04-10 04:00:00,0.24578552943291837
2025-04-10 05:00:00,0.08949481616279228
2025-04-10 06:00:00,0.10680470936070662
2025-04-10 07:00:00,0.1582806491424354
2025-04-10 08:00:00,0.3567676661561882
2025-04-10 09:00:00,0.870197236434726
2025-04-10 10:00:00,0.6038198949852623
2025-04-10 11:00:00,0.5831016633750667
2025-04-10 12:00:00,0.5750719394991923
2025-04-10 13:00:00,0.721169413403522
2025-04-10 14:00:00,0.824578820439378
2025-04-10 15:00:00,1.0
2025-04-10 16:00:00,0.31528187532958923
2025-04-10 17:00:00,0.3800084299963063
2025-04-10 18:00:00,0.4648123422466728
2025-04-10 19:00:00,0.3514187330513889
2025-04-10 20:00:00,0.03368513348580395
2025-04-10 21:00:00,0.0348755087831423
2025-04-10 22:00:00,0.0117639459790948
2025-04-10 23:00:00,0.13707304203362405
2025-04-11 00:00:00,0.18207123341497758
2025-04-11 01:00:00,0.07960757595099208
2025-04-11 02:00:00,0.001296368070283431
2025-04-11 03:00:00,0.013269769996691307
2025-04-11 04:00:00,0.049969074582898426
2025-04-11 05:00:00,0.04034378048217976
2025-04-11 06:00:00,0.0907298823651439
2025-04-11 07:00:00,0.06163097219437941
2025-04-11 08:00:00,0.18447088101627868
2025-04-11 09:00:00,0.36451128011457073
2025-04-11 10:00:00,0.07951039805126991
2025-04-11 11:00:00,0.009600439465362067
2025-04-11 12:00:00,0.17283998199791625
2025-04-11 13:00:00,0.333965098964603
2025-04-11 14:00:00,0.10441240765678426
2025-04-11 15:00:00,0.010897928445994737
2025-04-11 16:00:00,0.02143680883104522
2025-04-11 17:00:00,0.0015372511396463603
2025-04-11 18:00:00,0.0009831455092662322
2025-04-11 19:00:00,0.002074368176114406
2025-04-11 20:00:00,0.0031134170702985216
2025-04-11 21:00:00,0.0445602986168497
2025-04-11 22:00:00,0.27952357736323
2025-04-11 23:00:00,0.1741602106682508
2025-04-12 00:00:00,0.049858013174438394
2025-04-12 01:00:00,0.08385299566358895
2025-04-12 02:00:00,0.3368517126538562
2025-04-12 03:00:00,0.22486683216687375
2025-04-12 04:00:00,0.3831566935820217
2025-04-12 05:00:00,0.18260517535612428
2025-04-12 06:00:00,0.1749035252668003
2025-04-12 07:00:00,0.04898225359977713
2025-04-12 08:00:00,0.053284050288989186
2025-04-12 09:00:00,0.0488881674848192
2025-04-12 10:00:00,0.10383497989097708
2025-04-12 11:00:00,0.4183972629121022
2025-04-12 12:00:00,0.28395507342345977
2025-04-12 13:00:00,0.03350111499218838
2025-04-12 14:00:00,0.027996464484669772
2025-04-12 15:00:00,0.048887274973967
2025-04-12 16:00:00,0.06698921923084061
2025-04-12 17:00:00,0.057539483938397466
2025-04-12 18:00:00,0.2461515901006903
2025-04-12 19:00:00,0.250951437344398
2025-04-12 20:00:00,0.2122416310175747
2025-04-12 21:00:00,0.0972369896743247
2025-04-12 22:00:00,0.006277071081532838
2025-04-12 23:00:00,0.018210757511826426
2025-04-13 00:00:00,0.03246441928145464
2025-04-13 01:00:00,0.004577418409830014
2025-04-13 02:00:00,0.006599238811601939
2025-04-13 03:00:00,0.007005775399718945
2025-04-13 04:00:00,0.0017000128815970132
2025-04-13 05:00:00,2.212088878734133e-05
2025-04-13 06:00:00,0.002400855508804238
2025-04-13 07:00:00,0.0022065539509975485
2025-04-13 08:00:00,0.00033661230889340334
2025-04-13 09:00:00,0.0
2025-04-13 10:00:00,0.0
2025-04-13 11:00:00,0.006870538593288938
2025-04-13 12:00:00,0.015365128889626888
2025-04-13 13:00:00,0.012430322677204245
2025-04-13 14:00:00,0.02753523176117675
2025-04-13 15:00:00,0.1496257916828541
2025-04-13 16:00:00,0.21580745450413483
2025-04-13 17:00:00,0.24502235692510005
2025-04-13 18:00:00,0.3555465818620031
2025-04-13 19:00:00,0.28476110089428763
2025-04-13 20:00:00,0.29551502380080513
2025-04-13 21:00:00,0.18312589403296728
2025-04-13 22:00:00,0.030652760229765232
2025-04-13 23:00:00,0.05510574217696929
2025-04-14 00:00:00,0.08517183751974264
2025-04-14 01:00:00,0.06203426182149163
2025-04-14 02:00:00,0.17867773061591485
2025-04-14 03:00:00,0.08455070868672204
2025-04-14 04:00:00,0.0043119041785264186
2025-04-14 05:00:00,0.00055770664537123
2025-04-14 06:00:00,0.0
2025-04-14 07:00:00,0.0
2025-04-14 08:00:00,0.0
2025-04-14 09:00:00,0.0018903969071638672
2025-04-14 10:00:00,0.02892702601205613
2025-04-14 11:00:00,0.005493887629493748
2025-04-14 12:00:00,0.00046130495104742864
2025-04-14 13:00:00,0.007768833822634525
2025-04-14 14:00:00,0.05334859461960737
2025-04-14 15:00:00,0.00032578458248063504
2025-04-14 16:00:00,0.003435706777883407
2025-04-14 17:00:00,0.0
2025-04-14 18:00:00,0.0
2025-04-14 19:00:00,0.00010408812667258098
2025-04-14 20:00:00,0.1738700789437108
2025-04-14 21:00:00,0.13253732509981622
2025-04-14 22:00:00,0.029401331683800578
2025-04-14 23:00:00,0.014231233340849152
2025-04-15 00:00:00,0.02007423727122826
2025-04-15 01:00:00,0.006300740042185188
2025-04-15 02:00:00,0.00029538887033127444
2025-04-15 03:00:00,5.496287071244422e-05
2025-04-15 04:00:00,0.002782229896838888
2025-04-15 05:00:00,0.003038567314107167
2025-04-15 06:00:00,5.2612049471356736e-05
2025-04-15 07:00:00,0.0
2025-04-15 08:00:00,0.0
2025-04-15 09:00:00,0.0
2025-04-15 10:00:00,0.0
2025-04-15 11:00:00,0.0
2025-04-15 12:00:00,0.0
2025-04-15 13:00:00,0.0
2025-04-15 14:00:00,0.0
2025-04-15 15:00:00,0.0007633243420457477
2025-04-15 16:00:00,0.0
2025-04-15 17:00:00,0.0
2025-04-15 18:00:00,0.0
2025-04-15 19:00:00,9.197830676364546e-08
2025-04-15 20:00:00,0.0
2025-04-15 21:00:00,1.566564161799372e-05
2025-04-15 22:00:00,5.3538854919762466e-05
2025-04-15 23:00:00,0.0
2025-04-16 00:00:00,0.0019861591528742006
2025-04-16 01:00:00,0.01772262342674866
2025-04-16 02:00:00,0.004315527000275063
2025-04-16 03:00:00,0.010777319677941079
2025-04-16 04:00:00,0.06159256183423076
2025-04-16 05:00:00,0.06821704486962715
2025-04-16 06:00:00,0.28043531515367154
2025-04-16 07:00:00,1.0
2025-04-16 08:00:00,1.0
2025-04-16 09:00:00,0.6300682964459157
2025-04-16 10:00:00,0.2901842853232584
2025-04-16 11:00:00,0.025877665057569284
2025-04-16 12:00:00,0.12877362329210978
2025-04-16 13:00:00,0.08750163048498534
2025-04-16 14:00:00,0.19542328580367105
2025-04-16 15:00:00,0.39597778891352065
2025-04-16 16:00:00,0.15496722060634974
2025-04-16 17:00:00,0.05619309365421997
2025-04-16 18:00:00,0.2885276468979082
2025-04-16 19:00:00,0.24802618983494873
2025-04-16 20:00:00,0.1304668471656142
2025-04-16 21:00:00,0.03870846562146868
2025-04-16 22:00:00,0.034941036538189245
2025-04-16 23:00:00,0.18856424973651048
2025-04-17 00:00:00,0.293680943386477
2025-04-17 01:00:00,0.3017642086563898
2025-04-17 02:00:00,0.7159251774033982
2025-04-17 03:00:00,1.0
2025-04-17 04:00:00,1.0
2025-04-17 05:00:00,1.0
2025-04-17 06:00:00,1.0
2025-04-17 07:00:00,1.0
2025-04-17 08:00:00,1.0
2025-04-17 09:00:00,1.0
2025-04-17 10:00:00,1.0
2025-04-17 11:00:00,1.0
2025-04-17 12:00:00,1.0
2025-04-17 13:00:00,1.0
2025-04-17 14:00:00,1.0
2025-04-17 15:00:00,1.0
2025-04-17 16:00:00,1.0
2025-04-17 17:00:00,0.9029742535905847
2025-04-17 18:00:00,1.0
2025-04-17 19:00:00,1.0
2025-04-17 20:00:00,1.0
2025-04-17 21:00:00,1.0
2025-04-17 22:00:00,1.0
2025-04-17 23:00:00,1.0
2025-04-18 00:00:00,1.0
2025-04-18 01:00:00,1.0
2025-04-18 02:00:00,1.0
2025-04-18 03:00:00,0.506090330997233
2025-04-18 04:00:00,0.32458314823323464
2025-04-18 05:00:00,0.27014296168388013
2025-04-18 06:00:00,0.05015385119058668
2025-04-18 07:00:00,0.10075028638857521
2025-04-18 08:00:00,0.23966539446107316
2025-04-18 09:00:00,0.21806802989467838
2025-04-18 10:00:00,0.004753121292295447
2025-04-18 11:00:00,0.0038138506527753274
2025-04-18 12:00:00,0.0
2025-04-18 13:00:00,0.0
2025-04-18 14:00:00,0.007820375165772584
2025-04-18 15:00:00,0.0
2025-04-18 16:00:00,0.0
2025-04-18 17:00:00,0.0
2025-04-18 18:00:00,0.0
2025-04-18 19:00:00,0.0
2025-04-18 20:00:00,0.010414814674516324
2025-04-18 21:00:00,0.026792988798779734
2025-04-18 22:00:00,0.09612259697786692
2025-04-18 23:00:00,0.15139087259851286
2025-04-19 00:00:00,0.16323305634162355
2025-04-19 01:00:00,0.39059699571493167
2025-04-19 02:00:00,0.988238598486318
2025-04-19 03:00:00,0.31488789894065533
2025-04-19 04:00:00,0.27555536212247556
2025-04-19 05:00:00,0.2416648099533903
2025-04-19 06:00:00,0.15587896722480596
2025-04-19 07:00:00,0.3141301653828626
2025-04-19 08:00:00,0.3362433609037768
2025-04-19 09:00:00,0.9045681294874602
2025-04-19 10:00:00,1.0
2025-04-19 11:00:00,1.0
2025-04-19 12:00:00,0.9017590414514509
2025-04-19 13:00:00,0.49097759392022217
2025-04-19 14:00:00,0.26476378625640573
2025-04-19 15:00:00,0.5638923061344933
2025-04-19 16:00:00,0.259763363243023
2025-04-19 17:00:00,0.10601062576318282
2025-04-19 18:00:00,0.026104983165418583
2025-04-19 19:00:00,0.3988252117546648
2025-04-19 20:00:00,0.3205756601842234
2025-04-19 21:00:00,0.4080142008007687
2025-04-19 22:00:00,0.153343024996744
2025-04-19 23:00:00,0.3058740404987668
2025-04-20 00:00:00,0.05252412232012856
2025-04-20 01:00:00,0.012155416294117724
2025-04-20 02:00:00,0.0026256572889992082
2025-04-20 03:00:00,0.008190008875108975
2025-04-20 04:00:00,0.0010905375554178818
2025-04-20 05:00:00,0.05110708338881412
2025-04-20 06:00:00,0.09432417026202347
2025-04-20 07:00:00,0.04183370654533034
2025-04-20 08:00:00,0.13249818234214147
2025-04-20 09:00:00,0.0863098028490692
2025-04-20 10:00:00,0.04304860932037006
2025-04-20 11:00:00,0.12285031258861338
2025-04-20 12:00:00,0.001452063492806226
2025-04-20 13:00:00,0.01733488373556826
2025-04-20 14:00:00,0.004637775838161138
2025-04-20 15:00:00,0.0005862556679215469
2025-04-20 16:00:00,0.07444226902912746
2025-04-20 17:00:00,0.03946369821974173
2025-04-20 18:00:00,0.12303393826208293
2025-04-20 19:00:00,0.1525625015216709
2025-04-20 20:00:00,0.1987634359698006
2025-04-20 21:00:00,0.14915690978381624
2025-04-20 22:00:00,0.10673734771775364
2025-04-20 23:00:00,0.3518965002346054
2025-04-21 00:00:00,0.5502080603388003
2025-04-21 01:00:00,0.3492078478684146
2025-04-21 02:00:00,0.13784465195110926
2025-04-21 03:00:00,0.07335018906576465
2025-04-21 04:00:00,0.18620766765162683
2025-04-21 05:00:00,0.4028179285588289
2025-04-21 06:00:00,0.4995035291622486
2025-04-21 07:00:00,0.1320036517172711
2025-04-21 08:00:00,0.235527158167544
2025-04-21 09:00:00,0.5112161730781069
2025-04-21 10:00:00,0.4926475504554721
2025-04-21 11:00:00,1.0
2025-04-21 12:00:00,0.49900629740632246
2025-04-21 13:00:00,0.6417731670097686
2025-04-21 14:00:00,0.29149607670876826
2025-04-21 15:00:00,0.5175465756877665
2025-04-21 16:00:00,0.6366066639762696
2025-04-21 17:00:00,1.0
2025-04-21 18:00:00,1.0
2025-04-21 19:00:00,0.9302851446818703
2025-04-21 20:00:00,0.6068247353924283
2025-04-21 21:00:00,0.45123272469168973
2025-04-21 22:00:00,0.28143194441734837
2025-04-21 23:00:00,0.5932725033019757
2025-04-22 00:00:00,0.977002224129313
2025-04-22 01:00:00,0.35337831333516134
2025-04-22 02:00:00,0.32206887300575404
2025-04-22 03:00:00,0.3004715208091005
2025-04-22 04:00:00,0.14583339650969473
2025-04-22 05:00:00,0.19936122156144034
2025-04-22 06:00:00,0.4985429984337491
2025-04-22 07:00:00,0.7135511271770297
2025-04-22 08:00:00,1.0
2025-04-22 09:00:00,0.6855610462369963
2025-04-22 10:00:00,0.597942083406336
2025-04-22 11:00:00,0.32026168139559313
2025-04-22 12:00:00,0.33678053442503647
2025-04-22 13:00:00,0.37316826595649627
2025-04-22 14:00:00,0.5891977552242749
2025-04-22 15:00:00,0.9972729161758594
2025-04-22 16:00:00,1.0
2025-04-22 17:00:00,0.6244194225201427
2025-04-22 18:00:00,0.22179916357217974
2025-04-22 19:00:00,0.2977758699899954
2025-04-22 20:00:00,0.6681848406491936
2025-04-22 21:00:00,0.5641967194391335
2025-04-22 22:00:00,0.16901948753184334
2025-04-22 23:00:00,0.6369189155124072
2025-04-23 00:00:00,0.7036578321990259
2025-04-23 01:00:00,0.6579446244944999
2025-04-23 02:00:00,0.2712742968438318
2025-04-23 03:00:00,0.24788806349885406
2025-04-23 04:00:00,0.3631474681817989
2025-04-23 05:00:00,0.4425901866838336
2025-04-23 06:00:00,0.2441908910143052
2025-04-23 07:00:00,0.21267784448886165
2025-04-23 08:00:00,0.11489914776204449
2025-04-23 09:00:00,0.3970599560436888
2025-04-23 10:00:00,0.5956102853769194
2025-04-23 11:00:00,0.3735291313854206
2025-04-23 12:00:00,0.13473228042957458
2025-04-23 13:00:00,0.16361717978123405
2025-04-23 14:00:00,0.09734504663346956
2025-04-23 15:00:00,0.06077556863573902
2025-04-23 16:00:00,0.011152888751717426
2025-04-23 17:00:00,0.0007188152444209226
2025-04-23 18:00:00,0.003279861851829536
2025-04-23 19:00:00,0.0025164978967670264
2025-04-23 20:00:00,0.16375892565220881
2025-04-23 21:00:00,0.24568557426749518
2025-04-23 22:00:00,0.07991752510878256
2025-04-23 23:00:00,0.00753347477372398
2025-04-24 00:00:00,0.021667029632385808
2025-04-24 01:00:00,0.012697324615026461
2025-04-24 02:00:00,0.09472110399923203
2025-04-24 03:00:00,0.12211418860777393
2025-04-24 04:00:00,0.00655639021765669
2025-04-24 05:00:00,0.00017492801791466186
2025-04-24 06:00:00,0.0
2025-04-24 07:00:00,0.0010466920258828643
2025-04-24 08:00:00,0.0
2025-04-24 09:00:00,7.725522031549445e-05
2025-04-24 10:00:00,0.0
2025-04-24 11:00:00,0.0
2025-04-24 12:00:00,6.186984562671832e-05
2025-04-24 13:00:00,0.02735216408658433
2025-04-24 14:00:00,0.043428561852115286
2025-04-24 15:00:00,0.012933144722212903
2025-04-24 16:00:00,0.11181351286358016
2025-04-24 17:00:00,0.09024784262245678
2025-04-24 18:00:00,0.17990343291599298
2025-04-24 19:00:00,0.09577271817583984
2025-04-24 20:00:00,0.10283447445097567
2025-04-24 21:00:00,0.04013905182949467
2025-04-24 22:00:00,0.06408339432951005
2025-04-24 23:00:00,0.14519484986349804
2025-04-25 00:00:00,0.0843018542143433
2025-04-25 01:00:00,0.04418877294215266
2025-04-25 02:00:00,0.07154295143692048
2025-04-25 03:00:00,0.024608591444312242
2025-04-25 04:00:00,0.0003997450563447089
2025-04-25 05:00:00,0.004306664062013669
2025-04-25 06:00:00,0.005154904168114379
2025-04-25 07:00:00,0.005694217455237202
2025-04-25 08:00:00,0.02257852068637442
2025-04-25 09:00:00,0.06282580876909535
2025-04-25 10:00:00,0.05315634222408332
2025-04-25 11:00:00,0.009312020375497792
2025-04-25 12:00:00,0.0024571175034933277
2025-04-25 13:00:00,0.016210876180733223
2025-04-25 14:00:00,0.024696112071099594
2025-04-25 15:00:00,0.010821944643221683
2025-04-25 16:00:00,0.0018381233787190681
2025-04-25 17:00:00,0.015047918885187883
2025-04-25 18:00:00,0.012356157820779933
2025-04-25 19:00:00,0.04871302978039464
2025-04-25 20:00:00,0.1288594665052013
2025-04-25 21:00:00,0.09094874187943588
2025-04-25 22:00:00,0.20729648057684488
2025-04-25 23:00:00,0.21212141030821857
2025-04-26 00:00:00,0.23565003936748405
2025-04-26 01:00:00,0.01891827618682436
2025-04-26 02:00:00,0.0024636111253496383
2025-04-26 03:00:00,1.5671941801168306e-05
2025-04-26 04:00:00,4.650422678008607e-06
2025-04-26 05:00:00,0.00041951927418494995
2025-04-26 06:00:00,0.002374704047156584
2025-04-26 07:00:00,0.008729640233461166
2025-04-26 08:00:00,0.0019035020110946084
2025-04-26 09:00:00,0.01735086014924543
2025-04-26 10:00:00,0.1662702658499244
2025-04-26 11:00:00,0.11324445319974999
2025-04-26 12:00:00,0.053698521954809425
2025-04-26 13:00:00,0.02150909889443499
2025-04-26 14:00:00,0.028582743486751275
2025-04-26 15:00:00,0.013470305293808464
2025-04-26 16:00:00,0.0
2025-04-26 17:00:00,0.0
2025-04-26 18:00:00,3.2597289541558054e-05
2025-04-26 19:00:00,0.018744639947904113
2025-04-26 20:00:00,0.14404795058104503
2025-04-26 21:00:00,0.16510964714631843
2025-04-26 22:00:00,0.05749412423573163
2025-04-26 23:00:00,0.0338330555885979
2025-04-27 00:00:00,0.0011995657317032526
2025-04-27 01:00:00,0.0
2025-04-27 02:00:00,0.0
2025-04-27 03:00:00,0.0017681357334514655
2025-04-27 04:00:00,0.08952793560937387
2025-04-27 05:00:00,0.08081706232440669
2025-04-27 06:00:00,0.01154664533156324
2025-04-27 07:00:00,0.011739834933146225
2025-04-27 08:00:00,0.008504776770991998
2025-04-27 09:00:00,0.003491184026897166
2025-04-27 10:00:00,0.012298527212973132
2025-04-27 11:00:00,0.00029192463234826066
2025-04-27 12:00:00,0.0018057960545525401
2025-04-27 13:00:00,0.015709856054772695
2025-04-27 14:00:00,0.11229906705614658
2025-04-27 15:00:00,0.14343129377500144
2025-04-27 16:00:00,0.30237406061813926
2025-04-27 17:00:00,0.194333767065505
2025-04-27 18:00:00,0.138650170565909
2025-04-27 19:00:00,0.36093481918405684
2025-04-27 20:00:00,0.10759434360004823
2025-04-27 21:00:00,0.06860824252261344
2025-04-27 22:00:00,0.19655884558246933
2025-04-27 23:00:00,0.1519755181550385
2025-04-28 00:00:00,0.10871283880422332
2025-04-28 01:00:00,0.0804032758632016
2025-04-28 02:00:00,0.09005031085625648
2025-04-28 03:00:00,0.22626476040854165
2025-04-28 04:00:00,0.3889526034374006
2025-04-28 05:00:00,0.3441670298166458
2025-04-28 06:00:00,0.587682420134959
2025-04-28 07:00:00,0.608776680325703
2025-04-28 08:00:00,0.8160565268931964
2025-04-28 09:00:00,0.38581428711675475
2025-04-28 10:00:00,0.8835888925218285
2025-04-28 11:00:00,0.8278045072351287
2025-04-28 12:00:00,0.10550447787294075
2025-04-28 13:00:00,0.3697470698799252
2025-04-28 14:00:00,0.326842116567707
2025-04-28 15:00:00,0.21858189121778354
2025-04-28 16:00:00,0.11972512965568607
2025-04-28 17:00:00,0.16818427437314248
2025-04-28 18:00:00,0.06636077704537727
2025-04-28 19:00:00,0.03259536680096129
2025-04-28 20:00:00,0.014920074007702639
2025-04-28 21:00:00,0.010586281548327102
2025-04-28 22:00:00,0.004250656723484565
2025-04-28 23:00:00,0.03172051226352327
2025-04-29 00:00:00,0.04905512181016428
2025-04-29 01:00:00,0.07978892139269515
2025-04-29 02:00:00,0.14161775361971707
2025-04-29 03:00:00,0.12277352545411967
2025-04-29 04:00:00,0.037826519495433315
2025-04-29 05:00:00,0.23335229795429221
2025-04-29 06:00:00,0.39798155729743606
2025-04-29 07:00:00,0.8482116318701457
2025-04-29 08:00:00,1.0
2025-04-29 09:00:00,0.7715941885374058
2025-04-29 10:00:00,0.1358518554967677
2025-04-29 11:00:00,0.032650851208786365
2025-04-29 12:00:00,0.07695087651717546
2025-04-29 13:00:00,0.06861947786610186
2025-04-29 14:00:00,0.04185001086639672
2025-04-29 15:00:00,0.0
2025-04-29 16:00:00,9.126918196787056e-06
2025-04-29 17:00:00,0.0
2025-04-29 18:00:00,0.0
2025-04-29 19:00:00,1.916506852679988e-05
2025-04-29 20:00:00,0.0
2025-04-29 21:00:00,0.0
2025-04-29 22:00:00,0.0
2025-04-29 23:00:00,0.0007628664588439329
2025-04-30 00:00:00,0.00024426339011152695
2025-04-30 01:00:00,0.03221019506018334
2025-04-30 02:00:00,0.0025241919198292703
2025-04-30 03:00:00,0.0
2025-04-30 04:00:00,0.0
2025-04-30 05:00:00,0.0
2025-04-30 06:00:00,0.0
2025-04-30 07:00:00,0.0
2025-04-30 08:00:00,0.0
2025-04-30 09:00:00,0.0
2025-04-30 10:00:00,0.0
2025-04-30 11:00:00,0.00029364130969637654
2025-04-30 12:00:00,0.01263228178026437
2025-04-30 13:00:00,0.001462974143087745
2025-04-30 14:00:00,0.006364033239305718
2025-04-30 15:00:00,0.022680765118233477
2025-04-30 16:00:00,0.011420210255859556
2025-04-30 17:00:00,0.01948911730013857
2025-04-30 18:00:00,0.0008864021006533783
2025-04-30 19:00:00,3.9200437489696025e-05
2025-04-30 20:00:00,0.002101144257449396
2025-04-30 21:00:00,0.05628753964769982
2025-04-30 22:00:00,0.17508725380347565
2025-04-30 23:00:00,0.26757144596251714
2025-05-01 00:00:00,0.2513688053067911
2025-05-01 01:00:00,0.21411512573719702
2025-05-01 02:00:00,0.04792743539261209
2025-05-01 03:00:00,0.014412774359760032
2025-05-01 04:00:00,0.0027649254454895477
2025-05-01 05:00:00,0.016362235121656292
2025-05-01 06:00:00,0.06965574926814298
2025-05-01 07:00:00,0.14230327178725505
2025-05-01 08:00:00,0.32626575368896477
2025-05-01 09:00:00,0.3033475546835343
2025-05-01 10:00:00,0.1243239956394063
2025-05-01 11:00:00,0.11283721208635163
2025-05-01 12:00:00,0.049800975216621024
2025-05-01 13:00:00,0.1045631373137748
2025-05-01 14:00:00,0.06981405586824277
2025-05-01 15:00:00,0.06273698444043231
2025-05-01 16:00:00,0.12723422264192705
2025-05-01 17:00:00,0.056288203296350564
2025-05-01 18:00:00,0.14949566995730476
2025-05-01 19:00:00,0.031989661746754
2025-05-01 20:00:00,0.05193865803980214
2025-05-01 21:00:00,0.04810966491024024
2025-05-01 22:00:00,0.1195994354548473
2025-05-01 23:00:00,0.021764708700393084
2025-05-02 00:00:00,0.000245497253551458
2025-05-02 01:00:00,0.009216154657854192
2025-05-02 02:00:00,0.005057195335517261
2025-05-02 03:00:00,0.006052949176908945
2025-05-02 04:00:00,0.001219404684899925
2025-05-02 05:00:00,0.02051693994917276
2025-05-02 06:00:00,0.03671996159624906
2025-05-02 07:00:00,0.053324705082600746
2025-05-02 08:00:00,0.00867105166064127
2025-05-02 09:00:00,0.027297108054510227
2025-05-02 10:00:00,0.004424093129530647
2025-05-02 11:00:00,0.0007471347326344156
2025-05-02 12:00:00,0.0
2025-05-02 13:00:00,0.0
2025-05-02 14:00:00,0.003436199681541469
2025-05-02 15:00:00,0.009391006907020187
2025-05-02 16:00:00,0.004511221554562331
2025-05-02 17:00:00,0.008783427267603944
2025-05-02 18:00:00,0.014257674327910502
2025-05-02 19:00:00,0.019556412347572695
2025-05-02 20:00:00,0.029870375807276164
2025-05-02 21:00:00,0.004515814819188191
2025-05-02 22:00:00,0.008740212912714825
2025-05-02 23:00:00,0.0
2025-05-03 00:00:00,0.000839371961741258
2025-05-03 01:00:00,0.0
2025-05-03 02:00:00,0.0060402451711762
2025-05-03 03:00:00,0.0
2025-05-03 04:00:00,0.0031947898353821926
2025-05-03 05:00:00,0.0
2025-05-03 06:00:00,0.0
2025-05-03 07:00:00,0.0
2025-05-03 08:00:00,0.00010775884307278882
2025-05-03 09:00:00,7.2788142871284e-05
2025-05-03 10:00:00,0.009478582128648121
2025-05-03 11:00:00,0.0014418386246871366
2025-05-03 12:00:00,0.0005775874967994686
2025-05-03 13:00:00,0.0003593203254357636
2025-05-03 14:00:00,1.5498774993844652e-05
2025-05-03 15:00:00,0.0
2025-05-03 16:00:00,0.0
2025-05-03 17:00:00,0.0
2025-05-03 18:00:00,0.00072868850537443
2025-05-03 19:00:00,0.0
2025-05-03 20:00:00,0.0
2025-05-03 21:00:00,0.0015392995733616729
2025-05-03 22:00:00,0.006721299138944971
2025-05-03 23:00:00,0.025099389305779225
2025-05-04 00:00:00,0.05079392481830527
2025-05-04 01:00:00,0.08649985993148442
2025-05-04 02:00:00,0.3570885890582877
2025-05-04 03:00:00,0.3328733511344926
2025-05-04 04:00:00,0.1361549419453041
2025-05-04 05:00:00,0.2147345163112905
2025-05-04 06:00:00,0.1218208514885396
2025-05-04 07:00:00,0.10432577080236088
2025-05-04 08:00:00,0.14028534676370816
2025-05-04 09:00:00,0.05777012504716756
2025-05-04 10:00:00,0.03068062919657587
2025-05-04 11:00:00,0.060868074596498574
2025-05-04 12:00:00,0.0308027214043962
2025-05-04 13:00:00,0.10226772264582355
2025-05-04 14:00:00,0.03135472576991734
2025-05-04 15:00:00,0.0056163085235457514
2025-05-04 16:00:00,0.1134019193225957
2025-05-04 17:00:00,0.015488282784968372
2025-05-04 18:00:00,0.01784266799321563
2025-05-04 19:00:00,0.16739818893298533
2025-05-04 20:00:00,0.15116446967335384
2025-05-04 21:00:00,0.3738859706145006
2025-05-04 22:00:00,0.4859957949747961
2025-05-04 23:00:00,0.41760873643132507
2025-05-05 00:00:00,0.33080467681870207
2025-05-05 01:00:00,0.04258197152502254
2025-05-05 02:00:00,0.029146116200187033
2025-05-05 03:00:00,0.04365890689657523
2025-05-05 04:00:00,0.06022428181471214
2025-05-05 05:00:00,0.4369834010575495
2025-05-05 06:00:00,0.4482812343153043
2025-05-05 07:00:00,0.5572426465076213
2025-05-05 08:00:00,0.868114492268718
2025-05-05 09:00:00,0.9393971527134214
2025-05-05 10:00:00,0.7521665457130144
2025-05-05 11:00:00,0.6080899639109255
2025-05-05 12:00:00,0.42403651278664756
2025-05-05 13:00:00,0.4795091614952186
2025-05-05 14:00:00,0.3731640385034549
2025-05-05 15:00:00,0.4768964480946932
2025-05-05 16:00:00,0.21000537839677963
2025-05-05 17:00:00,0.21326590251667135
2025-05-05 18:00:00,0.5283007318447659
2025-05-05 19:00:00,0.39710783389257237
2025-05-05 20:00:00,0.9277617278202052
2025-05-05 21:00:00,0.8379675799812348
2025-05-05 22:00:00,0.6834984950850894
2025-05-05 23:00:00,0.6158730263019023
2025-05-06 00:00:00,0.4347039780420702
2025-05-06 01:00:00,0.07931410663824814
2025-05-06 02:00:00,0.17309575978403946
2025-05-06 03:00:00,0.6498191375297934
2025-05-06 04:00:00,0.7075673566117109
2025-05-06 05:00:00,0.7851307993905225
2025-05-06 06:00:00,0.6008884038953425
2025-05-06 07:00:00,0.915808892272669
2025-05-06 08:00:00,0.7504682618696338
2025-05-06 09:00:00,0.7239493681007481
2025-05-06 10:00:00,0.23531910245271523
2025-05-06 11:00:00,0.1389696769222482
2025-05-06 12:00:00,0.17657233642874196
2025-05-06 13:00:00,0.31378053485084073
2025-05-06 14:00:00,0.49358475653292216
2025-05-06 15:00:00,0.13935709681840344
2025-05-06 16:00:00,0.024083403290968804
2025-05-06 17:00:00,0.057861770281751906
2025-05-06 18:00:00,0.02155378540675834
2025-05-06 19:00:00,0.07580456659336306
2025-05-06 20:00:00,0.005885971913750433
2025-05-06 21:00:00,0.0066988620782079825
2025-05-06 22:00:00,0.008634474784460588
2025-05-06 23:00:00,0.025985057695905023
2025-05-07 00:00:00,0.0036169054965755785
2025-05-07 01:00:00,0.0
2025-05-07 02:00:00,0.0
2025-05-07 03:00:00,0.0006537903448953276
2025-05-07 04:00:00,0.01902859100892738
2025-05-07 05:00:00,0.011819989396364017
2025-05-07 06:00:00,0.04654393080481265
2025-05-07 07:00:00,0.08271501605665589
2025-05-07 08:00:00,0.2469880794539532
2025-05-07 09:00:00,0.21264746717149097
2025-05-07 10:00:00,0.03356532895650118
2025-05-07 11:00:00,0.03298647713381819
2025-05-07 12:00:00,0.040016168151510795
2025-05-07 13:00:00,0.07653972034251048
2025-05-07 14:00:00,0.007596194299096542
2025-05-07 15:00:00,0.0050256710532309195
2025-05-07 16:00:00,0.03353638496164703
2025-05-07 17:00:00,0.03133246568865359
2025-05-07 18:00:00,0.021725167738078786
2025-05-07 19:00:00,0.18762201524467598
2025-05-07 20:00:00,0.06298912163528551
2025-05-07 21:00:00,0.19533734616211862
2025-05-07 22:00:00,0.36261257231486377
2025-05-07 23:00:00,0.2733116548516675
2025-05-08 00:00:00,0.2350659473507453
2025-05-08 01:00:00,0.2056505475306992
2025-05-08 02:00:00,0.21402096222748157
2025-05-08 03:00:00,0.11845233079486144
2025-05-08 04:00:00,0.0736822799948995
2025-05-08 05:00:00,0.04873134934380209
2025-05-08 06:00:00,0.033193867684474354
2025-05-08 07:00:00,0.022841508740671927
2025-05-08 08:00:00,0.0
2025-05-08 09:00:00,1.3843887842329754e-05
2025-05-08 10:00:00,0.0
2025-05-08 11:00:00,0.0
2025-05-08 12:00:00,0.0
2025-05-08 13:00:00,0.0
2025-05-08 14:00:00,1.2392077070637764e-05
2025-05-08 15:00:00,0.0
2025-05-08 16:00:00,0.0018118690984447767
2025-05-08 17:00:00,0.044062253573830375
2025-05-08 18:00:00,0.01876148466701175
2025-05-08 19:00:00,0.020199546637825267
2025-05-08 20:00:00,0.1569753473040945
2025-05-08 21:00:00,0.174994837513264
2025-05-08 22:00:00,0.21441866787803301
2025-05-08 23:00:00,0.1397833108700664
2025-05-09 00:00:00,0.22241997818712506
2025-05-09 01:00:00,0.19458332529920183
2025-05-09 02:00:00,0.025113234614449677
2025-05-09 03:00:00,0.015899414250810654
2025-05-09 04:00:00,0.0007988793125576383
2025-05-09 05:00:00,0.0027417103407528765
2025-05-09 06:00:00,3.12629509347318e-05
2025-05-09 07:00:00,0.0026544881918265776
2025-05-09 08:00:00,0.005015198794307917
2025-05-09 09:00:00,1.3401521009412488e-06
2025-05-09 10:00:00,0.0
2025-05-09 11:00:00,0.0013643744073220008
2025-05-09 12:00:00,0.029264986972791864
2025-05-09 13:00:00,0.006331621315681927
2025-05-09 14:00:00,9.45215719306112e-05
2025-05-09 15:00:00,0.04947103349065847
2025-05-09 16:00:00,0.050222329724376694
2025-05-09 17:00:00,0.057270896188937756
2025-05-09 18:00:00,0.0215948132491426
2025-05-09 19:00:00,0.03344197903267762
2025-05-09 20:00:00,0.1965997383615004
2025-05-09 21:00:00,0.21666740988341615
2025-05-09 22:00:00,0.3998648484840153
2025-05-09 23:00:00,0.3538325624991078
2025-05-10 00:00:00,0.14383954763897513
2025-05-10 01:00:00,0.06964012919230345
2025-05-10 02:00:00,0.014991350643826047
2025-05-10 03:00:00,0.025303581674017177
2025-05-10 04:00:00,0.11271980184558113
2025-05-10 05:00:00,0.12358937602916399
2025-05-10 06:00:00,0.0869884192650321
2025-05-10 07:00:00,0.03372170969988469
2025-05-10 08:00:00,0.05599212520003646
2025-05-10 09:00:00,0.008365984508351248
2025-05-10 10:00:00,0.00018146281620083415
2025-05-10 11:00:00,0.0110055133523798
2025-05-10 12:00:00,0.007924772213270452
2025-05-10 13:00:00,0.005426630462073443
2025-05-10 14:00:00,0.005198542689997819
2025-05-10 15:00:00,0.027514892663276558
2025-05-10 16:00:00,0.037838848613009075
2025-05-10 17:00:00,0.012691448141883237
2025-05-10 18:00:00,0.0031317295009662027
2025-05-10 19:00:00,0.0029205830757625434
2025-05-10 20:00:00,0.00961764240798405
2025-05-10 21:00:00,0.011544357581970432
2025-05-10 22:00:00,0.011391083003240004
2025-05-10 23:00:00,0.01545304049427574
2025-05-11 00:00:00,0.017012888690237937
2025-05-11 01:00:00,0.0038868619073911693
2025-05-11 02:00:00,0.040234262303865446
2025-05-11 03:00:00,0.021402291713412062
2025-05-11 04:00:00,0.029319674500890888
2025-05-11 05:00:00,4.50458117717569e-06
2025-05-11 06:00:00,1.2310357031220817e-05
2025-05-11 07:00:00,0.0
2025-05-11 08:00:00,0.0
2025-05-11 09:00:00,0.010519558822541885
2025-05-11 10:00:00,0.020398430710888524
2025-05-11 11:00:00,0.10017137060224737
2025-05-11 12:00:00,0.19754791934469523
2025-05-11 13:00:00,0.3537735764752297
2025-05-11 14:00:00,0.2709706830843176
2025-05-11 15:00:00,0.6281246769849693
2025-05-11 16:00:00,0.8146088903918651
2025-05-11 17:00:00,0.6959660643109663
2025-05-11 18:00:00,0.6713370269342285
2025-05-11 19:00:00,0.526977690250216
2025-05-11 20:00:00,0.46404189563472786
2025-05-11 21:00:00,0.38908053358554234
2025-05-11 22:00:00,0.4258175892371818
2025-05-11 23:00:00,0.9143755557531278
2025-05-12 00:00:00,0.3964766209954005
2025-05-12 01:00:00,0.6514463471405166
2025-05-12 02:00:00,0.44952182059485524
2025-05-12 03:00:00,0.762729829857214
2025-05-12 04:00:00,0.5377903411296842
2025-05-12 05:00:00,0.5747017340259136
2025-05-12 06:00:00,0.4469748405456793
2025-05-12 07:00:00,0.10763680774479896
2025-05-12 08:00:00,0.374279652845854
2025-05-12 09:00:00,0.16712135385131363
2025-05-12 10:00:00,0.1640165468117768
2025-05-12 11:00:00,0.0544023006411173
2025-05-12 12:00:00,0.0064207572124949834
2025-05-12 13:00:00,0.005534878160327839
2025-05-12 14:00:00,0.0014146240800132072
2025-05-12 15:00:00,0.0
2025-05-12 16:00:00,4.392381297285333e-07
2025-05-12 17:00:00,0.0
2025-05-12 18:00:00,0.0
2025-05-12 19:00:00,0.0
2025-05-12 20:00:00,0.0
2025-05-12 21:00:00,0.0
2025-05-12 22:00:00,0.0
2025-05-12 23:00:00,0.0
2025-05-13 00:00:00,0.0
2025-05-13 01:00:00,0.0
2025-05-13 02:00:00,0.0
2025-05-13 03:00:00,0.0
2025-05-13 04:00:00,0.000237743043414681
2025-05-13 05:00:00,0.0
2025-05-13 06:00:00,0.0
2025-05-13 07:00:00,0.006707845588026094
2025-05-13 08:00:00,0.0006028749247796503
2025-05-13 09:00:00,0.006023969249818721
2025-05-13 10:00:00,9.947257781726796e-05
2025-05-13 11:00:00,0.000191015673752743
2025-05-13 12:00:00,0.003792834521960433
2025-05-13 13:00:00,0.0
2025-05-13 14:00:00,0.0
2025-05-13 15:00:00,0.0
2025-05-13 16:00:00,7.024302459350185e-07
2025-05-13 17:00:00,0.0
2025-05-13 18:00:00,0.0
2025-05-13 19:00:00,0.0
2025-05-13 20:00:00,0.0
2025-05-13 21:00:00,0.0013422689019002155
2025-05-13 22:00:00,0.007272292016343189
2025-05-13 23:00:00,0.0032859278358785605
2025-05-14 00:00:00,0.03501380970518601
2025-05-14 01:00:00,0.015151233414741413
2025-05-14 02:00:00,0.08185677040598037
2025-05-14 03:00:00,0.2397344343586297
2025-05-14 04:00:00,0.4223187427951351
2025-05-14 05:00:00,0.32589799175466483
2025-05-14 06:00:00,1.0
2025-05-14 07:00:00,0.957596956117526
2025-05-14 08:00:00,0.8877465701880254
2025-05-14 09:00:00,0.7311031893980331
2025-05-14 10:00:00,0.3231632401916177
2025-05-14 11:00:00,0.6017619224621195
2025-05-14 12:00:00,0.3670806036331913
2025-05-14 13:00:00,0.5446935871121773
2025-05-14 14:00:00,0.8359693292543472
2025-05-14 15:00:00,0.9248174834693019
2025-05-14 16:00:00,0.5427777613345185
2025-05-14 17:00:00,0.3792366806410675
2025-05-14 18:00:00,0.027766208194686663
2025-05-14 19:00:00,0.02560541701133958
2025-05-14 20:00:00,0.07440870729284217
2025-05-14 21:00:00,0.05628229824656995
2025-05-14 22:00:00,0.026603894664672584
2025-05-14 23:00:00,0.018532163623876784
2025-05-15 00:00:00,0.09194177472297109
2025-05-15 01:00:00,0.08359985547626349
2025-05-15 02:00:00,0.34425485345082457
2025-05-15 03:00:00,0.20248422993040424
2025-05-15 04:00:00,0.2146861174734922
2025-05-15 05:00:00,0.13674305247766924
2025-05-15 06:00:00,0.5163967410986889
2025-05-15 07:00:00,0.4872967765596295
2025-05-15 08:00:00,1.0
2025-05-15 09:00:00,0.7974502666995484
2025-05-15 10:00:00,1.0
2025-05-15 11:00:00,1.0
2025-05-15 12:00:00,1.0
2025-05-15 13:00:00,0.6129917738155185
2025-05-15 14:00:00,0.6223306949199364
2025-05-15 15:00:00,0.2782354232717888
2025-05-15 16:00:00,0.2922253836533819
2025-05-15 17:00:00,0.0723948610557231
2025-05-15 18:00:00,0.0641965941170151
2025-05-15 19:00:00,0.17332888950979067
2025-05-15 20:00:00,0.23811219473486278
2025-05-15 21:00:00,0.07327704662971889
2025-05-15 22:00:00,0.0028183285927949136
2025-05-15 23:00:00,0.013451753577386552
2025-05-16 00:00:00,0.11018059703435946
2025-05-16 01:00:00,0.0363520910751658
2025-05-16 02:00:00,0.2610980927640623
2025-05-16 03:00:00,0.2303740781870542
2025-05-16 04:00:00,0.02926355286063462
2025-05-16 05:00:00,0.0007564208598096519
2025-05-16 06:00:00,0.012438277539475141
2025-05-16 07:00:00,0.018805844931012027
2025-05-16 08:00:00,0.11886525246283108
2025-05-16 09:00:00,0.029379577610323414
2025-05-16 10:00:00,0.03709755298272967
2025-05-16 11:00:00,0.039257256775592685
2025-05-16 12:00:00,0.03401052784391285
2025-05-16 13:00:00,0.02083788641553801
2025-05-16 14:00:00,0.012832170626738075
2025-05-16 15:00:00,0.02070697561726499
2025-05-16 16:00:00,0.03576697657369892
2025-05-16 17:00:00,0.05133762228605425
2025-05-16 18:00:00,0.16369406973082995
2025-05-16 19:00:00,0.04585354836148467
2025-05-16 20:00:00,0.000992713337566035
2025-05-16 21:00:00,0.020813871131195174
2025-05-16 22:00:00,0.0033961413275241125
2025-05-16 23:00:00,0.001698708858623932
2025-05-17 00:00:00,0.00018471733541909347
2025-05-17 01:00:00,0.0
2025-05-17 02:00:00,0.0
2025-05-17 03:00:00,0.0
2025-05-17 04:00:00,0.0
2025-05-17 05:00:00,0.0
2025-05-17 06:00:00,0.0012430724528505455
2025-05-17 07:00:00,0.0002621452282710862
2025-05-17 08:00:00,0.011536790168575851
2025-05-17 09:00:00,0.004811995787785936
2025-05-17 10:00:00,0.0
2025-05-17 11:00:00,0.0
2025-05-17 12:00:00,0.002368516081576421
2025-05-17 13:00:00,0.00047671611908031247
2025-05-17 14:00:00,0.022252873074845282
2025-05-17 15:00:00,0.0048605291652897
2025-05-17 16:00:00,0.023748572646777922
2025-05-17 17:00:00,0.16465698627047384
2025-05-17 18:00:00,0.15496183792226442
2025-05-17 19:00:00,0.11721954201273188
2025-05-17 20:00:00,0.09978321474339698
2025-05-17 21:00:00,0.3286508023747694
2025-05-17 22:00:00,0.36945361999379367
2025-05-17 23:00:00,0.9780485881241356
2025-05-18 00:00:00,0.909673052188724
2025-05-18 01:00:00,0.544638598605072
2025-05-18 02:00:00,0.3280446060648582
2025-05-18 03:00:00,0.2979762043697912
2025-05-18 04:00:00,0.04168422953436899
2025-05-18 05:00:00,0.022499862921908483
2025-05-18 06:00:00,0.011777031377249279
2025-05-18 07:00:00,0.02137796340059496
2025-05-18 08:00:00,0.18197220507979198
2025-05-18 09:00:00,0.17211308646780457
2025-05-18 10:00:00,0.018242063911234657
2025-05-18 11:00:00,0.002999688809080021
2025-05-18 12:00:00,0.008716152380439757
2025-05-18 13:00:00,0.013301478889213372
2025-05-18 14:00:00,0.11381406945741232
2025-05-18 15:00:00,0.22948871644421404
2025-05-18 16:00:00,0.3776194581719979
2025-05-18 17:00:00,0.2845757383700112
2025-05-18 18:00:00,0.48931816123153205
2025-05-18 19:00:00,0.23727671133874562
2025-05-18 20:00:00,0.3961581686582008
2025-05-18 21:00:00,0.2860215223745552
2025-05-18 22:00:00,0.0760528156017596
2025-05-18 23:00:00,0.12861942037559115
2025-05-19 00:00:00,0.3294914344345586
2025-05-19 01:00:00,0.21778597878191722
2025-05-19 02:00:00,0.5183718630506768
2025-05-19 03:00:00,0.14407660971251882
2025-05-19 04:00:00,0.038883040346385844
2025-05-19 05:00:00,0.03342332342075515
2025-05-19 06:00:00,0.02081182768167488
2025-05-19 07:00:00,0.006892777428842027
2025-05-19 08:00:00,0.011948970271302022
2025-05-19 09:00:00,0.004769783744155384
2025-05-19 10:00:00,0.0026477848487573056
2025-05-19 11:00:00,0.008311005025974936
2025-05-19 12:00:00,0.0019529978573647794
2025-05-19 13:00:00,0.002489899300472474
2025-05-19 14:00:00,0.0003120245361443511
2025-05-19 15:00:00,0.0
2025-05-19 16:00:00,0.0005424680428332674
2025-05-19 17:00:00,0.04510805804808433
2025-05-19 18:00:00,0.1333645265014805
2025-05-19 19:00:00,0.16232084291136828
2025-05-19 20:00:00,0.08366104409430183
2025-05-19 21:00:00,0.059676377678699835
2025-05-19 22:00:00,0.15848044848208234
2025-05-19 23:00:00,0.007857194418194194
2025-05-20 00:00:00,0.004409214978160899
2025-05-20 01:00:00,0.02449422464951989
2025-05-20 02:00:00,0.0025672704837739224
2025-05-20 03:00:00,0.010898866209101927
2025-05-20 04:00:00,0.02474369932687169
2025-05-20 05:00:00,0.0007964858214268634
2025-05-20 06:00:00,0.0023998294290893366
2025-05-20 07:00:00,0.0003488619626844351
2025-05-20 08:00:00,0.004157430326671218
2025-05-20 09:00:00,0.021570713482022056
2025-05-20 10:00:00,0.04125028740769146
2025-05-20 11:00:00,0.04641285666025356
2025-05-20 12:00:00,0.06531139066473741
2025-05-20 13:00:00,0.012584489339509218
2025-05-20 14:00:00,0.014347582400707397
2025-05-20 15:00:00,0.0029264887584907508
2025-05-20 16:00:00,0.03096686325279322
2025-05-20 17:00:00,0.0731376675891271
2025-05-20 18:00:00,0.13386011480467047
2025-05-20 19:00:00,0.4102241465184352
2025-05-20 20:00:00,0.28705892269073774
2025-05-20 21:00:00,0.16945180895942755
2025-05-20 22:00:00,0.11450630418176459
2025-05-20 23:00:00,0.014952580729551742
2025-05-21 00:00:00,7.094501014338101e-05
2025-05-21 01:00:00,0.004377680000997748
2025-05-21 02:00:00,0.0
2025-05-21 03:00:00,0.0
2025-05-21 04:00:00,0.0
2025-05-21 05:00:00,0.0
2025-05-21 06:00:00,0.000362418955527509
2025-05-21 07:00:00,0.0013548129675083288
2025-05-21 08:00:00,1.3391503958112008e-05
2025-05-21 09:00:00,0.007718040571106867
2025-05-21 10:00:00,0.0326224223239589
2025-05-21 11:00:00,0.0019298504710463158
2025-05-21 12:00:00,0.006419543121823801
2025-05-21 13:00:00,0.0011024160810722675
2025-05-21 14:00:00,1.6108773133872636e-05
2025-05-21 15:00:00,0.034918274662771774
2025-05-21 16:00:00,0.04277921230791499
2025-05-21 17:00:00,0.03328022043936748
2025-05-21 18:00:00,0.03911896357574229
2025-05-21 19:00:00,0.10243665284756294
2025-05-21 20:00:00,0.04629298066197944
2025-05-21 21:00:00,0.023254221145137123
2025-05-21 22:00:00,0.058538544462150906
2025-05-21 23:00:00,0.005032831023900619
2025-05-22 00:00:00,0.036483757332035155
2025-05-22 01:00:00,0.0012644553688908118
2025-05-22 02:00:00,0.0010033440201227695
2025-05-22 03:00:00,0.0
2025-05-22 04:00:00,0.0
2025-05-22 05:00:00,6.630508972769275e-05
2025-05-22 06:00:00,0.011020893136154541
2025-05-22 07:00:00,0.0647615635592292
2025-05-22 08:00:00,0.007217206394685109
2025-05-22 09:00:00,0.00024175825479896503
2025-05-22 10:00:00,0.0028673275649917142
2025-05-22 11:00:00,0.019078174878275282
2025-05-22 12:00:00,0.004459144720691884
2025-05-22 13:00:00,0.0011115733260627187
2025-05-22 14:00:00,0.0
2025-05-22 15:00:00,0.014976800062394
2025-05-22 16:00:00,0.007085596640944948
2025-05-22 17:00:00,0.009940908244212832
2025-05-22 18:00:00,0.014368489437900048
2025-05-22 19:00:00,0.07075316722606988
2025-05-22 20:00:00,0.02071055373713845
2025-05-22 21:00:00,0.09164802101883324
2025-05-22 22:00:00,0.01794258128149558
2025-05-22 23:00:00,0.08457959364096812
2025-05-23 00:00:00,0.006629107400513716
2025-05-23 01:00:00,0.00705495682337281
2025-05-23 02:00:00,0.08552170011542128
2025-05-23 03:00:00,0.15134414821381428
2025-05-23 04:00:00,0.19198215322677176
2025-05-23 05:00:00,0.06797595379695721
2025-05-23 06:00:00,0.027185921487410378
2025-05-23 07:00:00,0.12406150949368469
2025-05-23 08:00:00,0.16945753137323055
2025-05-23 09:00:00,0.28983627991935595
2025-05-23 10:00:00,0.26661096967817016
2025-05-23 11:00:00,0.19196182344268956
2025-05-23 12:00:00,0.2946150769425688
2025-05-23 13:00:00,0.305059288009107
2025-05-23 14:00:00,0.2375338718548869
2025-05-23 15:00:00,0.06138542733771987
2025-05-23 16:00:00,0.14703181103062843
2025-05-23 17:00:00,0.19005525602819234
2025-05-23 18:00:00,0.10319728457788241
2025-05-23 19:00:00,0.24633285863442736
2025-05-23 20:00:00,0.2576087859093487
2025-05-23 21:00:00,0.2715245704171193
2025-05-23 22:00:00,0.4145553918395564
2025-05-23 23:00:00,0.5185853947379527
2025-05-24 00:00:00,0.5113721641307977
2025-05-24 01:00:00,0.38968567903703855
2025-05-24 02:00:00,0.9277903616964922
2025-05-24 03:00:00,0.5341858779497738
2025-05-24 04:00:00,0.6656744125770032
2025-05-24 05:00:00,0.5341160213742212
2025-05-24 06:00:00,0.5757645663515965
2025-05-24 07:00:00,0.8863018106883152
2025-05-24 08:00:00,0.6312444277476227
2025-05-24 09:00:00,0.7158391723213152
2025-05-24 10:00:00,0.6815677784100497
2025-05-24 11:00:00,0.4031222770811497
2025-05-24 12:00:00,0.6818775262290246
2025-05-24 13:00:00,0.8046974895494619
2025-05-24 14:00:00,0.5374507896134144
2025-05-24 15:00:00,0.7919993724054276
2025-05-24 16:00:00,0.4260788731050973
2025-05-24 17:00:00,0.35870967070541865
2025-05-24 18:00:00,0.23391800262513932
2025-05-24 19:00:00,0.34034037143627105
2025-05-24 20:00:00,0.21374811458493895
2025-05-24 21:00:00,0.31830468369579534
2025-05-24 22:00:00,0.39863425734725255
2025-05-24 23:00:00,0.2704398861229552
2025-05-25 00:00:00,0.6709976451127024
2025-05-25 01:00:00,0.3732176445934748
2025-05-25 02:00:00,0.11505301725240553
2025-05-25 03:00:00,0.21146527105822205
2025-05-25 04:00:00,0.019704156209447092
2025-05-25 05:00:00,0.11825412744063056
2025-05-25 06:00:00,0.12007190158946343
2025-05-25 07:00:00,0.02191849008692935
2025-05-25 08:00:00,0.0037420033528327264
2025-05-25 09:00:00,0.0
2025-05-25 10:00:00,7.936392739523678e-05
2025-05-25 11:00:00,0.0
2025-05-25 12:00:00,4.866675806475398e-07
2025-05-25 13:00:00,2.1422042665194375e-09
2025-05-25 14:00:00,0.0
2025-05-25 15:00:00,0.0005775637301024617
2025-05-25 16:00:00,0.008020078626700039
2025-05-25 17:00:00,0.05447125154257617
2025-05-25 18:00:00,0.024125861486023116
2025-05-25 19:00:00,0.025173810862258346
2025-05-25 20:00:00,0.009439332081614557
2025-05-25 21:00:00,0.0157062952229571
2025-05-25 22:00:00,0.0035664293243525456
2025-05-25 23:00:00,0.0015162665330923917
2025-05-26 00:00:00,0.0005230488811701838
2025-05-26 01:00:00,0.003435518225176847
2025-05-26 02:00:00,0.005203629297765917
2025-05-26 03:00:00,0.01846668196946748
2025-05-26 04:00:00,0.01755408087937303
2025-05-26 05:00:00,0.006787733441776432
2025-05-26 06:00:00,0.012880284481403863
2025-05-26 07:00:00,0.001680616904188487
2025-05-26 08:00:00,0.011271773396738096
2025-05-26 09:00:00,0.007841197046485981
2025-05-26 10:00:00,0.014646523626650556
2025-05-26 11:00:00,0.023950738070242946
2025-05-26 12:00:00,0.1422407854857011
2025-05-26 13:00:00,0.17618477730389553
2025-05-26 14:00:00,0.1681263518088177
2025-05-26 15:00:00,0.08305901557081477
2025-05-26 16:00:00,0.15986457735760817
2025-05-26 17:00:00,0.11584352097212602
2025-05-26 18:00:00,0.01778057687089832
2025-05-26 19:00:00,0.014617097046184819
2025-05-26 20:00:00,0.02292737437241649
2025-05-26 21:00:00,0.0055921088134354814
2025-05-26 22:00:00,0.005849218060001896
2025-05-26 23:00:00,0.006768851275721292
2025-05-27 00:00:00,0.007794886416041582
2025-05-27 01:00:00,0.058785688810069334
2025-05-27 02:00:00,0.00831481840285169
2025-05-27 03:00:00,0.12878015303907214
2025-05-27 04:00:00,0.11535430763372585
2025-05-27 05:00:00,0.17238792371305084
2025-05-27 06:00:00,0.1716653351718054
2025-05-27 07:00:00,0.02556951013506187
2025-05-27 08:00:00,0.003624859436852447
2025-05-27 09:00:00,0.0010459391892090242
2025-05-27 10:00:00,0.019224722319219022
2025-05-27 11:00:00,0.0005826237436251822
2025-05-27 12:00:00,0.0
2025-05-27 13:00:00,0.00014675008502846172
2025-05-27 14:00:00,0.003430807094060946
2025-05-27 15:00:00,0.012954125139916617
2025-05-27 16:00:00,0.0013323106783024177
2025-05-27 17:00:00,0.0
2025-05-27 18:00:00,3.5749948020467195e-05
2025-05-27 19:00:00,0.019230307100243205
2025-05-27 20:00:00,0.012091613689807566
2025-05-27 21:00:00,0.0005648189528676634
2025-05-27 22:00:00,0.0001319781022478105
2025-05-27 23:00:00,0.002633927762601397
2025-05-28 00:00:00,0.0020702564753441927
2025-05-28 01:00:00,0.04241616548264529
2025-05-28 02:00:00,0.11080617989975461
2025-05-28 03:00:00,0.12120262007809002
2025-05-28 04:00:00,0.009021930304198475
2025-05-28 05:00:00,0.002051876454232745
2025-05-28 06:00:00,0.00041015950997145385
2025-05-28 07:00:00,0.0
2025-05-28 08:00:00,0.0002450889846868522
2025-05-28 09:00:00,0.0018485716498448754
2025-05-28 10:00:00,0.0
2025-05-28 11:00:00,0.000355419416135058
2025-05-28 12:00:00,0.0010855782750077295
2025-05-28 13:00:00,0.005773803617278045
2025-05-28 14:00:00,0.02771957544294
2025-05-28 15:00:00,0.00819561388993967
2025-05-28 16:00:00,0.061493287718284426
2025-05-28 17:00:00,0.051529442308252064
2025-05-28 18:00:00,0.19889142603774
2025-05-28 19:00:00,0.08333268449152817
2025-05-28 20:00:00,0.251843497250755
2025-05-28 21:00:00,0.10947991107509364
2025-05-28 22:00:00,0.5607627072272152
2025-05-28 23:00:00,0.26894913364657436
2025-05-29 00:00:00,0.4450309519679338
2025-05-29 01:00:00,0.3048854412052073
2025-05-29 02:00:00,0.40914994845779407
2025-05-29 03:00:00,0.34166083499481603
2025-05-29 04:00:00,0.13511374141448199
2025-05-29 05:00:00,0.0012312270477533689
2025-05-29 06:00:00,0.11328699164064626
2025-05-29 07:00:00,0.11219610493852004
2025-05-29 08:00:00,0.00020447185849814328
2025-05-29 09:00:00,0.002298272492752741
2025-05-29 10:00:00,0.015974848324702615
2025-05-29 11:00:00,0.004350328652450013
2025-05-29 12:00:00,0.0006020696395135026
2025-05-29 13:00:00,0.0013249639656355702
2025-05-29 14:00:00,0.02801067986508132
2025-05-29 15:00:00,0.033988462395080805
2025-05-29 16:00:00,0.15128300912615728
2025-05-29 17:00:00,0.30675259878158057
2025-05-29 18:00:00,0.22875415048130454
2025-05-29 19:00:00,0.049565921957135356
2025-05-29 20:00:00,0.037765316355097195
2025-05-29 21:00:00,0.07004549343426109
2025-05-29 22:00:00,0.07198494095999168
2025-05-29 23:00:00,0.12481524762390926
2025-05-30 00:00:00,0.221655593765028
2025-05-30 01:00:00,0.28132595857184123
2025-05-30 02:00:00,0.20303839658413714
2025-05-30 03:00:00,0.2597122560065056
2025-05-30 04:00:00,0.785683142508598
2025-05-30 05:00:00,0.2861312596911202
2025-05-30 06:00:00,0.33940827385270417
2025-05-30 07:00:00,0.7786920848201366
2025-05-30 08:00:00,0.3437312279088669
2025-05-30 09:00:00,0.5249012947145343
2025-05-30 10:00:00,0.7808900069979554
2025-05-30 11:00:00,0.2862969807118197
2025-05-30 12:00:00,0.38755176708304373
2025-05-30 13:00:00,0.2807083507268573
2025-05-30 14:00:00,0.23524543351213878
2025-05-30 15:00:00,0.16338593635057527
2025-05-30 16:00:00,0.36053536597711494
2025-05-30 17:00:00,0.2892921192874514
2025-05-30 18:00:00,0.18230589953656026
2025-05-30 19:00:00,0.11371242487076323
2025-05-30 20:00:00,0.07670575708574032
2025-05-30 21:00:00,0.01928452191672725
2025-05-30 22:00:00,0.009515413759679967
2025-05-30 23:00:00,0.01445667866528356
2025-05-31 00:00:00,0.030027500258091
2025-05-31 01:00:00,0.11323042405498142
2025-05-31 02:00:00,0.12901616036575778
2025-05-31 03:00:00,0.07676122845545591
2025-05-31 04:00:00,0.021477540514457154
2025-05-31 05:00:00,0.035131345248287184
2025-05-31 06:00:00,0.031176546390469326
2025-05-31 07:00:00,0.02917090764185713
2025-05-31 08:00:00,0.04285399546691885
2025-05-31 09:00:00,0.07602189205784872
2025-05-31 10:00:00,0.0942937454062279
2025-05-31 11:00:00,0.07526197405743303
2025-05-31 12:00:00,0.02828013967103763
2025-05-31 13:00:00,0.011414394729560101
2025-05-31 14:00:00,0.045548693735189175
2025-05-31 15:00:00,0.026657977447550104
2025-05-31 16:00:00,0.0016289638000952403
2025-05-31 17:00:00,0.028025953718540594
2025-05-31 18:00:00,0.005679554786648329
2025-05-31 19:00:00,0.008218707940291713
2025-05-31 20:00:00,0.023484071624763608
2025-05-31 21:00:00,0.025541950443179463
2025-05-31 22:00:00,0.0
2025-05-31 23:00:00,0.00013462022799517792
2025-06-01 00:00:00,0.018820903184097786
2025-06-01 01:00:00,0.05703139615630386
2025-06-01 02:00:00,0.0006659376449594887
2025-06-01 03:00:00,0.06917456805313331
2025-06-01 04:00:00,0.010839051573704924
2025-06-01 05:00:00,0.0006235241154058141
2025-06-01 06:00:00,0.0109060129282563
2025-06-01 07:00:00,0.02665535896553856
2025-06-01 08:00:00,0.03161194846793871
2025-06-01 09:00:00,0.014100619574554338
2025-06-01 10:00:00,0.08438806618328935
2025-06-01 11:00:00,0.0770221014612876
2025-06-01 12:00:00,0.008171770885106767
2025-06-01 13:00:00,0.05876033166008587
2025-06-01 14:00:00,0.07228083396217252
2025-06-01 15:00:00,0.18140575733062575
2025-06-01 16:00:00,0.24443637564960524
2025-06-01 17:00:00,0.807968515518897
2025-06-01 18:00:00,0.5745517289836328
2025-06-01 19:00:00,0.4867311118961889
2025-06-01 20:00:00,0.6016465372072257
2025-06-01 21:00:00,0.428195247045878
2025-06-01 22:00:00,0.563794739893479
2025-06-01 23:00:00,0.050623530234863705
2025-06-02 00:00:00,0.04572718255790804
2025-06-02 01:00:00,0.04055973187362559
2025-06-02 02:00:00,0.034628972890850034
2025-06-02 03:00:00,0.008963113774265329
2025-06-02 04:00:00,0.04240032548050588
2025-06-02 05:00:00,0.02192454177334829
2025-06-02 06:00:00,0.031469978199786426
2025-06-02 07:00:00,0.03126374380310722
2025-06-02 08:00:00,0.0588552324969548
2025-06-02 09:00:00,0.1998435528268957
2025-06-02 10:00:00,0.20463978123896803
2025-06-02 11:00:00,0.3187998808675974
2025-06-02 12:00:00,0.3020533070900575
2025-06-02 13:00:00,0.18489506965173397
2025-06-02 14:00:00,0.14813810351878104
2025-06-02 15:00:00,0.10576177574168653
2025-06-02 16:00:00,0.1578845060288634
2025-06-02 17:00:00,0.15508421142333004
2025-06-02 18:00:00,0.06860861597725212
2025-06-02 19:00:00,0.05218083102907749
2025-06-02 20:00:00,0.004145809157487142
2025-06-02 21:00:00,0.0037243195488621305
2025-06-02 22:00:00,0.005426111377361353
2025-06-02 23:00:00,0.08817566827575808
2025-06-03 00:00:00,0.24040967554105222
2025-06-03 01:00:00,0.09255177976661583
2025-06-03 02:00:00,0.1044467172926209
2025-06-03 03:00:00,0.11772871005965703
2025-06-03 04:00:00,0.08817517904072389
2025-06-03 05:00:00,0.07064997490845727
2025-06-03 06:00:00,0.046248773019173926
2025-06-03 07:00:00,0.23632250344593106
2025-06-03 08:00:00,0.15287511081210045
2025-06-03 09:00:00,0.17972937610382403
2025-06-03 10:00:00,0.0072589727834033784
2025-06-03 11:00:00,0.03407353160248276
2025-06-03 12:00:00,0.11884184210276418
2025-06-03 13:00:00,0.03683156982987311
2025-06-03 14:00:00,0.018497138937170754
2025-06-03 15:00:00,0.03808029289262508
2025-06-03 16:00:00,0.03978594012089046
2025-06-03 17:00:00,0.06777744060654985
2025-06-03 18:00:00,0.04786135720464504
2025-06-03 19:00:00,0.23909038386385426
2025-06-03 20:00:00,0.12632323469819876
2025-06-03 21:00:00,0.6364272018125737
2025-06-03 22:00:00,0.9469980104280115
2025-06-03 23:00:00,1.0
2025-06-04 00:00:00,0.5533898827523961
2025-06-04 01:00:00,0.7299142486356377
2025-06-04 02:00:00,0.8032206501059761
2025-06-04 03:00:00,0.19456078435847315
2025-06-04 04:00:00,0.047897435260757217
2025-06-04 05:00:00,0.06995160363330767
2025-06-04 06:00:00,0.058488923870848544
2025-06-04 07:00:00,0.030883650403999985
2025-06-04 08:00:00,0.10200251017136727
2025-06-04 09:00:00,0.037307930536847306
2025-06-04 10:00:00,0.020476754278977296
2025-06-04 11:00:00,0.007141300513013668
2025-06-04 12:00:00,0.02185327906689407
2025-06-04 13:00:00,0.0001232650473417644
2025-06-04 14:00:00,1.63437359561584e-06
2025-06-04 15:00:00,0.0
2025-06-04 16:00:00,0.0
2025-06-04 17:00:00,0.0
2025-06-04 18:00:00,0.0014993520135423216
2025-06-04 19:00:00,5.5846280806705064e-05
2025-06-04 20:00:00,0.0029776489621835055
2025-06-04 21:00:00,0.0027237182277166116
2025-06-04 22:00:00,0.04270786606227859
2025-06-04 23:00:00,0.036724614057965246
2025-06-05 00:00:00,0.0
2025-06-05 01:00:00,0.0007349013626616809
2025-06-05 02:00:00,0.00015335364211394283
2025-06-05 03:00:00,9.723488044166556e-05
2025-06-05 04:00:00,0.0018767547067333953
2025-06-05 05:00:00,0.0
2025-06-05 06:00:00,1.1628604227310568e-09
2025-06-05 07:00:00,0.0013418667109580363
2025-06-05 08:00:00,0.006343282434427321
2025-06-05 09:00:00,0.0017117844362535446
2025-06-05 10:00:00,0.021976951086705426
2025-06-05 11:00:00,0.003384715446797603
2025-06-05 12:00:00,0.0006029915889903821
2025-06-05 13:00:00,0.0008019444072959591
2025-06-05 14:00:00,0.00409598192955623
2025-06-05 15:00:00,0.002453095926104251
2025-06-05 16:00:00,0.03479482217652744
2025-06-05 17:00:00,0.05072613052945345
2025-06-05 18:00:00,0.054537316702505334
2025-06-05 19:00:00,0.07034961199565787
2025-06-05 20:00:00,0.13129039440811544
2025-06-05 21:00:00,0.1457517134349801
2025-06-05 22:00:00,0.017512603639691374
2025-06-05 23:00:00,0.07388802257778104
2025-06-06 00:00:00,0.07859799257039762
2025-06-06 01:00:00,0.13683059288197819
2025-06-06 02:00:00,0.08716582934780405
2025-06-06 03:00:00,0.0061354502799526745
2025-06-06 04:00:00,0.0
2025-06-06 05:00:00,0.0
2025-06-06 06:00:00,0.0
2025-06-06 07:00:00,0.003439530934644995
2025-06-06 08:00:00,0.00965359727586325
2025-06-06 09:00:00,0.0005569768439364956
2025-06-06 10:00:00,4.1082459865846104e-09
2025-06-06 11:00:00,0.011281058304311118
2025-06-06 12:00:00,0.00018419709949970927
2025-06-06 13:00:00,0.053179611967010515
2025-06-06 14:00:00,0.2526942188673753
2025-06-06 15:00:00,0.7250570568088082
2025-06-06 16:00:00,0.7204004324243142
2025-06-06 17:00:00,0.5030019948384481
2025-06-06 18:00:00,0.5126038701597968
2025-06-06 19:00:00,0.6834837125829659
2025-06-06 20:00:00,0.4030731004942013
2025-06-06 21:00:00,0.1652165167215955
2025-06-06 22:00:00,0.11783627848369382
2025-06-06 23:00:00,0.050822721780704704
2025-06-07 00:00:00,0.1557920617873366
2025-06-07 01:00:00,0.08227976874704247
2025-06-07 02:00:00,0.08516206659767334
2025-06-07 03:00:00,0.18172513583058322
2025-06-07 04:00:00,0.37482937403293287
2025-06-07 05:00:00,0.36238292458444965
2025-06-07 06:00:00,0.3887445989162852
2025-06-07 07:00:00,0.16862913372566052
2025-06-07 08:00:00,0.3050629207752787
2025-06-07 09:00:00,0.5410551011956188
2025-06-07 10:00:00,0.1340086496095059
2025-06-07 11:00:00,0.40224525564235547
2025-06-07 12:00:00,0.2197560067038838
2025-06-07 13:00:00,0.28774921323544156
2025-06-07 14:00:00,0.2623956136801702
2025-06-07 15:00:00,0.2195403608691599
2025-06-07 16:00:00,0.16631042541727223
2025-06-07 17:00:00,0.061125125570374715
2025-06-07 18:00:00,0.09853389615223136
2025-06-07 19:00:00,0.06981138477638013
2025-06-07 20:00:00,0.011546986484087217
2025-06-07 21:00:00,0.0009006781816698619
2025-06-07 22:00:00,0.0
2025-06-07 23:00:00,0.0
2025-06-08 00:00:00,1.3043326330743747e-05
2025-06-08 01:00:00,0.0
2025-06-08 02:00:00,0.00230238362623314
2025-06-08 03:00:00,0.0026131010721810034
2025-06-08 04:00:00,0.0017071743205021445
2025-06-08 05:00:00,0.003055663598487126
2025-06-08 06:00:00,0.0455795672409203
2025-06-08 07:00:00,0.0047961272166145135
2025-06-08 08:00:00,0.07106845794942102
2025-06-08 09:00:00,0.15723504368269972
2025-06-08 10:00:00,0.1390251950352853
2025-06-08 11:00:00,0.2924253860284008
2025-06-08 12:00:00,0.2037046273085405
2025-06-08 13:00:00,0.22033217916514447
2025-06-08 14:00:00,0.12846080064868937
2025-06-08 15:00:00,0.24055621357320045
2025-06-08 16:00:00,0.12348568884727022
2025-06-08 17:00:00,0.10810683662903138
2025-06-08 18:00:00,0.17293809888945152
2025-06-08 19:00:00,0.3150485959981814
2025-06-08 20:00:00,0.15314433047918144
2025-06-08 21:00:00,0.23840175805220107
2025-06-08 22:00:00,0.09645900288908016
2025-06-08 23:00:00,0.003585597966426077
2025-06-09 00:00:00,0.00033822938097188544
2025-06-09 01:00:00,0.00954315041318937
2025-06-09 02:00:00,0.011292624591287806
2025-06-09 03:00:00,0.004394215955752358
2025-06-09 04:00:00,0.006873574027252689
2025-06-09 05:00:00,0.009170444270763857
2025-06-09 06:00:00,0.029405208374744644
2025-06-09 07:00:00,0.0007849176224238713
2025-06-09 08:00:00,0.001129141906537617
2025-06-09 09:00:00,0.0031031646601759285
2025-06-09 10:00:00,0.0
2025-06-09 11:00:00,0.0
2025-06-09 12:00:00,0.0
2025-06-09 13:00:00,0.0
2025-06-09 14:00:00,0.0
2025-06-09 15:00:00,0.0
2025-06-09 16:00:00,0.0
2025-06-09 17:00:00,0.0
2025-06-09 18:00:00,0.0
2025-06-09 19:00:00,0.0039003887868174713
2025-06-09 20:00:00,0.0
2025-06-09 21:00:00,2.0866915123573895e-07
2025-06-09 22:00:00,1.6088822293226988e-05
2025-06-09 23:00:00,0.002188206755519999
2025-06-10 00:00:00,0.030711530212487907
2025-06-10 01:00:00,0.009751101977491702
2025-06-10 02:00:00,0.04525081456402072
2025-06-10 03:00:00,0.006261987684448818
2025-06-10 04:00:00,0.010407827450004572
2025-06-10 05:00:00,0.007804700581560094
2025-06-10 06:00:00,0.010626886129861965
2025-06-10 07:00:00,0.0009324385389622164
2025-06-10 08:00:00,0.006092810410461876
2025-06-10 09:00:00,0.07209364431714739
2025-06-10 10:00:00,0.021196741963954997
2025-06-10 11:00:00,0.029791740001033025
2025-06-10 12:00:00,0.08005612031851622
2025-06-10 13:00:00,0.05589051384755495
2025-06-10 14:00:00,0.18040563895958697
2025-06-10 15:00:00,0.11395549230041602
2025-06-10 16:00:00,0.09447415108888822
2025-06-10 17:00:00,0.029550981857437823
2025-06-10 18:00:00,0.03611921185562963
2025-06-10 19:00:00,0.036899496377130345
2025-06-10 20:00:00,0.07491028641224606
2025-06-10 21:00:00,0.03510825623058525
2025-06-10 22:00:00,0.013226460350096229
2025-06-10 23:00:00,0.030097790005362366
2025-06-11 00:00:00,0.12840073100093352
2025-06-11 01:00:00,0.18987055585459706
2025-06-11 02:00:00,0.5201899037698974
2025-06-11 03:00:00,0.5810897020796766
2025-06-11 04:00:00,0.6289241542575928
2025-06-11 05:00:00,0.7257772269709629
2025-06-11 06:00:00,1.0
2025-06-11 07:00:00,1.0
2025-06-11 08:00:00,0.7738816562199495
2025-06-11 09:00:00,0.9138526746151896
2025-06-11 10:00:00,0.8424945004072559
2025-06-11 11:00:00,0.6325982950416281
2025-06-11 12:00:00,0.18091479148283698
2025-06-11 13:00:00,0.037179624454549254
2025-06-11 14:00:00,0.0232819271299449
2025-06-11 15:00:00,0.0007797635853586635
2025-06-11 16:00:00,0.00035524700324633023
2025-06-11 17:00:00,0.0075409255856869
2025-06-11 18:00:00,0.0023056946237277973
2025-06-11 19:00:00,0.004506503691911681
2025-06-11 20:00:00,5.2978286672769677e-05
2025-06-11 21:00:00,0.0013113714907095051
2025-06-11 22:00:00,0.008332442347971059
2025-06-11 23:00:00,1.2481140357096593e-05
2025-06-12 00:00:00,0.0
2025-06-12 01:00:00,0.0
2025-06-12 02:00:00,0.0
2025-06-12 03:00:00,1.0453678599570841e-07
2025-06-12 04:00:00,3.35217731247372e-05
2025-06-12 05:00:00,9.938421787271241e-05
2025-06-12 06:00:00,0.0017470647578204906
2025-06-12 07:00:00,0.0068453192973534135
2025-06-12 08:00:00,0.0026369559662917414
2025-06-12 09:00:00,0.0003816427501299563
2025-06-12 10:00:00,0.0007792337257542929
2025-06-12 11:00:00,0.0007723463362609602
2025-06-12 12:00:00,0.06306914104305933
2025-06-12 13:00:00,0.03955713770338246
2025-06-12 14:00:00,0.05525779727084669
2025-06-12 15:00:00,0.08579091312634239
2025-06-12 16:00:00,0.24121071236569497
2025-06-12 17:00:00,0.11374476261914865
2025-06-12 18:00:00,0.27886207066566016
2025-06-12 19:00:00,0.21891913817955683
2025-06-12 20:00:00,0.7734295414736154
2025-06-12 21:00:00,0.7543171019383502
2025-06-12 22:00:00,0.32373876642347943
2025-06-12 23:00:00,0.2451950640272457
2025-06-13 00:00:00,0.4714445754201144
2025-06-13 01:00:00,0.4155252431194283
2025-06-13 02:00:00,0.3402906707331337
2025-06-13 03:00:00,0.4403322261131622
2025-06-13 04:00:00,0.3040744953430084
2025-06-13 05:00:00,0.22833519990166795
2025-06-13 06:00:00,0.0949951424529122
2025-06-13 07:00:00,0.3150301750887216
2025-06-13 08:00:00,0.11113373684534077
2025-06-13 09:00:00,0.11794853035908599
2025-06-13 10:00:00,0.15860458423080243
2025-06-13 11:00:00,0.14059067320034277
2025-06-13 12:00:00,0.03663583238459923
2025-06-13 13:00:00,0.007732993022834845
2025-06-13 14:00:00,0.02283362427190749
2025-06-13 15:00:00,0.006222769086810982
2025-06-13 16:00:00,0.0
2025-06-13 17:00:00,2.6678939198963146e-06
2025-06-13 18:00:00,0.0
2025-06-13 19:00:00,0.00017702911839700852
2025-06-13 20:00:00,0.00019289725000329268
2025-06-13 21:00:00,0.00014630362358552306
2025-06-13 22:00:00,0.0007095472686586647
2025-06-13 23:00:00,0.0
2025-06-14 00:00:00,0.0
2025-06-14 01:00:00,0.0
2025-06-14 02:00:00,0.0
2025-06-14 03:00:00,0.0
2025-06-14 04:00:00,0.0
2025-06-14 05:00:00,0.0
2025-06-14 06:00:00,0.0
2025-06-14 07:00:00,0.0
2025-06-14 08:00:00,0.0
2025-06-14 09:00:00,0.0
2025-06-14 10:00:00,0.0001306434797920572
2025-06-14 11:00:00,0.06708457953719943
2025-06-14 12:00:00,0.17232846189985238
2025-06-14 13:00:00,0.03072486918251757
2025-06-14 14:00:00,0.01914765301159122
2025-06-14 15:00:00,0.013673979118318906
2025-06-14 16:00:00,0.03524082679209352
2025-06-14 17:00:00,0.008348646157525582
2025-06-14 18:00:00,0.0030486889963320537
2025-06-14 19:00:00,0.0
2025-06-14 20:00:00,0.0
2025-06-14 21:00:00,0.0
2025-06-14 22:00:00,0.0
2025-06-14 23:00:00,0.0
2025-06-15 00:00:00,0.0
2025-06-15 01:00:00,0.0005763929740743393
2025-06-15 02:00:00,0.0
2025-06-15 03:00:00,0.0
2025-06-15 04:00:00,0.0
2025-06-15 05:00:00,1.3367238837214269e-05
2025-06-15 06:00:00,0.020714046961259648
2025-06-15 07:00:00,0.020585708110742184
2025-06-15 08:00:00,0.004534585898751249
2025-06-15 09:00:00,0.0008138178103727776
2025-06-15 10:00:00,0.00018484917804686672
2025-06-15 11:00:00,0.0003615083772545658
2025-06-15 12:00:00,0.02299314065569894
2025-06-15 13:00:00,0.07404792688548754
2025-06-15 14:00:00,0.16100840604041194
2025-06-15 15:00:00,0.1638433413099765
2025-06-15 16:00:00,0.05087236698343186
2025-06-15 17:00:00,0.01830274633962633
2025-06-15 18:00:00,0.02192027254380713
2025-06-15 19:00:00,0.0018835387901824214
2025-06-15 20:00:00,0.006519278484067095
2025-06-15 21:00:00,0.030292643107044555
2025-06-15 22:00:00,0.05883698634822218
2025-06-15 23:00:00,0.09295121965591463
2025-06-16 00:00:00,0.0066808778611258425
2025-06-16 01:00:00,0.056776181697403234
2025-06-16 02:00:00,0.004749354217812249
2025-06-16 03:00:00,0.004488395494341434
2025-06-16 04:00:00,0.018935370634237385
2025-06-16 05:00:00,0.033627676620441485
2025-06-16 06:00:00,0.0035029217505898485
2025-06-16 07:00:00,1.1177526043521453e-05
2025-06-16 08:00:00,0.0008129912661015498
2025-06-16 09:00:00,0.006591604835046243
2025-06-16 10:00:00,0.00015074584621545465
2025-06-16 11:00:00,0.002481830250112009
2025-06-16 12:00:00,0.0
2025-06-16 13:00:00,0.00041930377635160523
2025-06-16 14:00:00,0.0
2025-06-16 15:00:00,2.4670989785207482e-05
2025-06-16 16:00:00,0.00011563515764069683
2025-06-16 17:00:00,0.0130290626327087
2025-06-16 18:00:00,0.02169495785982363
2025-06-16 19:00:00,0.008522703479218534
2025-06-16 20:00:00,0.01900495181946037
2025-06-16 21:00:00,0.17991629733655468
2025-06-16 22:00:00,0.26537250059825096
2025-06-16 23:00:00,0.22111041402128492
2025-06-17 00:00:00,0.10026071232916957
2025-06-17 01:00:00,0.0502542787301113
2025-06-17 02:00:00,0.09625224795478184
2025-06-17 03:00:00,0.034958324789161
2025-06-17 04:00:00,0.03557640339630286
2025-06-17 05:00:00,0.1443491356949686
2025-06-17 06:00:00,0.14610709924343565
2025-06-17 07:00:00,0.04759950738238164
2025-06-17 08:00:00,0.2807438405832292
2025-06-17 09:00:00,0.6400298058215751
2025-06-17 10:00:00,0.6759137071929193
2025-06-17 11:00:00,0.9896277539118903
2025-06-17 12:00:00,0.7170153407940334
2025-06-17 13:00:00,0.824525422738937
2025-06-17 14:00:00,0.5532653512537441
2025-06-17 15:00:00,0.2052626649232811
2025-06-17 16:00:00,0.767295863527592
2025-06-17 17:00:00,0.298178282636421
2025-06-17 18:00:00,0.30855624763730144
2025-06-17 19:00:00,0.31589766300650446
2025-06-17 20:00:00,0.3685189137714566
2025-06-17 21:00:00,0.2972475166425511
2025-06-17 22:00:00,0.24318033346573034
2025-06-17 23:00:00,0.2322910551644376
2025-06-18 00:00:00,0.2758413410911112
2025-06-18 01:00:00,0.2380641575873853
2025-06-18 02:00:00,0.19787082264520287
2025-06-18 03:00:00,0.054996255678424776
2025-06-18 04:00:00,0.27235925589270066
2025-06-18 05:00:00,0.3282895434077244
2025-06-18 06:00:00,0.3189096644073909
2025-06-18 07:00:00,0.18013060208853623
2025-06-18 08:00:00,0.06740619969898454
2025-06-18 09:00:00,0.13779317048389295
2025-06-18 10:00:00,0.1088268284530943
2025-06-18 11:00:00,0.1642703582949824
2025-06-18 12:00:00,0.040903888783327215
2025-06-18 13:00:00,0.1691459641728125
2025-06-18 14:00:00,0.27914891296822375
2025-06-18 15:00:00,0.22855555129245875
2025-06-18 16:00:00,0.2715160876112131
2025-06-18 17:00:00,0.3685318513292339
2025-06-18 18:00:00,0.12421778279548311
2025-06-18 19:00:00,0.35742274227100135
2025-06-18 20:00:00,0.4020960764275403
2025-06-18 21:00:00,0.21969287991019515
2025-06-18 22:00:00,0.07906521002947633
2025-06-18 23:00:00,0.1697266105254631
2025-06-19 00:00:00,0.175355708696917
2025-06-19 01:00:00,0.2191041922064114
2025-06-19 02:00:00,0.1953435927276519
2025-06-19 03:00:00,0.07467652881970699
2025-06-19 04:00:00,0.11171187382284352
2025-06-19 05:00:00,0.08570117056925554
2025-06-19 06:00:00,0.07836806104366596
2025-06-19 07:00:00,0.4045606576391577
2025-06-19 08:00:00,0.5450131493315451
2025-06-19 09:00:00,0.7148324324557969
2025-06-19 10:00:00,1.0
2025-06-19 11:00:00,1.0
2025-06-19 12:00:00,1.0
2025-06-19 13:00:00,0.820169774921657
2025-06-19 14:00:00,0.5423630635095602
2025-06-19 15:00:00,0.11916486891117524
2025-06-19 16:00:00,0.1986518041408594
2025-06-19 17:00:00,0.05860667132931913
2025-06-19 18:00:00,0.12903899251199924
2025-06-19 19:00:00,0.11271840948546633
2025-06-19 20:00:00,0.11484285098876028
2025-06-19 21:00:00,0.10107462131190141
2025-06-19 22:00:00,0.2622931817887123
2025-06-19 23:00:00,0.4622281644861859
2025-06-20 00:00:00,0.3804813631586647
2025-06-20 01:00:00,0.18047387334741716
2025-06-20 02:00:00,0.29665932449174626
2025-06-20 03:00:00,0.12728624103138125
2025-06-20 04:00:00,0.021346281148894506
2025-06-20 05:00:00,0.04313767315904232
2025-06-20 06:00:00,0.135504877076149
2025-06-20 07:00:00,0.08618180759302169
2025-06-20 08:00:00,0.11476459009815772
2025-06-20 09:00:00,0.07167185420975845
2025-06-20 10:00:00,0.12878947379118566
2025-06-20 11:00:00,0.2571052913216137
2025-06-20 12:00:00,0.18604482046731569
2025-06-20 13:00:00,0.06863509764263724
2025-06-20 14:00:00,0.008784092585424237
2025-06-20 15:00:00,0.04080508540618675
2025-06-20 16:00:00,0.006948908061735935
2025-06-20 17:00:00,0.016736395184622825
2025-06-20 18:00:00,0.05017364406814981
2025-06-20 19:00:00,0.026580356034859514
2025-06-20 20:00:00,0.021997025246529033
2025-06-20 21:00:00,0.07441785936075769
2025-06-20 22:00:00,0.028022830720285136
2025-06-20 23:00:00,0.006319659386353587
2025-06-21 00:00:00,0.0047557337143286525
2025-06-21 01:00:00,0.045510380973344
2025-06-21 02:00:00,0.1869016064776414
2025-06-21 03:00:00,0.153282287457142
2025-06-21 04:00:00,0.07398717904237237
2025-06-21 05:00:00,0.17073764490739624
2025-06-21 06:00:00,0.029435637708777447
2025-06-21 07:00:00,0.041084152070562
2025-06-21 08:00:00,0.038797123497837836
2025-06-21 09:00:00,0.13460950291330237
2025-06-21 10:00:00,0.3181507027166437
2025-06-21 11:00:00,0.14189262943881592
2025-06-21 12:00:00,0.14540419236250415
2025-06-21 13:00:00,0.07974956869202567
2025-06-21 14:00:00,0.05567458954089659
2025-06-21 15:00:00,0.09768006389194894
2025-06-21 16:00:00,0.06562140834509808
2025-06-21 17:00:00,0.07567028943585835
2025-06-21 18:00:00,0.16032086703181467
2025-06-21 19:00:00,0.38344081577398104
2025-06-21 20:00:00,0.38350869747367383
2025-06-21 21:00:00,0.34831909181117127
2025-06-21 22:00:00,0.13920597297265058
2025-06-21 23:00:00,0.36324391357204155
2025-06-22 00:00:00,0.40742931017398776
2025-06-22 01:00:00,0.3721550921103316
2025-06-22 02:00:00,0.3322168353698707
2025-06-22 03:00:00,0.3512256095754676
2025-06-22 04:00:00,0.46085507431105877
2025-06-22 05:00:00,0.6124420381227648
2025-06-22 06:00:00,1.0
2025-06-22 07:00:00,0.9392489831852433
2025-06-22 08:00:00,1.0
2025-06-22 09:00:00,1.0
2025-06-22 10:00:00,1.0
2025-06-22 11:00:00,0.5400898068811464
2025-06-22 12:00:00,0.4713135099015462
2025-06-22 13:00:00,0.839766557701469
2025-06-22 14:00:00,0.47239098134354207
2025-06-22 15:00:00,0.4148352194927127
2025-06-22 16:00:00,0.38457025587834315
2025-06-22 17:00:00,0.5409120329644419
2025-06-22 18:00:00,0.36557953048187886
2025-06-22 19:00:00,0.17618313426507384
2025-06-22 20:00:00,0.23246588854773767
2025-06-22 21:00:00,0.11576820065988999
2025-06-22 22:00:00,0.01154163863685529
2025-06-22 23:00:00,0.11358517397683235
2025-06-23 00:00:00,0.20854717162113465
2025-06-23 01:00:00,0.5513854949091638
2025-06-23 02:00:00,0.7024465009624533
2025-06-23 03:00:00,0.7914624685054644
2025-06-23 04:00:00,0.768020385737626
2025-06-23 05:00:00,0.5779545068617205
2025-06-23 06:00:00,0.6186269800918782
2025-06-23 07:00:00,0.38327842858223815
2025-06-23 08:00:00,0.16106313879402392
2025-06-23 09:00:00,0.10979288329110527
2025-06-23 10:00:00,0.2595386433237054
2025-06-23 11:00:00,0.08666323377364284
2025-06-23 12:00:00,0.019434053768466634
2025-06-23 13:00:00,0.04473451288417267
2025-06-23 14:00:00,0.026342479690678218
2025-06-23 15:00:00,0.04927636791338374
2025-06-23 16:00:00,0.12233443163273884
2025-06-23 17:00:00,0.15956564270755635
2025-06-23 18:00:00,0.08350183620157692
2025-06-23 19:00:00,0.2150768137022578
2025-06-23 20:00:00,0.3041040568136796
2025-06-23 21:00:00,0.26527980670763446
2025-06-23 22:00:00,0.2259919495142161
2025-06-23 23:00:00,0.2525262667501685
2025-06-24 00:00:00,0.17534871738818306
2025-06-24 01:00:00,0.032426739799552434
2025-06-24 02:00:00,0.07468378908731527
2025-06-24 03:00:00,0.1289238593294121
2025-06-24 04:00:00,0.005839091085970349
2025-06-24 05:00:00,0.01842338494038583
2025-06-24 06:00:00,0.1300354979315438
2025-06-24 07:00:00,0.03880580234132752
2025-06-24 08:00:00,0.03545764733947912
2025-06-24 09:00:00,0.02835557539583276
2025-06-24 10:00:00,0.14929895178356853
2025-06-24 11:00:00,0.2891244430841531
2025-06-24 12:00:00,0.13350882106584994
2025-06-24 13:00:00,0.15698882650794554
2025-06-24 14:00:00,0.5668351865641653
2025-06-24 15:00:00,0.3354116412759713
2025-06-24 16:00:00,0.28419896449080495
2025-06-24 17:00:00,0.3344681213917535
2025-06-24 18:00:00,0.191757922000436
2025-06-24 19:00:00,0.49082499595551093
2025-06-24 20:00:00,0.3147954670235644
2025-06-24 21:00:00,0.09721896511167616
2025-06-24 22:00:00,0.05364845632494224
2025-06-24 23:00:00,0.09768767666843313
2025-06-25 00:00:00,0.03946937895160071
2025-06-25 01:00:00,0.05505902770318781
2025-06-25 02:00:00,0.09187201602918776
2025-06-25 03:00:00,0.021464892454575203
2025-06-25 04:00:00,0.00903338747498835
2025-06-25 05:00:00,0.019184163663234034
2025-06-25 06:00:00,0.05003193768974734
2025-06-25 07:00:00,0.025182277536828848
2025-06-25 08:00:00,0.03205888371203408
2025-06-25 09:00:00,0.022302842670883127
2025-06-25 10:00:00,0.056751961133215297
2025-06-25 11:00:00,0.09047552032295722
2025-06-25 12:00:00,0.05824431808537567
2025-06-25 13:00:00,0.08898649708717911
2025-06-25 14:00:00,0.05494477843367033
2025-06-25 15:00:00,0.08340469688576274
2025-06-25 16:00:00,0.11754195868379896
2025-06-25 17:00:00,0.4962006558899819
2025-06-25 18:00:00,0.3446072668617064
2025-06-25 19:00:00,0.2691459641235887
2025-06-25 20:00:00,0.14723990771274165
2025-06-25 21:00:00,0.050907591025327575
2025-06-25 22:00:00,0.028666472486381003
2025-06-25 23:00:00,0.06304670297322057
2025-06-26 00:00:00,0.11734003401240638
2025-06-26 01:00:00,0.1355044222561482
2025-06-26 02:00:00,0.09496397145280656
2025-06-26 03:00:00,0.054079401622953396
2025-06-26 04:00:00,0.015869716719448576
2025-06-26 05:00:00,0.0063554369779450105
2025-06-26 06:00:00,1.9898650164176655e-05
2025-06-26 07:00:00,0.01371655360278136
2025-06-26 08:00:00,0.12091247358355861
2025-06-26 09:00:00,0.010617485194620486
2025-06-26 10:00:00,0.019676524511645477
2025-06-26 11:00:00,0.030640228376238608
2025-06-26 12:00:00,0.04036503872884208
2025-06-26 13:00:00,0.018191364134970092
2025-06-26 14:00:00,0.06735239995074663
2025-06-26 15:00:00,0.09391110744107674
2025-06-26 16:00:00,0.19592422702127382
2025-06-26 17:00:00,0.0958481419289672
2025-06-26 18:00:00,0.017677615410235194
2025-06-26 19:00:00,0.0346703105358337
2025-06-26 20:00:00,0.007792804484222291
2025-06-26 21:00:00,0.04394474834047716
2025-06-26 22:00:00,0.0002987558792226052
2025-06-26 23:00:00,2.9898351768852454e-05
2025-06-27 00:00:00,0.0
2025-06-27 01:00:00,0.0
2025-06-27 02:00:00,7.02143468456085e-05
2025-06-27 03:00:00,0.00188207452140263
2025-06-27 04:00:00,0.012162005135854307
2025-06-27 05:00:00,0.03972504648758059
2025-06-27 06:00:00,0.03204073080602655
2025-06-27 07:00:00,0.21691498632474016
2025-06-27 08:00:00,0.43793869810842356
2025-06-27 09:00:00,0.30786363255207
2025-06-27 10:00:00,0.24164304610810608
2025-06-27 11:00:00,0.16595260818127583
2025-06-27 12:00:00,0.1916199552714866
2025-06-27 13:00:00,0.07542876701145061
2025-06-27 14:00:00,0.02929585045809138
2025-06-27 15:00:00,9.907930529638017e-06
2025-06-27 16:00:00,0.0
2025-06-27 17:00:00,0.005375542512345007
2025-06-27 18:00:00,0.004980755238888203
2025-06-27 19:00:00,0.005294324195401861
2025-06-27 20:00:00,0.011763706207434908
2025-06-27 21:00:00,0.001134391598236159
2025-06-27 22:00:00,0.002231081579186633
2025-06-27 23:00:00,0.019663680492478443
2025-06-28 00:00:00,0.03175091565595654
2025-06-28 01:00:00,0.09041972051053991
2025-06-28 02:00:00,0.22248587073040232
2025-06-28 03:00:00,0.2968778627802551
2025-06-28 04:00:00,0.15623964364976958
2025-06-28 05:00:00,0.10528469719225862
2025-06-28 06:00:00,0.36704959242888274
2025-06-28 07:00:00,0.37272876885975686
2025-06-28 08:00:00,0.3507047623263486
2025-06-28 09:00:00,0.16941717822190597
2025-06-28 10:00:00,0.1399299002078887
2025-06-28 11:00:00,0.21189192435687224
2025-06-28 12:00:00,0.18705054266107538
2025-06-28 13:00:00,0.1097585643413562
2025-06-28 14:00:00,0.0772763596837966
2025-06-28 15:00:00,0.19079947138069095
2025-06-28 16:00:00,0.2628435114500215
2025-06-28 17:00:00,0.31598103428777086
2025-06-28 18:00:00,0.3506702436269931
2025-06-28 19:00:00,0.13281887714930266
2025-06-28 20:00:00,0.14794195481460928
2025-06-28 21:00:00,0.2769523906926769
2025-06-28 22:00:00,0.2004137998543549
2025-06-28 23:00:00,0.32913043266694136
2025-06-29 00:00:00,0.3834681856502619
2025-06-29 01:00:00,0.5071594434108916
2025-06-29 02:00:00,0.4352014383914601
2025-06-29 03:00:00,0.5790404985091382
2025-06-29 04:00:00,0.20355286565444164
2025-06-29 05:00:00,0.18242135385022057
2025-06-29 06:00:00,0.26061918562731273
2025-06-29 07:00:00,0.27168596324696
2025-06-29 08:00:00,0.44284423499005593
2025-06-29 09:00:00,0.34060857727306443
2025-06-29 10:00:00,0.20420599329074088
2025-06-29 11:00:00,0.04100861494464855
2025-06-29 12:00:00,0.029015210679159346
2025-06-29 13:00:00,0.0543303378602311
2025-06-29 14:00:00,0.10757579316281761
2025-06-29 15:00:00,0.020766466097835362
2025-06-29 16:00:00,0.0836378238018692
2025-06-29 17:00:00,0.02620564290066834
2025-06-29 18:00:00,0.02302340559062577
2025-06-29 19:00:00,0.009735929827340267
2025-06-29 20:00:00,0.022208992060004935
2025-06-29 21:00:00,0.026682748092661787
2025-06-29 22:00:00,0.06051163843140139
2025-06-29 23:00:00,0.25287873291535956
2025-06-30 00:00:00,0.2804953533452901
2025-06-30 01:00:00,0.16240954725306198
2025-06-30 02:00:00,0.200895956577613
2025-06-30 03:00:00,0.5500827158915875
2025-06-30 04:00:00,0.6317782843274823
2025-06-30 05:00:00,0.8080783905417639
2025-06-30 06:00:00,0.28663175115678574
2025-06-30 07:00:00,0.31189343650614115
2025-06-30 08:00:00,0.2246507203420614
2025-06-30 09:00:00,0.11750250764856514
2025-06-30 10:00:00,0.10454728807365964
2025-06-30 11:00:00,0.10494831754591956
2025-06-30 12:00:00,0.052576659209630346
2025-06-30 13:00:00,0.06186595739724203
2025-06-30 14:00:00,0.04906710458987977
2025-06-30 15:00:00,0.09498594330805034
2025-06-30 16:00:00,0.10662415155669516
2025-06-30 17:00:00,0.13270764590498194
2025-06-30 18:00:00,0.24148202549098025
2025-06-30 19:00:00,0.2975321832122252
2025-06-30 20:00:00,0.25395856688405133
2025-06-30 21:00:00,0.034422515062444516
2025-06-30 22:00:00,0.06135861155348551
2025-06-30 23:00:00,0.01899009757666129
2025-07-01 00:00:00,0.017859031035460216
2025-07-01 01:00:00,0.03209891787986481
2025-07-01 02:00:00,0.12244778242923923
2025-07-01 03:00:00,0.3814315038630618
2025-07-01 04:00:00,0.17876380800729924
2025-07-01 05:00:00,0.0486716273336164
2025-07-01 06:00:00,0.06649252787117314
2025-07-01 07:00:00,0.07953984962767552
2025-07-01 08:00:00,0.017644402167013108
2025-07-01 09:00:00,0.0186696865711294
2025-07-01 10:00:00,0.043409523086348566
2025-07-01 11:00:00,0.006416726049911698
2025-07-01 12:00:00,0.00031590139882504574
2025-07-01 13:00:00,6.772238460211692e-07
2025-07-01 14:00:00,2.1234802229328185e-06
2025-07-01 15:00:00,0.002576427683208812
2025-07-01 16:00:00,0.0014480403210941288
2025-07-01 17:00:00,0.0028857950197710026
2025-07-01 18:00:00,0.09744638416741533
2025-07-01 19:00:00,0.032802414101855124
2025-07-01 20:00:00,0.012880702476694718
2025-07-01 21:00:00,0.03738692593733212
2025-07-01 22:00:00,0.10092744948064837
2025-07-01 23:00:00,0.13063985864831534
2025-07-02 00:00:00,0.38856686440586546
2025-07-02 01:00:00,0.3923680314146002
2025-07-02 02:00:00,0.07912303390927117
2025-07-02 03:00:00,0.08085159321454372
2025-07-02 04:00:00,0.04156525262244681
2025-07-02 05:00:00,0.14792666239472965
2025-07-02 06:00:00,0.25891877508510097
2025-07-02 07:00:00,0.06182920445279437
2025-07-02 08:00:00,0.18377421737703856
2025-07-02 09:00:00,0.3003732664438749
2025-07-02 10:00:00,0.20825688952997898
2025-07-02 11:00:00,0.17204621156497765
2025-07-02 12:00:00,0.37136065896712445
2025-07-02 13:00:00,0.07300422246065465
2025-07-02 14:00:00,0.10283257524247809
2025-07-02 15:00:00,0.2161659887517985
2025-07-02 16:00:00,0.17701550555425827
2025-07-02 17:00:00,0.24368526384244296
2025-07-02 18:00:00,0.22587020998912255
2025-07-02 19:00:00,0.10853676017312283
2025-07-02 20:00:00,0.04469719604979927
2025-07-02 21:00:00,0.08942721378877724
2025-07-02 22:00:00,0.04327832828134077
2025-07-02 23:00:00,0.0031402345506073826
2025-07-03 00:00:00,0.005913530129161078
2025-07-03 01:00:00,0.0020814736427137164
2025-07-03 02:00:00,0.0
2025-07-03 03:00:00,3.4187192327839e-05
2025-07-03 04:00:00,0.004429820826254518
2025-07-03 05:00:00,0.006186798790126044
2025-07-03 06:00:00,0.00018192372029918308
2025-07-03 07:00:00,0.003248043531787956
2025-07-03 08:00:00,0.028065898127001148
2025-07-03 09:00:00,0.21664759988452068
2025-07-03 10:00:00,0.4480109859062161
2025-07-03 11:00:00,0.20349557683684158
2025-07-03 12:00:00,0.3095455485691399
2025-07-03 13:00:00,0.3088933211454146
2025-07-03 14:00:00,0.11651523792018634
2025-07-03 15:00:00,0.13294167928345466
2025-07-03 16:00:00,0.4173713017777702
2025-07-03 17:00:00,0.6462067109520243
2025-07-03 18:00:00,0.3096715049411167
2025-07-03 19:00:00,0.2668529656145656
2025-07-03 20:00:00,0.3114432009613097
2025-07-03 21:00:00,0.0706136671247871
2025-07-03 22:00:00,0.0058174154409909706
2025-07-03 23:00:00,0.010007660435065084
2025-07-04 00:00:00,0.015424232897288828
2025-07-04 01:00:00,2.175166230241342e-06
2025-07-04 02:00:00,0.000890705651852642
2025-07-04 03:00:00,0.018388505430566027
2025-07-04 04:00:00,0.014105241908205179
2025-07-04 05:00:00,0.017262015258933065
2025-07-04 06:00:00,0.039828537804870424
2025-07-04 07:00:00,0.06337218120432371
2025-07-04 08:00:00,0.004942444206848027
2025-07-04 09:00:00,0.00028995566927475665
2025-07-04 10:00:00,6.42986206489131e-05
2025-07-04 11:00:00,0.0
2025-07-04 12:00:00,0.006553816019445814
2025-07-04 13:00:00,0.023321422504425298
2025-07-04 14:00:00,0.0029152670150580364
2025-07-04 15:00:00,0.0023611514931670377
2025-07-04 16:00:00,0.027807740412904163
2025-07-04 17:00:00,0.010636088415293992
2025-07-04 18:00:00,0.04071806383903238
2025-07-04 19:00:00,0.14578469719068846
2025-07-04 20:00:00,0.29831383315236387
2025-07-04 21:00:00,0.28535309703376815
2025-07-04 22:00:00,0.4961419004972326
2025-07-04 23:00:00,0.3091938319913699
2025-07-05 00:00:00,0.9150629100849691
2025-07-05 01:00:00,0.8272019455178473
2025-07-05 02:00:00,1.0
2025-07-05 03:00:00,0.7585109226533738
2025-07-05 04:00:00,0.7788216826632068
2025-07-05 05:00:00,0.8125805741749753
2025-07-05 06:00:00,0.4212217143059804
2025-07-05 07:00:00,0.1956097007113586
2025-07-05 08:00:00,0.14746250602001942
2025-07-05 09:00:00,0.28119598353513986
2025-07-05 10:00:00,0.05471820555396173
2025-07-05 11:00:00,0.03481962273183507
2025-07-05 12:00:00,0.12551535757993623
2025-07-05 13:00:00,0.03281312587415361
2025-07-05 14:00:00,0.11585937604869923
2025-07-05 15:00:00,0.03342509897368909
2025-07-05 16:00:00,0.00815861497079085
2025-07-05 17:00:00,0.0073755194594422235
2025-07-05 18:00:00,0.09529450339012432
2025-07-05 19:00:00,0.04633634383646121
2025-07-05 20:00:00,0.002016520379879566
2025-07-05 21:00:00,0.0
2025-07-05 22:00:00,0.0017842461504923473
2025-07-05 23:00:00,0.0
2025-07-06 00:00:00,0.003834635732842737
2025-07-06 01:00:00,0.006137718558581691
2025-07-06 02:00:00,0.007241846711678354
2025-07-06 03:00:00,0.014980665800256672
2025-07-06 04:00:00,0.0032832084840690393
2025-07-06 05:00:00,0.0063331469777973695
2025-07-06 06:00:00,7.032689083523875e-05
2025-07-06 07:00:00,0.015435113868476024
2025-07-06 08:00:00,0.001764144662472392
2025-07-06 09:00:00,0.007989475616588651
2025-07-06 10:00:00,0.00043342958566270316
2025-07-06 11:00:00,2.8023447097417038e-05
2025-07-06 12:00:00,1.2366755549707648e-06
2025-07-06 13:00:00,0.0840057667198762
2025-07-06 14:00:00,0.07688381073088862
2025-07-06 15:00:00,0.028857394397924303
2025-07-06 16:00:00,0.015638739161111016
2025-07-06 17:00:00,0.00020031114318328706
2025-07-06 18:00:00,0.0002626560165758335
2025-07-06 19:00:00,0.037954645927518245
2025-07-06 20:00:00,0.054865426033827665
2025-07-06 21:00:00,0.12110168431755416
2025-07-06 22:00:00,0.04572130427398628
2025-07-06 23:00:00,0.035231400253212794
2025-07-07 00:00:00,0.04462251656115538
2025-07-07 01:00:00,0.01678286440834883
2025-07-07 02:00:00,0.03166654588861541
2025-07-07 03:00:00,0.06363329940467774
2025-07-07 04:00:00,0.10002019477237986
2025-07-07 05:00:00,0.07988532031120714
2025-07-07 06:00:00,0.18048533088312782
2025-07-07 07:00:00,0.13063736827834038
2025-07-07 08:00:00,0.08715550118281777
2025-07-07 09:00:00,0.24182467553516784
2025-07-07 10:00:00,0.08927804668529345
2025-07-07 11:00:00,0.009192113046329796
2025-07-07 12:00:00,0.0012062111409518817
2025-07-07 13:00:00,0.005837831308021013
2025-07-07 14:00:00,0.04866961010929889
2025-07-07 15:00:00,0.020568171464850946
2025-07-07 16:00:00,0.14064829715616395
2025-07-07 17:00:00,0.12846862364052594
2025-07-07 18:00:00,0.10498459591775966
2025-07-07 19:00:00,0.0410135908998826
2025-07-07 20:00:00,0.21808815197095993
2025-07-07 21:00:00,0.1707226535190785
2025-07-07 22:00:00,0.04499458077810969
2025-07-07 23:00:00,0.3127212312920448
2025-07-08 00:00:00,0.3364486354590767
2025-07-08 01:00:00,0.44714941662954366
2025-07-08 02:00:00,0.8409128563576683
2025-07-08 03:00:00,0.8952662656719853
2025-07-08 04:00:00,1.0
2025-07-08 05:00:00,0.9031504926625299
2025-07-08 06:00:00,1.0
2025-07-08 07:00:00,0.8002808055190231
2025-07-08 08:00:00,0.6490320776337845
2025-07-08 09:00:00,0.567642028801167
2025-07-08 10:00:00,0.38190864744592157
2025-07-08 11:00:00,0.4264338009654294
2025-07-08 12:00:00,0.4687449054795016
2025-07-08 13:00:00,0.5937850371507601
2025-07-08 14:00:00,0.667837243026629
2025-07-08 15:00:00,1.0
2025-07-08 16:00:00,1.0
2025-07-08 17:00:00,1.0
2025-07-08 18:00:00,1.0
2025-07-08 19:00:00,1.0
2025-07-08 20:00:00,0.8248143153620241
2025-07-08 21:00:00,1.0
2025-07-08 22:00:00,0.8838421559991245
2025-07-08 23:00:00,1.0
2025-07-09 00:00:00,0.850700788927136
2025-07-09 01:00:00,0.6789341188822714
2025-07-09 02:00:00,0.27635677516871093
2025-07-09 03:00:00,0.4040257334118428
2025-07-09 04:00:00,0.14687868573504465
2025-07-09 05:00:00,0.03176002416161765
2025-07-09 06:00:00,0.104790038755232
2025-07-09 07:00:00,0.33448271735580326
2025-07-09 08:00:00,0.18447474816276876
2025-07-09 09:00:00,0.311719456831133
2025-07-09 10:00:00,0.4194884775274366
2025-07-09 11:00:00,0.33495097982566213
2025-07-09 12:00:00,0.5817477745968523
2025-07-09 13:00:00,0.44335950966529175
2025-07-09 14:00:00,0.48869704564560007
2025-07-09 15:00:00,0.19086604468390908
2025-07-09 16:00:00,0.059639140339085725
2025-07-09 17:00:00,0.15685760806991042
2025-07-09 18:00:00,0.2066754315386304
2025-07-09 19:00:00,0.1628842253045792
2025-07-09 20:00:00,0.46913090448385675
2025-07-09 21:00:00,0.9511011748542326
2025-07-09 22:00:00,0.930035584055395
2025-07-09 23:00:00,0.37111127998661403
2025-07-10 00:00:00,0.2934094657458876
2025-07-10 01:00:00,0.14116721556089898
2025-07-10 02:00:00,0.13525777926686547
2025-07-10 03:00:00,0.05102435823036612
2025-07-10 04:00:00,0.00904055439134715
2025-07-10 05:00:00,0.0
2025-07-10 06:00:00,0.0
2025-07-10 07:00:00,0.0
2025-07-10 08:00:00,0.0
2025-07-10 09:00:00,0.0
2025-07-10 10:00:00,0.0
2025-07-10 11:00:00,0.0
2025-07-10 12:00:00,0.0
2025-07-10 13:00:00,0.0
2025-07-10 14:00:00,0.0
2025-07-10 15:00:00,0.0
2025-07-10 16:00:00,0.0
2025-07-10 17:00:00,0.0
2025-07-10 18:00:00,0.0
2025-07-10 19:00:00,0.0011546690799244675
2025-07-10 20:00:00,0.003632295500949395
2025-07-10 21:00:00,0.013476175558175806
2025-07-10 22:00:00,0.004436899100298003
2025-07-10 23:00:00,0.009299646781945123
2025-07-11 00:00:00,0.0063909150592038584
2025-07-11 01:00:00,0.008461281488410027
2025-07-11 02:00:00,0.027570441154226796
2025-07-11 03:00:00,0.013570505354663297
2025-07-11 04:00:00,0.007395447005492402
2025-07-11 05:00:00,0.002974239434894453
2025-07-11 06:00:00,0.0008666043815649673
2025-07-11 07:00:00,0.002836716541297049
2025-07-11 08:00:00,0.0014075236993266464
2025-07-11 09:00:00,0.03656518605213891
2025-07-11 10:00:00,0.32293532400336467
2025-07-11 11:00:00,0.1902521925937115
2025-07-11 12:00:00,0.20471556140202957
2025-07-11 13:00:00,0.34390305926642356
2025-07-11 14:00:00,0.24792967058665594
2025-07-11 15:00:00,0.10161257963495365
2025-07-11 16:00:00,0.31835080466906557
2025-07-11 17:00:00,0.40220706130599415
2025-07-11 18:00:00,0.4041478650784233
2025-07-11 19:00:00,0.7054035413073871
2025-07-11 20:00:00,0.8198077407824385
2025-07-11 21:00:00,0.6558096491010031
2025-07-11 22:00:00,0.32216110065428816
2025-07-11 23:00:00,0.1997123763134517
2025-07-12 00:00:00,0.3702339092842908
2025-07-12 01:00:00,0.45528618436331536
2025-07-12 02:00:00,0.3437160628374601
2025-07-12 03:00:00,0.7216217648032296
2025-07-12 04:00:00,0.5499001051738415
2025-07-12 05:00:00,0.7309412987109952
2025-07-12 06:00:00,0.664517170429673
2025-07-12 07:00:00,1.0
2025-07-12 08:00:00,1.0
2025-07-12 09:00:00,1.0
2025-07-12 10:00:00,0.8156554888511848
2025-07-12 11:00:00,0.6623249161245531
2025-07-12 12:00:00,0.3753675000419903
2025-07-12 13:00:00,0.12592692255707075
2025-07-12 14:00:00,0.14450940481389646
2025-07-12 15:00:00,0.08204153151147899
2025-07-12 16:00:00,0.04396840128473828
2025-07-12 17:00:00,0.038860101377693405
2025-07-12 18:00:00,0.040908552665564736
2025-07-12 19:00:00,0.04067110125388341
2025-07-12 20:00:00,0.1874273165861489
2025-07-12 21:00:00,0.25664741811845193
2025-07-12 22:00:00,0.689883897290268
2025-07-12 23:00:00,0.4565030982590826
2025-07-13 00:00:00,0.5702071271942504
2025-07-13 01:00:00,0.3864621721888751
2025-07-13 02:00:00,0.23163354399536298
2025-07-13 03:00:00,0.6569236292396056
2025-07-13 04:00:00,0.36334269938134545
2025-07-13 05:00:00,0.054800954824983664
2025-07-13 06:00:00,0.02219151822437799
2025-07-13 07:00:00,8.098939574798857e-06
2025-07-13 08:00:00,0.0
2025-07-13 09:00:00,0.0
2025-07-13 10:00:00,0.0
2025-07-13 11:00:00,0.0
2025-07-13 12:00:00,0.0
2025-07-13 13:00:00,0.0
2025-07-13 14:00:00,0.0
2025-07-13 15:00:00,0.0
2025-07-13 16:00:00,0.0
2025-07-13 17:00:00,8.529153995464224e-07
2025-07-13 18:00:00,0.007799536626985843
2025-07-13 19:00:00,0.0043687403042693435
2025-07-13 20:00:00,0.0016622030885562792
2025-07-13 21:00:00,0.007302289513517753
2025-07-13 22:00:00,0.04054205480810484
2025-07-13 23:00:00,0.09179863025926002
2025-07-14 00:00:00,0.11144531088940726
2025-07-14 01:00:00,0.12251539307055179
2025-07-14 02:00:00,0.10716379556736327
2025-07-14 03:00:00,0.1361843470627008
2025-07-14 04:00:00,0.44758443758888716
2025-07-14 05:00:00,0.32729925621045275
2025-07-14 06:00:00,0.22125168424155722
2025-07-14 07:00:00,0.13963928450081448
2025-07-14 08:00:00,0.16746955614905717
2025-07-14 09:00:00,0.015305454470479606
2025-07-14 10:00:00,0.013546479226764817
2025-07-14 11:00:00,0.04814650391034707
2025-07-14 12:00:00,0.024543719478762382
2025-07-14 13:00:00,0.032470876803834675
2025-07-14 14:00:00,0.21477334309890955
2025-07-14 15:00:00,0.2333085589813855
2025-07-14 16:00:00,0.024570980175659164
2025-07-14 17:00:00,0.0012592790274373344
2025-07-14 18:00:00,0.0009065842520136559
2025-07-14 19:00:00,2.5115721056088106e-06
2025-07-14 20:00:00,0.00020220068612447338
2025-07-14 21:00:00,0.00010156897118366139
2025-07-14 22:00:00,0.012006783973570908
2025-07-14 23:00:00,0.0008453593290316387
2025-07-15 00:00:00,0.0007388237948871551
2025-07-15 01:00:00,0.0029163603106434743
2025-07-15 02:00:00,0.008802382768220617
2025-07-15 03:00:00,0.013484826631433832
2025-07-15 04:00:00,0.0
2025-07-15 05:00:00,0.0
2025-07-15 06:00:00,0.0
2025-07-15 07:00:00,0.002845592627030199
2025-07-15 08:00:00,0.016760748609760436
2025-07-15 09:00:00,0.025660140427262487
2025-07-15 10:00:00,0.03918246006014792
2025-07-15 11:00:00,0.13842232430031629
2025-07-15 12:00:00,0.2751928648150954
2025-07-15 13:00:00,0.28048626392680415
2025-07-15 14:00:00,0.7427000068767469
2025-07-15 15:00:00,0.4472721851318236
2025-07-15 16:00:00,0.17970463999319533
2025-07-15 17:00:00,0.15679129098304748
2025-07-15 18:00:00,0.10293732245823141
2025-07-15 19:00:00,0.0021259545227077918
2025-07-15 20:00:00,0.00024113367102233702
2025-07-15 21:00:00,0.002418625361251094
2025-07-15 22:00:00,0.0031068630737458
2025-07-15 23:00:00,0.0002318820474089451
2025-07-16 00:00:00,0.0008212978883819231
2025-07-16 01:00:00,0.002370446911684103
2025-07-16 02:00:00,0.01512949043453097
2025-07-16 03:00:00,0.0049610989511186185
2025-07-16 04:00:00,0.02749436762408396
2025-07-16 05:00:00,0.00411199249259253
2025-07-16 06:00:00,0.001345840849183532
2025-07-16 07:00:00,0.04541940280714269
2025-07-16 08:00:00,0.010433080864577927
2025-07-16 09:00:00,0.002883464198545586
2025-07-16 10:00:00,0.0
2025-07-16 11:00:00,0.0
2025-07-16 12:00:00,0.0
2025-07-16 13:00:00,0.0012115715379606932
2025-07-16 14:00:00,0.002012761970515537
2025-07-16 15:00:00,0.001108084430195864
2025-07-16 16:00:00,0.0
2025-07-16 17:00:00,0.0
2025-07-16 18:00:00,0.0
2025-07-16 19:00:00,0.0
2025-07-16 20:00:00,9.787093579286245e-05
2025-07-16 21:00:00,0.00032716547058194725
2025-07-16 22:00:00,0.003593067689983362
2025-07-16 23:00:00,0.023512498824623
2025-07-17 00:00:00,0.028093216569472942
2025-07-17 01:00:00,0.11811179789134807
2025-07-17 02:00:00,0.038953626772754
2025-07-17 03:00:00,0.024836761632457
2025-07-17 04:00:00,0.012734129918749271
2025-07-17 05:00:00,0.0354574460495546
2025-07-17 06:00:00,0.002675465768613792
2025-07-17 07:00:00,0.042572904018681156
2025-07-17 08:00:00,0.07478670806063463
2025-07-17 09:00:00,0.26633435658731813
2025-07-17 10:00:00,0.2230595330933401
2025-07-17 11:00:00,0.12942620385601597
2025-07-17 12:00:00,0.1900228596358316
2025-07-17 13:00:00,0.3234846399687275
2025-07-17 14:00:00,0.17200304083298004
2025-07-17 15:00:00,0.019501945722508577
2025-07-17 16:00:00,3.778553700776059e-05
2025-07-17 17:00:00,0.0009280028834462667
2025-07-17 18:00:00,0.034079308927257974
2025-07-17 19:00:00,0.0035513870553097716
2025-07-17 20:00:00,0.0024102594715944945
2025-07-17 21:00:00,0.0012379517947681616
2025-07-17 22:00:00,0.05633779607345167
2025-07-17 23:00:00,0.30953103940621207
2025-07-18 00:00:00,0.33971511611561406
2025-07-18 01:00:00,0.4736521029570853
2025-07-18 02:00:00,0.6128342125310275
2025-07-18 03:00:00,0.24761210888633992
2025-07-18 04:00:00,0.3289390021116078
2025-07-18 05:00:00,0.13998424985480726
2025-07-18 06:00:00,0.10880899179151642
2025-07-18 07:00:00,0.23052104053582706
2025-07-18 08:00:00,0.21098797780436684
2025-07-18 09:00:00,0.3645380956967616
2025-07-18 10:00:00,0.6087288411081098
2025-07-18 11:00:00,0.1786581739922309
2025-07-18 12:00:00,0.01594940368244277
2025-07-18 13:00:00,0.07044071747984099
2025-07-18 14:00:00,0.17889938619366605
2025-07-18 15:00:00,0.18895400033447582
2025-07-18 16:00:00,0.2171835725480516
2025-07-18 17:00:00,0.3311640157729165
2025-07-18 18:00:00,0.4584446491726582
2025-07-18 19:00:00,0.3235710962109803
2025-07-18 20:00:00,0.4691817525341862
2025-07-18 21:00:00,0.32326588739422085
2025-07-18 22:00:00,0.31814326451514363
2025-07-18 23:00:00,0.3056767638032171
2025-07-19 00:00:00,0.14511196056845463
2025-07-19 01:00:00,0.06765679881840023
2025-07-19 02:00:00,0.3356525141994846
2025-07-19 03:00:00,0.1577364173750667
2025-07-19 04:00:00,0.18324415256880972
2025-07-19 05:00:00,0.23908715141251327
2025-07-19 06:00:00,0.19939231402927224
2025-07-19 07:00:00,0.27131571309533165
2025-07-19 08:00:00,0.28610688543186547
2025-07-19 09:00:00,0.1332331338368704
2025-07-19 10:00:00,0.17888161397943778
2025-07-19 11:00:00,0.10241083935882343
2025-07-19 12:00:00,0.320090346081373
2025-07-19 13:00:00,0.3506815558151758
2025-07-19 14:00:00,0.18997640958720552
2025-07-19 15:00:00,0.21110570806817908
2025-07-19 16:00:00,0.08893901905042276
2025-07-19 17:00:00,0.10290689723038694
2025-07-19 18:00:00,0.07659972594553953
2025-07-19 19:00:00,0.02855839961591945
2025-07-19 20:00:00,0.007630880825582953
2025-07-19 21:00:00,0.15055306483430103
2025-07-19 22:00:00,0.14359629215496988
2025-07-19 23:00:00,0.0893061952939051
2025-07-20 00:00:00,0.04480965267472344
2025-07-20 01:00:00,0.07136282215405877
2025-07-20 02:00:00,0.03327932234152274
2025-07-20 03:00:00,0.005593311492551677
2025-07-20 04:00:00,0.006673420047866893
2025-07-20 05:00:00,0.0076402647430851124
2025-07-20 06:00:00,0.003716708303975059
2025-07-20 07:00:00,0.00016030669517217062
2025-07-20 08:00:00,2.6940578207450875e-05
2025-07-20 09:00:00,0.0
2025-07-20 10:00:00,0.0
2025-07-20 11:00:00,1.4846060163918887e-05
2025-07-20 12:00:00,0.04264379203769444
2025-07-20 13:00:00,0.1433652809701969
2025-07-20 14:00:00,0.44016473713660226
2025-07-20 15:00:00,0.265017995472803
2025-07-20 16:00:00,0.5767576532086607
2025-07-20 17:00:00,0.5354226255764769
2025-07-20 18:00:00,0.7146990801950875
2025-07-20 19:00:00,0.724163625010655
2025-07-20 20:00:00,0.5036014806367791
2025-07-20 21:00:00,0.6012210988889859
2025-07-20 22:00:00,0.6284143751334459
2025-07-20 23:00:00,0.1850160601664002
2025-07-21 00:00:00,0.14837068989062258
2025-07-21 01:00:00,0.24377012232269102
2025-07-21 02:00:00,0.2521111218633603
2025-07-21 03:00:00,0.29206242694259166
2025-07-21 04:00:00,0.14932717966428657
2025-07-21 05:00:00,0.16115591307072474
2025-07-21 06:00:00,0.13252334411621386
2025-07-21 07:00:00,0.10038267514392336
2025-07-21 08:00:00,0.04713492941337646
2025-07-21 09:00:00,0.10986560642640843
2025-07-21 10:00:00,0.13231392934780203
2025-07-21 11:00:00,0.14369290889980918
2025-07-21 12:00:00,0.46641015134472696
2025-07-21 13:00:00,0.499535744144105
2025-07-21 14:00:00,0.7430334659788835
2025-07-21 15:00:00,0.6910045829839484
2025-07-21 16:00:00,0.4777858507368942
2025-07-21 17:00:00,0.21201595689952046
2025-07-21 18:00:00,0.21752218649561592
2025-07-21 19:00:00,0.010899614266778098
2025-07-21 20:00:00,0.019336337837777082
2025-07-21 21:00:00,0.031585199226617296
2025-07-21 22:00:00,0.024018118757662847
2025-07-21 23:00:00,0.022014069159520488
2025-07-22 00:00:00,0.001712850484909818
2025-07-22 01:00:00,0.033970001398761336
2025-07-22 02:00:00,0.021877291512433745
2025-07-22 03:00:00,0.00378984769183547
2025-07-22 04:00:00,0.014746178587142682
2025-07-22 05:00:00,0.019288942867055566
2025-07-22 06:00:00,0.011663134948913887
2025-07-22 07:00:00,0.005408047934220971
2025-07-22 08:00:00,0.006865417544400175
2025-07-22 09:00:00,0.05573016899101241
2025-07-22 10:00:00,0.08445269840430021
2025-07-22 11:00:00,0.07576236749498777
2025-07-22 12:00:00,0.14591055327430208
2025-07-22 13:00:00,0.13287257438384142
2025-07-22 14:00:00,0.1620761208925407
2025-07-22 15:00:00,0.16057019987210946
2025-07-22 16:00:00,0.2160525266435146
2025-07-22 17:00:00,0.13587732946921868
2025-07-22 18:00:00,0.040976563401294935
2025-07-22 19:00:00,0.09932404357139346
2025-07-22 20:00:00,0.27307129029755794
2025-07-22 21:00:00,0.10531431275216435
2025-07-22 22:00:00,0.11168130123328106
2025-07-22 23:00:00,0.06734275953695218
2025-07-23 00:00:00,0.13750955531583228
2025-07-23 01:00:00,0.1489069874059838
2025-07-23 02:00:00,0.8582797871046952
2025-07-23 03:00:00,0.6103422703546877
2025-07-23 04:00:00,0.9992961698804972
2025-07-23 05:00:00,1.0
2025-07-23 06:00:00,1.0
2025-07-23 07:00:00,1.0
2025-07-23 08:00:00,1.0
2025-07-23 09:00:00,0.8172849015829847
2025-07-23 10:00:00,1.0
2025-07-23 11:00:00,0.5910818614662741
2025-07-23 12:00:00,0.45095522717996495
2025-07-23 13:00:00,0.32235536121686376
2025-07-23 14:00:00,0.07486097728629322
2025-07-23 15:00:00,0.14541021077487784
2025-07-23 16:00:00,0.2706087126416961
2025-07-23 17:00:00,0.14975056466470663
2025-07-23 18:00:00,0.27101410693048456
2025-07-23 19:00:00,0.06675031305940507
2025-07-23 20:00:00,0.06453245999852103
2025-07-23 21:00:00,0.05363967931239879
2025-07-23 22:00:00,0.05657279314871904
2025-07-23 23:00:00,0.05898865916754357
2025-07-24 00:00:00,0.052002769897897066
2025-07-24 01:00:00,0.03199369076662172
2025-07-24 02:00:00,0.02814823730849246
2025-07-24 03:00:00,0.11561674534672145
2025-07-24 04:00:00,0.06148440054041325
2025-07-24 05:00:00,0.3238732742689065
2025-07-24 06:00:00,0.18212397983108541
2025-07-24 07:00:00,0.18992399828481726
2025-07-24 08:00:00,0.24513071168122144
2025-07-24 09:00:00,0.1732753839367511
2025-07-24 10:00:00,0.36964124174427904
2025-07-24 11:00:00,0.4235239130272578
2025-07-24 12:00:00,0.3166856203898966
2025-07-24 13:00:00,0.5674815280600738
2025-07-24 14:00:00,0.26650244297625386
2025-07-24 15:00:00,0.1550014951926665
2025-07-24 16:00:00,0.2062382694065289
2025-07-24 17:00:00,0.3017629472099394
2025-07-24 18:00:00,0.31341051415052895
2025-07-24 19:00:00,0.24692742310616042
2025-07-24 20:00:00,0.17960826322415155
2025-07-24 21:00:00,0.32919718242127116
2025-07-24 22:00:00,0.32302712431197067
2025-07-24 23:00:00,0.1530466778968708
2025-07-25 00:00:00,0.059985156033986214
2025-07-25 01:00:00,0.20092326944325803
2025-07-25 02:00:00,0.10042714507632529
2025-07-25 03:00:00,0.11576368772883451
2025-07-25 04:00:00,0.2752475203645706
2025-07-25 05:00:00,0.3287346305385589
2025-07-25 06:00:00,0.1697356312467279
2025-07-25 07:00:00,0.06241134477443707
2025-07-25 08:00:00,0.2592129537331828
2025-07-25 09:00:00,0.10304491213065338
2025-07-25 10:00:00,0.055546487082777034
2025-07-25 11:00:00,0.07711521333282481
2025-07-25 12:00:00,0.05795477493136179
2025-07-25 13:00:00,0.09557163993415789
2025-07-25 14:00:00,0.015615188679364575
2025-07-25 15:00:00,0.012164366900402295
2025-07-25 16:00:00,0.03582668704290366
2025-07-25 17:00:00,0.07399334145039478
2025-07-25 18:00:00,0.03756428011757419
2025-07-25 19:00:00,0.007877246701738729
2025-07-25 20:00:00,0.013873818249932692
2025-07-25 21:00:00,0.00042691752526772815
2025-07-25 22:00:00,0.01985840008572263
2025-07-25 23:00:00,0.02632378801236268
2025-07-26 00:00:00,0.00907375306184569
2025-07-26 01:00:00,0.000529360521408306
2025-07-26 02:00:00,1.0412990776183255e-05
2025-07-26 03:00:00,0.0
2025-07-26 04:00:00,0.0
2025-07-26 05:00:00,0.0
2025-07-26 06:00:00,0.0
2025-07-26 07:00:00,0.0007908006764521606
2025-07-26 08:00:00,0.0145603135381689
2025-07-26 09:00:00,0.023413418368754692
2025-07-26 10:00:00,0.08491548131092541
2025-07-26 11:00:00,0.22947161511372016
2025-07-26 12:00:00,0.23620819105000665
2025-07-26 13:00:00,0.2518248423425118
2025-07-26 14:00:00,0.1466884371237045
2025-07-26 15:00:00,0.05345103698274093
2025-07-26 16:00:00,0.15910846292888256
2025-07-26 17:00:00,0.2169742936244736
2025-07-26 18:00:00,0.293777264180473
2025-07-26 19:00:00,0.1690567993366535
2025-07-26 20:00:00,0.4148320688237689
2025-07-26 21:00:00,0.3059873097493837
2025-07-26 22:00:00,0.15153369886711046
2025-07-26 23:00:00,0.08329486134384093
2025-07-27 00:00:00,0.25571173761367344
2025-07-27 01:00:00,0.0953751684295951
2025-07-27 02:00:00,0.04090968565619288
2025-07-27 03:00:00,0.384920349917228
2025-07-27 04:00:00,0.536252704101414
2025-07-27 05:00:00,0.29668284030350717
2025-07-27 06:00:00,0.11752384970704534
2025-07-27 07:00:00,0.01600450319415928
2025-07-27 08:00:00,0.020268810938463763
2025-07-27 09:00:00,0.052688932544184296
2025-07-27 10:00:00,0.18692069729685512
2025-07-27 11:00:00,0.026042658062908286
2025-07-27 12:00:00,0.0019061411792196594
2025-07-27 13:00:00,0.002132031584025811
2025-07-27 14:00:00,0.13935806193598185
2025-07-27 15:00:00,0.23494186053909266
2025-07-27 16:00:00,0.25938485019159085
2025-07-27 17:00:00,0.08783159922308807
2025-07-27 18:00:00,0.003505831574112375
2025-07-27 19:00:00,0.005344848799989372
2025-07-27 20:00:00,0.0055592284381307255
2025-07-27 21:00:00,0.0038617525127743095
2025-07-27 22:00:00,0.0018938427152504188
2025-07-27 23:00:00,9.16387453405547e-05
2025-07-28 00:00:00,0.0
2025-07-28 01:00:00,0.0046591773561575405
2025-07-28 02:00:00,0.0002836105744178921
2025-07-28 03:00:00,0.00017093609272129332
2025-07-28 04:00:00,0.00047035013058003444
2025-07-28 05:00:00,0.007611154060604903
2025-07-28 06:00:00,0.0009132836136770436
2025-07-28 07:00:00,0.015642472942198525
2025-07-28 08:00:00,0.00594750238898207
2025-07-28 09:00:00,0.005321605818387912
2025-07-28 10:00:00,0.06798611135776907
2025-07-28 11:00:00,0.02006476555423252
2025-07-28 12:00:00,0.05198482067801926
2025-07-28 13:00:00,0.12664868635393825
2025-07-28 14:00:00,0.14560797586207852
2025-07-28 15:00:00,0.11829464135539887
2025-07-28 16:00:00,0.4335315391772643
2025-07-28 17:00:00,0.36144484312488717
2025-07-28 18:00:00,0.3447351616261602
2025-07-28 19:00:00,0.23765575852804682
2025-07-28 20:00:00,0.22756837974562963
2025-07-28 21:00:00,0.3585101818432304
2025-07-28 22:00:00,0.2570593768741747
2025-07-28 23:00:00,0.03448735492804034
2025-07-29 00:00:00,0.06141868751596749
2025-07-29 01:00:00,0.014702572305976748
2025-07-29 02:00:00,0.04362195049001816
2025-07-29 03:00:00,0.04276106659708077
2025-07-29 04:00:00,0.1058070588672583
2025-07-29 05:00:00,0.03686683080801016
2025-07-29 06:00:00,0.017888200821560084
2025-07-29 07:00:00,0.011131529244414483
2025-07-29 08:00:00,5.1526148376996976e-05
2025-07-29 09:00:00,0.009812657302733034
2025-07-29 10:00:00,9.808585661096485e-07
2025-07-29 11:00:00,0.006609610281144887
2025-07-29 12:00:00,0.017231883933178278
2025-07-29 13:00:00,0.013670420597759112
2025-07-29 14:00:00,0.025428183319747454
2025-07-29 15:00:00,0.03926403494334527
2025-07-29 16:00:00,0.02334023615845101
2025-07-29 17:00:00,0.03588254033526606
2025-07-29 18:00:00,0.07783745208516776
2025-07-29 19:00:00,0.02487213692659734
2025-07-29 20:00:00,0.039903505857646585
2025-07-29 21:00:00,0.0
2025-07-29 22:00:00,0.0
2025-07-29 23:00:00,0.0
2025-07-30 00:00:00,0.0
2025-07-30 01:00:00,0.0
2025-07-30 02:00:00,0.0
2025-07-30 03:00:00,0.0
2025-07-30 04:00:00,0.0
2025-07-30 05:00:00,0.0
2025-07-30 06:00:00,0.0
2025-07-30 07:00:00,0.0
2025-07-30 08:00:00,0.0
2025-07-30 09:00:00,0.0
2025-07-30 10:00:00,0.0
2025-07-30 11:00:00,0.0
2025-07-30 12:00:00,0.0
2025-07-30 13:00:00,0.0
2025-07-30 14:00:00,3.811329709491804e-05
2025-07-30 15:00:00,7.237172503634887e-08
2025-07-30 16:00:00,0.0
2025-07-30 17:00:00,9.274593023479562e-06
2025-07-30 18:00:00,0.018337604562708262
2025-07-30 19:00:00,0.11826195265011584
2025-07-30 20:00:00,0.0646522834637934
2025-07-30 21:00:00,0.026173987946052014
2025-07-30 22:00:00,0.011646657321270331
2025-07-30 23:00:00,0.009764323005322394
2025-07-31 00:00:00,0.010486767046143127
2025-07-31 01:00:00,0.0009258598789011131
2025-07-31 02:00:00,0.0
2025-07-31 03:00:00,0.0
2025-07-31 04:00:00,0.0
2025-07-31 05:00:00,0.0
2025-07-31 06:00:00,0.0
2025-07-31 07:00:00,0.0
2025-07-31 08:00:00,0.0
2025-07-31 09:00:00,0.001497998430444134
2025-07-31 10:00:00,0.0007304412842730821
2025-07-31 11:00:00,0.0
2025-07-31 12:00:00,0.0
2025-07-31 13:00:00,0.0
2025-07-31 14:00:00,0.0
2025-07-31 15:00:00,2.763961900137659e-05
2025-07-31 16:00:00,4.407037361306175e-06
2025-07-31 17:00:00,0.0014968297836856783
2025-07-31 18:00:00,0.0
2025-07-31 19:00:00,0.0
2025-07-31 20:00:00,0.0
2025-07-31 21:00:00,0.0
2025-07-31 22:00:00,0.0
2025-07-31 23:00:00,0.0
2025-08-01 00:00:00,1.008271227039448e-05
2025-08-01 01:00:00,0.0015194255562742287
2025-08-01 02:00:00,0.000772655128049528
2025-08-01 03:00:00,0.0006977441063754558
2025-08-01 04:00:00,0.0010245349134561476
2025-08-01 05:00:00,0.005629222739726615
2025-08-01 06:00:00,0.015772329168275517
2025-08-01 07:00:00,0.2535776377020008
2025-08-01 08:00:00,0.564748845900206
2025-08-01 09:00:00,0.15786052151033042
2025-08-01 10:00:00,0.12541921699787037
2025-08-01 11:00:00,0.07933490425898247
2025-08-01 12:00:00,0.2056191225767384
2025-08-01 13:00:00,0.1425539519491842
2025-08-01 14:00:00,0.18046974604213345
2025-08-01 15:00:00,0.01230249163890688
2025-08-01 16:00:00,6.198049312347673e-05
2025-08-01 17:00:00,0.041848097303773084
2025-08-01 18:00:00,0.04374082782606757
2025-08-01 19:00:00,0.010282567030931044
2025-08-01 20:00:00,0.017823058162659455
2025-08-01 21:00:00,0.0021057482880126616
2025-08-01 22:00:00,0.0013619299422445812
2025-08-01 23:00:00,0.0
2025-08-02 00:00:00,0.0
2025-08-02 01:00:00,0.0
2025-08-02 02:00:00,0.0002220266352915242
2025-08-02 03:00:00,0.0033436347282979335
2025-08-02 04:00:00,0.01616544197009803
2025-08-02 05:00:00,0.017049588025868184
2025-08-02 06:00:00,0.05250419151034311
2025-08-02 07:00:00,0.016375094012135775
2025-08-02 08:00:00,0.004429086313428314
2025-08-02 09:00:00,0.013031124262025974
2025-08-02 10:00:00,0.008981224895245155
2025-08-02 11:00:00,0.010428649879437951
2025-08-02 12:00:00,0.00900155940298926
2025-08-02 13:00:00,0.05812675368137019
2025-08-02 14:00:00,0.17162137202536037
2025-08-02 15:00:00,0.09113475616210678
2025-08-02 16:00:00,0.008479747216085189
2025-08-02 17:00:00,0.0018173143881465978
2025-08-02 18:00:00,1.320809100304906e-05
2025-08-02 19:00:00,0.004514440907059683
2025-08-02 20:00:00,0.0282504341411253
2025-08-02 21:00:00,0.004917833332906959
2025-08-02 22:00:00,0.0006322406837469341
2025-08-02 23:00:00,0.0
2025-08-03 00:00:00,0.0
2025-08-03 01:00:00,4.500170505057406e-08
2025-08-03 02:00:00,0.002843555065078982
2025-08-03 03:00:00,0.011706837056346668
2025-08-03 04:00:00,0.03245672726025693
2025-08-03 05:00:00,0.0015161623678350232
2025-08-03 06:00:00,0.00015077096844342178
2025-08-03 07:00:00,0.008955757504575206
2025-08-03 08:00:00,0.0032698521792242008
2025-08-03 09:00:00,0.0
2025-08-03 10:00:00,0.000883756911077929
2025-08-03 11:00:00,7.805948740981415e-05
2025-08-03 12:00:00,0.009716459728390517
2025-08-03 13:00:00,0.011074341532295107
2025-08-03 14:00:00,0.007641346111919883
2025-08-03 15:00:00,0.06035094875978023
2025-08-03 16:00:00,0.009625273442085667
2025-08-03 17:00:00,0.07193543438816395
2025-08-03 18:00:00,0.03351001636441992
2025-08-03 19:00:00,0.04109946944256937
2025-08-03 20:00:00,0.04934705724087696
2025-08-03 21:00:00,0.028791286199855742
2025-08-03 22:00:00,0.00894421110662261
2025-08-03 23:00:00,0.004985818720317638
2025-08-04 00:00:00,0.00014220003733087397
2025-08-04 01:00:00,0.040021705844105256
2025-08-04 02:00:00,0.02126200087565664
2025-08-04 03:00:00,0.08362215011694328
2025-08-04 04:00:00,0.17935791773689388
2025-08-04 05:00:00,0.2046823014770952
2025-08-04 06:00:00,0.16247130956875486
2025-08-04 07:00:00,0.16665822415851547
2025-08-04 08:00:00,0.22141216644229827
2025-08-04 09:00:00,0.20667605352680504
2025-08-04 10:00:00,0.04530177777582643
2025-08-04 11:00:00,0.0013915848986210259
2025-08-04 12:00:00,0.037641340895899225
2025-08-04 13:00:00,0.0
2025-08-04 14:00:00,8.89758187032223e-05
2025-08-04 15:00:00,7.514325275850512e-05
2025-08-04 16:00:00,0.000799002235151734
2025-08-04 17:00:00,0.0
2025-08-04 18:00:00,0.00011389974887492467
2025-08-04 19:00:00,0.0011402665872624704
2025-08-04 20:00:00,0.12179981835384857
2025-08-04 21:00:00,0.12263731101326732
2025-08-04 22:00:00,0.2879661578423409
2025-08-04 23:00:00,0.07827650138270593
2025-08-05 00:00:00,0.17122423232142744
2025-08-05 01:00:00,0.17883906641638378
2025-08-05 02:00:00,0.19161131031575634
2025-08-05 03:00:00,0.20553726960781996
2025-08-05 04:00:00,0.49755233174671254
2025-08-05 05:00:00,0.4757477058183552
2025-08-05 06:00:00,0.2516202405452091
2025-08-05 07:00:00,0.14009979429634709
2025-08-05 08:00:00,0.22694858015700958
2025-08-05 09:00:00,0.2647936382228769
2025-08-05 10:00:00,0.06742278226773227
2025-08-05 11:00:00,0.10280105108540395
2025-08-05 12:00:00,0.02994036313297607
2025-08-05 13:00:00,0.05123537649217518
2025-08-05 14:00:00,0.01760421661382057
2025-08-05 15:00:00,0.012162139108360882
2025-08-05 16:00:00,0.004712570248267159
2025-08-05 17:00:00,0.05801970829372486
2025-08-05 18:00:00,0.08259920195062694
2025-08-05 19:00:00,0.2093431731858295
2025-08-05 20:00:00,0.8693581099662978
2025-08-05 21:00:00,0.7257086089172102
2025-08-05 22:00:00,1.0
2025-08-05 23:00:00,0.6780370114775677
2025-08-06 00:00:00,0.9791414672565192
2025-08-06 01:00:00,0.5498835244625222
2025-08-06 02:00:00,0.4536441505060676
2025-08-06 03:00:00,0.5058634101331725
2025-08-06 04:00:00,0.5999294715432151
2025-08-06 05:00:00,0.24118428488602997
2025-08-06 06:00:00,0.10909940770025478
2025-08-06 07:00:00,0.16212012608382972
2025-08-06 08:00:00,0.10723380784139494
2025-08-06 09:00:00,0.020640570865790263
2025-08-06 10:00:00,0.019877920445763114
2025-08-06 11:00:00,0.017860319034332887
2025-08-06 12:00:00,0.0249990851249774
2025-08-06 13:00:00,0.04959004743257393
2025-08-06 14:00:00,0.0775212360638231
2025-08-06 15:00:00,0.031129096574222942
2025-08-06 16:00:00,0.01792333051708115
2025-08-06 17:00:00,0.06071531795179268
2025-08-06 18:00:00,0.031145069049149123
2025-08-06 19:00:00,0.018369079464819114
2025-08-06 20:00:00,0.00034158944308027017
2025-08-06 21:00:00,0.0007934259913052118
2025-08-06 22:00:00,0.004327934161783848
2025-08-06 23:00:00,0.0
2025-08-07 00:00:00,0.0
2025-08-07 01:00:00,0.0
2025-08-07 02:00:00,0.0
2025-08-07 03:00:00,0.0
2025-08-07 04:00:00,0.0
2025-08-07 05:00:00,0.0
2025-08-07 06:00:00,0.0
2025-08-07 07:00:00,0.0
2025-08-07 08:00:00,1.4137199497106575e-08
2025-08-07 09:00:00,0.005312945189492218
2025-08-07 10:00:00,0.005471587173203179
2025-08-07 11:00:00,0.0
2025-08-07 12:00:00,0.0007403124028376151
2025-08-07 13:00:00,0.004787573057259573
2025-08-07 14:00:00,0.005912930754994537
2025-08-07 15:00:00,0.0
2025-08-07 16:00:00,0.0
2025-08-07 17:00:00,0.0
2025-08-07 18:00:00,0.0
2025-08-07 19:00:00,0.0
2025-08-07 20:00:00,0.0
2025-08-07 21:00:00,0.0
2025-08-07 22:00:00,0.0
2025-08-07 23:00:00,0.0
2025-08-08 00:00:00,0.0
2025-08-08 01:00:00,0.0
2025-08-08 02:00:00,0.0
2025-08-08 03:00:00,0.0
2025-08-08 04:00:00,2.2244253098851487e-05
2025-08-08 05:00:00,0.0
2025-08-08 06:00:00,0.003823670258483261
2025-08-08 07:00:00,0.016138221405445796
2025-08-08 08:00:00,0.0
2025-08-08 09:00:00,0.0
2025-08-08 10:00:00,0.0020983889525603753
2025-08-08 11:00:00,0.008112366864603435
2025-08-08 12:00:00,0.004038478451659779
2025-08-08 13:00:00,0.004808106719121257
2025-08-08 14:00:00,0.009185972547876486
2025-08-08 15:00:00,0.03439695048040264
2025-08-08 16:00:00,0.002559236375826707
2025-08-08 17:00:00,0.0004338912065156638
2025-08-08 18:00:00,0.03315828825107721
2025-08-08 19:00:00,0.03502811788892703
2025-08-08 20:00:00,0.1512322259672329
2025-08-08 21:00:00,0.7612143594242705
2025-08-08 22:00:00,0.4920909114777723
2025-08-08 23:00:00,0.1989817287964941
2025-08-09 00:00:00,0.14428454792511977
2025-08-09 01:00:00,0.2786298763297889
2025-08-09 02:00:00,0.48873079076696646
2025-08-09 03:00:00,1.0
2025-08-09 04:00:00,0.916568602999802
2025-08-09 05:00:00,0.9223347119726483
2025-08-09 06:00:00,0.5400232061248942
2025-08-09 07:00:00,0.0797413698105826
2025-08-09 08:00:00,0.0718780139927882
2025-08-09 09:00:00,0.016232349430072884
2025-08-09 10:00:00,0.04209898039740314
2025-08-09 11:00:00,0.0008439653560886427
2025-08-09 12:00:00,7.55573174716406e-06
2025-08-09 13:00:00,0.0006648161179988275
2025-08-09 14:00:00,0.004267664958836039
2025-08-09 15:00:00,0.005208467479916207
2025-08-09 16:00:00,0.08527023001334308
2025-08-09 17:00:00,0.2625457778392553
2025-08-09 18:00:00,0.13918628114130557
2025-08-09 19:00:00,0.3670117332250992
2025-08-09 20:00:00,0.7645829429836163
2025-08-09 21:00:00,0.5928596453895881
2025-08-09 22:00:00,0.5041196693024368
2025-08-09 23:00:00,0.4105109828856616
2025-08-10 00:00:00,0.23516741198606433
2025-08-10 01:00:00,0.13743394091357042
2025-08-10 02:00:00,0.3080843099529828
2025-08-10 03:00:00,0.3435571859662505
2025-08-10 04:00:00,0.2050990029437379
2025-08-10 05:00:00,0.08531655805032082
2025-08-10 06:00:00,0.035357412617934986
2025-08-10 07:00:00,0.02898945326673721
2025-08-10 08:00:00,0.08111721098970028
2025-08-10 09:00:00,0.029193882926699295
2025-08-10 10:00:00,0.08061717700447774
2025-08-10 11:00:00,0.09054169318858624
2025-08-10 12:00:00,0.09551480762216236
2025-08-10 13:00:00,0.19808610672303734
2025-08-10 14:00:00,0.3030231342839546
2025-08-10 15:00:00,0.09095901898170505
2025-08-10 16:00:00,0.025155552014128685
2025-08-10 17:00:00,0.018967919074143084
2025-08-10 18:00:00,0.03326704412364663
2025-08-10 19:00:00,0.12991708396630186
2025-08-10 20:00:00,0.12377496972971938
2025-08-10 21:00:00,0.3595393015324025
2025-08-10 22:00:00,0.19398847502706157
2025-08-10 23:00:00,0.11241090186448026
2025-08-11 00:00:00,0.07843661842160785
2025-08-11 01:00:00,0.029582710716316116
2025-08-11 02:00:00,0.10256627996396138
2025-08-11 03:00:00,0.0005678629303053786
2025-08-11 04:00:00,6.749671147990126e-05
2025-08-11 05:00:00,0.011373386029560673
2025-08-11 06:00:00,0.007334777310631224
2025-08-11 07:00:00,0.04398042124012371
2025-08-11 08:00:00,0.2708555719322381
2025-08-11 09:00:00,0.24649360559031863
2025-08-11 10:00:00,0.4309336634318139
2025-08-11 11:00:00,1.0
2025-08-11 12:00:00,1.0
2025-08-11 13:00:00,0.8521689291278651
2025-08-11 14:00:00,1.0
2025-08-11 15:00:00,1.0
2025-08-11 16:00:00,1.0
2025-08-11 17:00:00,0.6960046240310983
2025-08-11 18:00:00,1.0
2025-08-11 19:00:00,0.867213613377387
2025-08-11 20:00:00,1.0
2025-08-11 21:00:00,1.0
2025-08-11 22:00:00,1.0
2025-08-11 23:00:00,0.9842276377955921
2025-08-12 00:00:00,0.5437591138496863
2025-08-12 01:00:00,0.6898255507362575
2025-08-12 02:00:00,0.3103448707726349
2025-08-12 03:00:00,0.28619985981598234
2025-08-12 04:00:00,0.5832405697919086
2025-08-12 05:00:00,0.1624786477555964
2025-08-12 06:00:00,0.19431310526998852
2025-08-12 07:00:00,0.37071600854327935
2025-08-12 08:00:00,0.3103090673329817
2025-08-12 09:00:00,0.1393864600298343
2025-08-12 10:00:00,0.1007149172652377
2025-08-12 11:00:00,0.03924689650854801
2025-08-12 12:00:00,0.04255671710219617
2025-08-12 13:00:00,0.030063557344345748
2025-08-12 14:00:00,0.014657552051824636
2025-08-12 15:00:00,0.03184747886622205
2025-08-12 16:00:00,0.15040767513981293
2025-08-12 17:00:00,0.1725550368082508
2025-08-12 18:00:00,0.36689837506643247
2025-08-12 19:00:00,0.7068669331019192
2025-08-12 20:00:00,0.4333209466476632
2025-08-12 21:00:00,0.42529140802980486
2025-08-12 22:00:00,0.279196040392653
2025-08-12 23:00:00,0.07551919289922146
2025-08-13 00:00:00,0.09947276737918981
2025-08-13 01:00:00,0.02957556461525432
2025-08-13 02:00:00,0.053866687412487166
2025-08-13 03:00:00,0.004430760424511964
2025-08-13 04:00:00,0.008606219544395692
2025-08-13 05:00:00,3.1178287761563684e-07
2025-08-13 06:00:00,0.0022477102120668697
2025-08-13 07:00:00,0.0009682751993335889
2025-08-13 08:00:00,0.0001859782134820882
2025-08-13 09:00:00,0.013358075163657931
2025-08-13 10:00:00,0.008522470453014339
2025-08-13 11:00:00,0.012623069639662853
2025-08-13 12:00:00,0.010196348430861552
2025-08-13 13:00:00,0.02636016962908807
2025-08-13 14:00:00,0.08663702016343214
2025-08-13 15:00:00,0.16181939816694033
2025-08-13 16:00:00,0.09835491284862008
2025-08-13 17:00:00,0.22974458015957933
2025-08-13 18:00:00,0.09846169224551447
2025-08-13 19:00:00,0.04271820058851428
2025-08-13 20:00:00,0.03641289339300154
2025-08-13 21:00:00,0.10613450561389243
2025-08-13 22:00:00,0.02766810537289914
2025-08-13 23:00:00,0.07754380947613664
2025-08-14 00:00:00,0.06967875736794
2025-08-14 01:00:00,0.041406780728392135
2025-08-14 02:00:00,0.12032857917671134
2025-08-14 03:00:00,0.05070921262379124
2025-08-14 04:00:00,0.30862094107852317
2025-08-14 05:00:00,0.236623201190719
2025-08-14 06:00:00,0.22814954459108208
2025-08-14 07:00:00,0.4974465936316977
2025-08-14 08:00:00,0.4583359581482184
2025-08-14 09:00:00,0.7014860233019502
2025-08-14 10:00:00,0.18539396061414956
2025-08-14 11:00:00,0.11592879818078757
2025-08-14 12:00:00,0.14598264973948105
2025-08-14 13:00:00,0.2797345249508889
2025-08-14 14:00:00,0.3836843682479769
2025-08-14 15:00:00,0.4734305119831937
2025-08-14 16:00:00,0.678725328671366
2025-08-14 17:00:00,0.7030789413493334
2025-08-14 18:00:00,0.16202333366173197
2025-08-14 19:00:00,0.3724097034335729
2025-08-14 20:00:00,0.18383665266826152
2025-08-14 21:00:00,0.20353589412268283
2025-08-14 22:00:00,0.20328885910024042
2025-08-14 23:00:00,0.18493426885050732
2025-08-15 00:00:00,0.06336324377866008
2025-08-15 01:00:00,0.0022483645449399856
2025-08-15 02:00:00,4.62952229989157e-06
2025-08-15 03:00:00,0.00416782864481787
2025-08-15 04:00:00,0.0
2025-08-15 05:00:00,0.0
2025-08-15 06:00:00,1.6088152687085143e-09
2025-08-15 07:00:00,0.0
2025-08-15 08:00:00,0.0
2025-08-15 09:00:00,0.0
2025-08-15 10:00:00,2.1790505899143903e-07
2025-08-15 11:00:00,0.0
2025-08-15 12:00:00,0.0
2025-08-15 13:00:00,0.0001540459969236721
2025-08-15 14:00:00,0.0
2025-08-15 15:00:00,0.0
2025-08-15 16:00:00,0.0
2025-08-15 17:00:00,0.0
2025-08-15 18:00:00,0.001502126423852391
2025-08-15 19:00:00,0.0014620818805123237
2025-08-15 20:00:00,0.017548059060253383
2025-08-15 21:00:00,0.05274184215100915
2025-08-15 22:00:00,0.12090141247178525
2025-08-15 23:00:00,0.15207151709146743
2025-08-16 00:00:00,0.29393005125743843
2025-08-16 01:00:00,0.3212448203375918
2025-08-16 02:00:00,0.07679214912848616
2025-08-16 03:00:00,0.029697272842523038
2025-08-16 04:00:00,0.023017660800052107
2025-08-16 05:00:00,0.021614064463750957
2025-08-16 06:00:00,0.037084181134642846
2025-08-16 07:00:00,0.011427622996159981
2025-08-16 08:00:00,0.13185448046979592
2025-08-16 09:00:00,0.10959921941530348
2025-08-16 10:00:00,0.09990507137007913
2025-08-16 11:00:00,0.04711001711283051
2025-08-16 12:00:00,0.011175513871650954
2025-08-16 13:00:00,0.01042728739862536
2025-08-16 14:00:00,0.012928398253929137
2025-08-16 15:00:00,0.012782751586987802
2025-08-16 16:00:00,0.10305229598869313
2025-08-16 17:00:00,0.08472138615412819
2025-08-16 18:00:00,0.07303421813157417
2025-08-16 19:00:00,0.141348297126671
2025-08-16 20:00:00,0.11060081751799328
2025-08-16 21:00:00,0.15691206609362018
2025-08-16 22:00:00,0.0416530025771347
2025-08-16 23:00:00,0.005291593553873679
2025-08-17 00:00:00,0.009066764521662864
2025-08-17 01:00:00,0.006937318103195564
2025-08-17 02:00:00,0.0008964200792610979
2025-08-17 03:00:00,0.002613780179450851
2025-08-17 04:00:00,0.00651545655246581
2025-08-17 05:00:00,0.0012013981418562269
2025-08-17 06:00:00,0.00021379279615158983
2025-08-17 07:00:00,0.0016277639996335497
2025-08-17 08:00:00,6.7986394898399095e-09
2025-08-17 09:00:00,0.0
2025-08-17 10:00:00,0.00028330558652489546
2025-08-17 11:00:00,0.0007370460998455702
2025-08-17 12:00:00,0.00013307418962244723
2025-08-17 13:00:00,0.0
2025-08-17 14:00:00,0.0
2025-08-17 15:00:00,0.0
2025-08-17 16:00:00,0.009264282271018514
2025-08-17 17:00:00,0.027047821292565843
2025-08-17 18:00:00,0.001902710407799545
2025-08-17 19:00:00,0.014146464031374437
2025-08-17 20:00:00,0.0033237043355742145
2025-08-17 21:00:00,0.004750562136058121
2025-08-17 22:00:00,0.0011881447715157924
2025-08-17 23:00:00,0.06593838908190824
2025-08-18 00:00:00,0.014741307043803564
2025-08-18 01:00:00,0.026414152998311707
2025-08-18 02:00:00,0.009199795001315741
2025-08-18 03:00:00,0.0338414943155865
2025-08-18 04:00:00,0.048832358497631595
2025-08-18 05:00:00,0.15215410559552903
2025-08-18 06:00:00,0.22982459845738298
2025-08-18 07:00:00,0.11885732213629194
2025-08-18 08:00:00,0.6653887419412038
2025-08-18 09:00:00,0.7185809536907867
2025-08-18 10:00:00,0.44929734150403183
2025-08-18 11:00:00,0.4248926537802143
2025-08-18 12:00:00,0.505911776895009
2025-08-18 13:00:00,0.576305544078901
2025-08-18 14:00:00,0.6160116234278985
2025-08-18 15:00:00,0.8084313120785857
2025-08-18 16:00:00,0.9727922139078993
2025-08-18 17:00:00,0.5338790523460374
2025-08-18 18:00:00,1.0
2025-08-18 19:00:00,1.0
2025-08-18 20:00:00,1.0
2025-08-18 21:00:00,1.0
2025-08-18 22:00:00,1.0
2025-08-18 23:00:00,0.9523674933067804
2025-08-19 00:00:00,0.7183432478792999
2025-08-19 01:00:00,0.1603728666127006
2025-08-19 02:00:00,0.39181850956253744
2025-08-19 03:00:00,0.6214508301355324
2025-08-19 04:00:00,0.18978440286340398
2025-08-19 05:00:00,0.30469079386473036
2025-08-19 06:00:00,0.26119768983373526
2025-08-19 07:00:00,0.19805452264491188
2025-08-19 08:00:00,0.24566709761375247
2025-08-19 09:00:00,0.04717221799592553
2025-08-19 10:00:00,0.04600787899203002
2025-08-19 11:00:00,0.04982235457073958
2025-08-19 12:00:00,0.053486721469113985
2025-08-19 13:00:00,0.006622353481075824
2025-08-19 14:00:00,0.018494730464624194
2025-08-19 15:00:00,0.07240896773185944
2025-08-19 16:00:00,0.10066305240578516
2025-08-19 17:00:00,0.07523706338194382
2025-08-19 18:00:00,0.4751118903960255
2025-08-19 19:00:00,0.2283257687868348
2025-08-19 20:00:00,0.32841278151111314
2025-08-19 21:00:00,0.32663871147174506
2025-08-19 22:00:00,0.7995654815131646
2025-08-19 23:00:00,0.7852971636477469
2025-08-20 00:00:00,0.854247878992056
2025-08-20 01:00:00,0.8781782781036036
2025-08-20 02:00:00,0.42606255424400186
2025-08-20 03:00:00,0.2092086942953756
2025-08-20 04:00:00,0.15014874491809435
2025-08-20 05:00:00,0.2665207980485375
2025-08-20 06:00:00,0.2692298895926719
2025-08-20 07:00:00,0.2030468983552404
2025-08-20 08:00:00,0.42301626296367945
2025-08-20 09:00:00,0.08538266442445788
2025-08-20 10:00:00,0.016497552020753984
2025-08-20 11:00:00,0.0
2025-08-20 12:00:00,0.002237561385555995
2025-08-20 13:00:00,0.0027039360179910805
2025-08-20 14:00:00,0.02484217438856519
2025-08-20 15:00:00,0.02254507379087558
2025-08-20 16:00:00,0.07862297056855853
2025-08-20 17:00:00,0.0654848802000956
2025-08-20 18:00:00,0.0931910347676024
2025-08-20 19:00:00,0.10970176939254869
2025-08-20 20:00:00,0.1339150642490348
2025-08-20 21:00:00,0.38063624557690257
2025-08-20 22:00:00,0.10103059728373368
2025-08-20 23:00:00,0.0879036470229966
2025-08-21 00:00:00,0.09940980215062149
2025-08-21 01:00:00,0.09632217099382151
2025-08-21 02:00:00,0.06077139094930225
2025-08-21 03:00:00,0.03148606589669366
2025-08-21 04:00:00,0.14706977965812368
2025-08-21 05:00:00,0.12522644952642625
2025-08-21 06:00:00,0.5469560377391254
2025-08-21 07:00:00,0.5990688629479181
2025-08-21 08:00:00,0.4287696765863233
2025-08-21 09:00:00,0.49108869182523696
2025-08-21 10:00:00,0.43865360861676317
2025-08-21 11:00:00,0.7334587591412238
2025-08-21 12:00:00,0.32453615702294986
2025-08-21 13:00:00,0.06772400508236498
2025-08-21 14:00:00,0.09173061255683704
2025-08-21 15:00:00,0.1707794644320607
2025-08-21 16:00:00,0.18835893308827675
2025-08-21 17:00:00,0.26529252266524006
2025-08-21 18:00:00,0.3212495138216212
2025-08-21 19:00:00,0.09069271862409092
2025-08-21 20:00:00,0.10895621543047723
2025-08-21 21:00:00,0.2676093618316963
2025-08-21 22:00:00,0.26006241519544465
2025-08-21 23:00:00,0.07985313497288268
2025-08-22 00:00:00,0.054057813908477276
2025-08-22 01:00:00,0.0919797534036797
2025-08-22 02:00:00,0.3238072451043601
2025-08-22 03:00:00,0.057351049530783356
2025-08-22 04:00:00,0.08031586287822763
2025-08-22 05:00:00,0.025908360277403578
2025-08-22 06:00:00,0.0509461115347935
2025-08-22 07:00:00,0.09051333754751849
2025-08-22 08:00:00,0.06753425221940026
2025-08-22 09:00:00,0.11610020780493219
2025-08-22 10:00:00,0.24988200804324476
2025-08-22 11:00:00,0.19449478174538126
2025-08-22 12:00:00,0.05218525985663558
2025-08-22 13:00:00,0.18149023633106123
2025-08-22 14:00:00,0.28466779970778505
2025-08-22 15:00:00,0.34906991555090056
2025-08-22 16:00:00,0.1893765286497547
2025-08-22 17:00:00,0.32357482795464587
2025-08-22 18:00:00,0.8096533479097552
2025-08-22 19:00:00,0.6299924823255129
2025-08-22 20:00:00,0.5502666633542048
2025-08-22 21:00:00,0.2464040963592002
2025-08-22 22:00:00,0.12567094554471026
2025-08-22 23:00:00,0.038937222424523056
2025-08-23 00:00:00,0.046322378356489564
2025-08-23 01:00:00,0.030281667148792196
2025-08-23 02:00:00,0.04930634878163798
2025-08-23 03:00:00,0.014354410646695332
2025-08-23 04:00:00,0.012312294258617332
2025-08-23 05:00:00,0.0014196706572707646
2025-08-23 06:00:00,0.004248262674349917
2025-08-23 07:00:00,0.0
2025-08-23 08:00:00,5.390741222406693e-06
2025-08-23 09:00:00,2.069260591455203e-06
2025-08-23 10:00:00,0.0003635537541733514
2025-08-23 11:00:00,0.0
2025-08-23 12:00:00,1.1873676605090527e-06
2025-08-23 13:00:00,5.2840317663919274e-08
2025-08-23 14:00:00,0.00031762096744074585
2025-08-23 15:00:00,0.0
2025-08-23 16:00:00,0.0
2025-08-23 17:00:00,0.0
2025-08-23 18:00:00,0.0
2025-08-23 19:00:00,0.0007416705950114642
2025-08-23 20:00:00,0.0024263117519869137
2025-08-23 21:00:00,2.5693759868656905e-05
2025-08-23 22:00:00,0.0
2025-08-23 23:00:00,0.0
2025-08-24 00:00:00,0.0019464278650742361
2025-08-24 01:00:00,0.005478030952533493
2025-08-24 02:00:00,0.07861579508089597
2025-08-24 03:00:00,0.03502627920674973
2025-08-24 04:00:00,0.04448223140488509
2025-08-24 05:00:00,0.0018112349660079346
2025-08-24 06:00:00,0.005259116157051481
2025-08-24 07:00:00,0.06083806286528839
2025-08-24 08:00:00,0.014952991771149582
2025-08-24 09:00:00,0.051679537514965436
2025-08-24 10:00:00,0.18338366521571756
2025-08-24 11:00:00,0.09232652346547036
2025-08-24 12:00:00,0.1296049911427505
2025-08-24 13:00:00,0.3539515566321685
2025-08-24 14:00:00,0.3481631164936233
2025-08-24 15:00:00,0.4678309904342147
2025-08-24 16:00:00,0.11808144887378305
2025-08-24 17:00:00,0.17438786631843206
2025-08-24 18:00:00,0.22588341309717166
2025-08-24 19:00:00,0.06470124013383487
2025-08-24 20:00:00,0.01846014824849079
2025-08-24 21:00:00,0.04510023580408406
2025-08-24 22:00:00,0.030984280288457625
2025-08-24 23:00:00,0.10411449768859878
2025-08-25 00:00:00,0.127099040762985
2025-08-25 01:00:00,0.12175475299933032
2025-08-25 02:00:00,0.09608595049803731
2025-08-25 03:00:00,0.11607892601599301
2025-08-25 04:00:00,0.1999288077162568
2025-08-25 05:00:00,0.25603638646217153
2025-08-25 06:00:00,0.16523202111792595
2025-08-25 07:00:00,0.3423380371932019
2025-08-25 08:00:00,0.43095358455370064
2025-08-25 09:00:00,0.4531895567600773
2025-08-25 10:00:00,0.40403716701540576
2025-08-25 11:00:00,0.4555274627739069
2025-08-25 12:00:00,0.10796532217468087
2025-08-25 13:00:00,0.12282542042729212
2025-08-25 14:00:00,0.3550872803336248
2025-08-25 15:00:00,0.3473048671682518
2025-08-25 16:00:00,0.3136944682887694
2025-08-25 17:00:00,0.18037378177824223
2025-08-25 18:00:00,0.22876042074878836
2025-08-25 19:00:00,0.17467489666004737
2025-08-25 20:00:00,0.3707397854050702
2025-08-25 21:00:00,0.17868787538105246
2025-08-25 22:00:00,0.11069032438341857
2025-08-25 23:00:00,0.05703676487981764
2025-08-26 00:00:00,0.2568968699498899
2025-08-26 01:00:00,0.1966364211483761
2025-08-26 02:00:00,0.11296152808358324
2025-08-26 03:00:00,0.006104213411125473
2025-08-26 04:00:00,0.0004137708684881821
2025-08-26 05:00:00,0.00538120935752371
2025-08-26 06:00:00,0.01868008178185481
2025-08-26 07:00:00,0.006295920875777227
2025-08-26 08:00:00,0.0017144046940380435
2025-08-26 09:00:00,0.06364483543975069
2025-08-26 10:00:00,0.4495167610707682
2025-08-26 11:00:00,0.6889735316367778
2025-08-26 12:00:00,1.0
2025-08-26 13:00:00,1.0
2025-08-26 14:00:00,1.0
2025-08-26 15:00:00,1.0
2025-08-26 16:00:00,1.0
2025-08-26 17:00:00,1.0
2025-08-26 18:00:00,1.0
2025-08-26 19:00:00,0.5567050637995146
2025-08-26 20:00:00,0.2589999781944627
2025-08-26 21:00:00,0.20652898570643835
2025-08-26 22:00:00,0.02549175899997856
2025-08-26 23:00:00,0.001095413202677814
2025-08-27 00:00:00,8.125028907267882e-05
2025-08-27 01:00:00,0.0
2025-08-27 02:00:00,0.0010260322415842635
2025-08-27 03:00:00,0.0020639842619267434
2025-08-27 04:00:00,0.012136385021208921
2025-08-27 05:00:00,0.02891799078342329
2025-08-27 06:00:00,0.022751385473407607
2025-08-27 07:00:00,0.07782343084998951
2025-08-27 08:00:00,0.11214949819317332
2025-08-27 09:00:00,0.07716338891466612
2025-08-27 10:00:00,0.006490291050399985
2025-08-27 11:00:00,0.020870181527613784
2025-08-27 12:00:00,0.0013112262822969924
2025-08-27 13:00:00,0.00649619186142219
2025-08-27 14:00:00,0.009861118046849757
2025-08-27 15:00:00,6.889830261701099e-05
2025-08-27 16:00:00,0.001265541224638379
2025-08-27 17:00:00,0.004047672315411007
2025-08-27 18:00:00,0.00873549940438848
2025-08-27 19:00:00,0.014042976002014169
2025-08-27 20:00:00,0.0043134492868118855
2025-08-27 21:00:00,0.018344157019110262
2025-08-27 22:00:00,0.00565347765652149
2025-08-27 23:00:00,0.00010883676587035738
2025-08-28 00:00:00,0.005144032942282076
2025-08-28 01:00:00,0.032932051579997894
2025-08-28 02:00:00,0.06792503531038599
2025-08-28 03:00:00,0.052458211290259585
2025-08-28 04:00:00,0.0011461600502936501
2025-08-28 05:00:00,0.03749769859174871
2025-08-28 06:00:00,0.0002983569836200862
2025-08-28 07:00:00,0.0055350571945359354
2025-08-28 08:00:00,0.1152069659041472
2025-08-28 09:00:00,0.12080715228452153
2025-08-28 10:00:00,0.14135635161385007
2025-08-28 11:00:00,0.17281947532621744
2025-08-28 12:00:00,0.1798445404774025
2025-08-28 13:00:00,0.65536305659785
2025-08-28 14:00:00,0.34446787064898793
2025-08-28 15:00:00,0.15123991955140373
2025-08-28 16:00:00,0.1038330651136128
2025-08-28 17:00:00,0.34204225831666496
2025-08-28 18:00:00,0.20067008014876167
2025-08-28 19:00:00,0.2408018557722984
2025-08-28 20:00:00,0.41132168782379297
2025-08-28 21:00:00,0.5368472299819927
2025-08-28 22:00:00,0.748409750583107
2025-08-28 23:00:00,1.0
2025-08-29 00:00:00,1.0
2025-08-29 01:00:00,0.7171408301233351
2025-08-29 02:00:00,0.640207232880109
2025-08-29 03:00:00,0.4470516368489071
2025-08-29 04:00:00,1.0
2025-08-29 05:00:00,0.7992706755362687
2025-08-29 06:00:00,0.8253685063287606
2025-08-29 07:00:00,0.3038823104508107
2025-08-29 08:00:00,0.2866692240053917
2025-08-29 09:00:00,0.2049356720805158
2025-08-29 10:00:00,0.2875933090858842
2025-08-29 11:00:00,0.3844518875248668
2025-08-29 12:00:00,0.6967362779648276
2025-08-29 13:00:00,1.0
2025-08-29 14:00:00,0.840682068716046
2025-08-29 15:00:00,0.4295995748040064
2025-08-29 16:00:00,0.21650700862885364
2025-08-29 17:00:00,0.23630318000436645
2025-08-29 18:00:00,0.23165840500580973
2025-08-29 19:00:00,0.2433887155142099
2025-08-29 20:00:00,0.14365313903490778
2025-08-29 21:00:00,0.35228286250026897
2025-08-29 22:00:00,0.1022523163521948
2025-08-29 23:00:00,0.05273291113998058
2025-08-30 00:00:00,0.011446340380609536
2025-08-30 01:00:00,0.009244254494880411
2025-08-30 02:00:00,0.06298364576834156
2025-08-30 03:00:00,0.04443628537081048
2025-08-30 04:00:00,0.05019999438369182
2025-08-30 05:00:00,0.0974617607656294
2025-08-30 06:00:00,0.0657891033589235
2025-08-30 07:00:00,0.09261916280647915
2025-08-30 08:00:00,0.10923461173940464
2025-08-30 09:00:00,0.029610737982681636
2025-08-30 10:00:00,0.015635066590788685
2025-08-30 11:00:00,0.02987184726354963
2025-08-30 12:00:00,0.1199545426381185
2025-08-30 13:00:00,0.2844499706130687
2025-08-30 14:00:00,0.7752884985226355
2025-08-30 15:00:00,0.8048300971954141
2025-08-30 16:00:00,0.5430538346253493
2025-08-30 17:00:00,0.4414683778673085
2025-08-30 18:00:00,0.3512158993232838
2025-08-30 19:00:00,0.2319711240064901
2025-08-30 20:00:00,0.2648096068270824
2025-08-30 21:00:00,0.3055959171009288
2025-08-30 22:00:00,0.11017935080959856
2025-08-30 23:00:00,0.23656954713543946
2025-08-31 00:00:00,0.03902095461547218
2025-08-31 01:00:00,0.0299386126717275
2025-08-31 02:00:00,0.10745374603826373
2025-08-31 03:00:00,0.1650099815258689
2025-08-31 04:00:00,0.11072534615753404
2025-08-31 05:00:00,0.40861491004332834
2025-08-31 06:00:00,0.26566199604565244
2025-08-31 07:00:00,0.03807862622874809
2025-08-31 08:00:00,0.06491816037154349
2025-08-31 09:00:00,0.0034183779339982644
2025-08-31 10:00:00,0.000177166227445411
2025-08-31 11:00:00,0.005204728821178017
2025-08-31 12:00:00,0.002101015751505073
2025-08-31 13:00:00,0.01251378337793388
2025-08-31 14:00:00,0.0005953608381247206
2025-08-31 15:00:00,0.012364308593008319
2025-08-31 16:00:00,7.820272104121492e-07
2025-08-31 17:00:00,0.011819063818520291
2025-08-31 18:00:00,0.0053686026258656224
2025-08-31 19:00:00,0.06723571791754879
2025-08-31 20:00:00,0.02322128751954695
2025-08-31 21:00:00,0.17611137322334203
2025-08-31 22:00:00,0.06767571198223679
2025-08-31 23:00:00,0.0036199721487573614
2025-09-01 00:00:00,0.005970712313454847
2025-09-01 01:00:00,0.051270480144413634
2025-09-01 02:00:00,0.11116663768571178
2025-09-01 03:00:00,0.25133130058349823
2025-09-01 04:00:00,0.3689105114526374
2025-09-01 05:00:00,0.18279713759758226
2025-09-01 06:00:00,0.27955341778964193
2025-09-01 07:00:00,0.25936596331818407
2025-09-01 08:00:00,0.13375250024506666
2025-09-01 09:00:00,0.14188728384584842
2025-09-01 10:00:00,0.12342307556647125
2025-09-01 11:00:00,0.31676419570723463
2025-09-01 12:00:00,0.19320432585914699
2025-09-01 13:00:00,0.10947334226763956
2025-09-01 14:00:00,0.05046162258993738
2025-09-01 15:00:00,0.25380926418149985
2025-09-01 16:00:00,0.1378831855390605
2025-09-01 17:00:00,0.3171246805033151
2025-09-01 18:00:00,0.12984847389644297
2025-09-01 19:00:00,0.17811211477166256
2025-09-01 20:00:00,0.1943722179543325
2025-09-01 21:00:00,0.38817999414181203
2025-09-01 22:00:00,0.6022102566396466
2025-09-01 23:00:00,0.5270211922118613
2025-09-02 00:00:00,0.3293769304723251
2025-09-02 01:00:00,0.6928070928305489
2025-09-02 02:00:00,0.4116916524704836
2025-09-02 03:00:00,0.059055443196144496
2025-09-02 04:00:00,0.002072369766701953
2025-09-02 05:00:00,0.0
2025-09-02 06:00:00,0.00014719128336973988
2025-09-02 07:00:00,0.0607534569403154
2025-09-02 08:00:00,0.0011742048057757015
2025-09-02 09:00:00,1.0899323862639974e-05
2025-09-02 10:00:00,0.00032633887598419655
2025-09-02 11:00:00,0.03101157176133078
2025-09-02 12:00:00,0.00915960193134247
2025-09-02 13:00:00,0.029004396930714983
2025-09-02 14:00:00,0.021502590313524198
2025-09-02 15:00:00,0.2754965819264062
2025-09-02 16:00:00,0.2649322169136427
2025-09-02 17:00:00,0.29295812738275473
2025-09-02 18:00:00,0.26954314714252475
2025-09-02 19:00:00,0.17556454099893176
2025-09-02 20:00:00,0.30484244949451683
2025-09-02 21:00:00,0.11085636855962948
2025-09-02 22:00:00,0.006787826251860411
2025-09-02 23:00:00,0.0064250085133025405
2025-09-03 00:00:00,0.032464197877527856
2025-09-03 01:00:00,0.014255884884189851
2025-09-03 02:00:00,0.022171023116879976
2025-09-03 03:00:00,0.0016716749220002393
2025-09-03 04:00:00,0.024918996384541512
2025-09-03 05:00:00,0.059633314052699365
2025-09-03 06:00:00,0.059772703597256345
2025-09-03 07:00:00,0.06999044215291343
2025-09-03 08:00:00,0.0096039277296891
2025-09-03 09:00:00,6.0315652019327115e-05
2025-09-03 10:00:00,0.00016495285462733223
2025-09-03 11:00:00,0.003932300179016178
2025-09-03 12:00:00,0.01709796124281895
2025-09-03 13:00:00,0.010317571917945901
2025-09-03 14:00:00,0.038210265393174604
2025-09-03 15:00:00,0.15616106258468362
2025-09-03 16:00:00,0.13176729647349508
2025-09-03 17:00:00,0.15564386252643136
2025-09-03 18:00:00,0.11884581341552462
2025-09-03 19:00:00,0.09824919727062997
2025-09-03 20:00:00,0.10759519731867075
2025-09-03 21:00:00,0.34735428965582127
2025-09-03 22:00:00,0.5068494277342984
2025-09-03 23:00:00,0.657658629554617
2025-09-04 00:00:00,0.43575875284415355
2025-09-04 01:00:00,0.20870751346464253
2025-09-04 02:00:00,0.24440603614600417
2025-09-04 03:00:00,0.46338126150570674
2025-09-04 04:00:00,0.9263461941715849
2025-09-04 05:00:00,0.18544547412264994
2025-09-04 06:00:00,0.7120316811859418
2025-09-04 07:00:00,0.7263004960223093
2025-09-04 08:00:00,0.9217001809060476
2025-09-04 09:00:00,0.2990213020664855
2025-09-04 10:00:00,0.22186744534569258
2025-09-04 11:00:00,0.33855991972683575
2025-09-04 12:00:00,0.12450686688800383
2025-09-04 13:00:00,0.0005363758605872319
2025-09-04 14:00:00,0.0038642384518149794
2025-09-04 15:00:00,0.005001532639654108
2025-09-04 16:00:00,0.06057890299556102
2025-09-04 17:00:00,0.04975940470608094
2025-09-04 18:00:00,0.04497972414190656
2025-09-04 19:00:00,0.09397594298188007
2025-09-04 20:00:00,0.20625284555834889
2025-09-04 21:00:00,0.10326314097755507
2025-09-04 22:00:00,0.2068585134396659
2025-09-04 23:00:00,0.12194407161223597
2025-09-05 00:00:00,0.11561562432908928
2025-09-05 01:00:00,0.1848047268164459
2025-09-05 02:00:00,0.298474192158933
2025-09-05 03:00:00,0.31875797759788216
2025-09-05 04:00:00,0.12492052139638547
2025-09-05 05:00:00,0.011247554928938695
2025-09-05 06:00:00,0.009549265314949389
2025-09-05 07:00:00,0.0483556127865184
2025-09-05 08:00:00,0.0783940575928601
2025-09-05 09:00:00,0.09488505487854737
2025-09-05 10:00:00,0.08896962676308874
2025-09-05 11:00:00,0.11206713164230989
2025-09-05 12:00:00,0.03631743460120114
2025-09-05 13:00:00,0.08786952958434088
2025-09-05 14:00:00,0.1718218891046889
2025-09-05 15:00:00,0.11574727749659133
2025-09-05 16:00:00,0.15478906372054177
2025-09-05 17:00:00,0.021712237091189024
2025-09-05 18:00:00,0.03074985412119156
2025-09-05 19:00:00,0.02704683826723723
2025-09-05 20:00:00,0.1133731655318827
2025-09-05 21:00:00,0.08788249636333868
2025-09-05 22:00:00,0.17476939996405175
2025-09-05 23:00:00,0.11418680279698652
2025-09-06 00:00:00,0.0036113900639058805
2025-09-06 01:00:00,0.0029484410865180753
2025-09-06 02:00:00,0.007282110919228843
2025-09-06 03:00:00,0.012609482885934133
2025-09-06 04:00:00,0.019664710469773358
2025-09-06 05:00:00,0.009087797033821132
2025-09-06 06:00:00,0.005764348807685933
2025-09-06 07:00:00,6.325678093181969e-05
2025-09-06 08:00:00,0.0
2025-09-06 09:00:00,0.0
2025-09-06 10:00:00,0.0
2025-09-06 11:00:00,0.0
2025-09-06 12:00:00,0.0
2025-09-06 13:00:00,0.0
2025-09-06 14:00:00,0.006121386198035182
2025-09-06 15:00:00,0.005448088356054184
2025-09-06 16:00:00,0.0074202644211311215
2025-09-06 17:00:00,0.02026710232957088
2025-09-06 18:00:00,0.04417034365843044
2025-09-06 19:00:00,0.026381163284017208
2025-09-06 20:00:00,0.004332063583543981
2025-09-06 21:00:00,0.02095428714857545
2025-09-06 22:00:00,4.512886643709723e-06
2025-09-06 23:00:00,0.004837603178912656
2025-09-07 00:00:00,0.0024689086772930464
2025-09-07 01:00:00,0.004042649802765451
2025-09-07 02:00:00,0.0012053978823683685
2025-09-07 03:00:00,0.03757351841983396
2025-09-07 04:00:00,0.05223332170137959
2025-09-07 05:00:00,0.035368516536339
2025-09-07 06:00:00,0.02273107239182551
2025-09-07 07:00:00,0.01996100886077494
2025-09-07 08:00:00,0.23789151422753277
2025-09-07 09:00:00,0.06842715840593588
2025-09-07 10:00:00,0.1738900266327523
2025-09-07 11:00:00,0.23802945215789634
2025-09-07 12:00:00,0.5359642908341397
2025-09-07 13:00:00,0.6295613287651751
2025-09-07 14:00:00,0.5295885870526262
2025-09-07 15:00:00,0.7518948465073604
2025-09-07 16:00:00,0.7003308883443633
2025-09-07 17:00:00,0.8385762603434892
2025-09-07 18:00:00,1.0
2025-09-07 19:00:00,1.0
2025-09-07 20:00:00,0.7374213402069812
2025-09-07 21:00:00,0.438073887859624
2025-09-07 22:00:00,0.4825137491294775
2025-09-07 23:00:00,0.2374109331859993
2025-09-08 00:00:00,0.1637779219553438
2025-09-08 01:00:00,0.060673318622825816
2025-09-08 02:00:00,0.09921097167507009
2025-09-08 03:00:00,0.04201489586588089
2025-09-08 04:00:00,0.004764737912182171
2025-09-08 05:00:00,3.193125222346042e-05
2025-09-08 06:00:00,0.0
2025-09-08 07:00:00,0.0
2025-09-08 08:00:00,3.739848828745758e-05
2025-09-08 09:00:00,8.885461222853951e-05
2025-09-08 10:00:00,0.0021930545179947997
2025-09-08 11:00:00,0.01036720848889981
2025-09-08 12:00:00,0.03873934236736575
2025-09-08 13:00:00,0.00037441430937390144
2025-09-08 14:00:00,0.0
2025-09-08 15:00:00,0.0002671685529802909
2025-09-08 16:00:00,0.0019649985045653295
2025-09-08 17:00:00,0.023959607602567004
2025-09-08 18:00:00,0.0004830444467050133
2025-09-08 19:00:00,6.790248109876483e-05
2025-09-08 20:00:00,3.333502159776077e-05
2025-09-08 21:00:00,0.0007267910972027962
2025-09-08 22:00:00,0.0018780747870558664
2025-09-08 23:00:00,0.009906632642227173
2025-09-09 00:00:00,0.01003708857202449
2025-09-09 01:00:00,0.0774321967107081
2025-09-09 02:00:00,0.2886674607488137
2025-09-09 03:00:00,0.10641533028452796
2025-09-09 04:00:00,0.10411023111427861
2025-09-09 05:00:00,0.18917789502486929
2025-09-09 06:00:00,0.25868865476893044
2025-09-09 07:00:00,0.16928558416004594
2025-09-09 08:00:00,0.18670374233721476
2025-09-09 09:00:00,0.03511593029181664
2025-09-09 10:00:00,0.035791326934056206
2025-09-09 11:00:00,0.002054810183461358
2025-09-09 12:00:00,0.011235907501758506
2025-09-09 13:00:00,0.0005300206892389565
2025-09-09 14:00:00,0.002378890086682694
2025-09-09 15:00:00,0.008357886234003326
2025-09-09 16:00:00,0.012317733311975122
2025-09-09 17:00:00,0.0037827372603552126
2025-09-09 18:00:00,0.003238893603021209
2025-09-09 19:00:00,0.03866067760168069
2025-09-09 20:00:00,0.022348422454371776
2025-09-09 21:00:00,0.025436098800640163
2025-09-09 22:00:00,0.01113427766497212
2025-09-09 23:00:00,0.056257149223601616
2025-09-10 00:00:00,0.061678861954866465
2025-09-10 01:00:00,0.02308922659956262
2025-09-10 02:00:00,0.025672465968424107
2025-09-10 03:00:00,0.019456985492179765
2025-09-10 04:00:00,0.10896966681975616
2025-09-10 05:00:00,0.09812342824736454
2025-09-10 06:00:00,0.016846973951207093
2025-09-10 07:00:00,0.0390537177869625
2025-09-10 08:00:00,0.21260028013115606
2025-09-10 09:00:00,0.4133732619144312
2025-09-10 10:00:00,0.16767931426669982
2025-09-10 11:00:00,0.1218890661926901
2025-09-10 12:00:00,0.11030555049199006
2025-09-10 13:00:00,0.10165176811678073
2025-09-10 14:00:00,0.13411472777431035
2025-09-10 15:00:00,0.09082142708770491
2025-09-10 16:00:00,0.030418762036809547
2025-09-10 17:00:00,0.09351016581617647
2025-09-10 18:00:00,0.02353385756804995
2025-09-10 19:00:00,0.005994201082750271
2025-09-10 20:00:00,6.728067485779175e-05
2025-09-10 21:00:00,0.004196711211505402
2025-09-10 22:00:00,0.007763340309386393
2025-09-10 23:00:00,0.039808872234346676
2025-09-11 00:00:00,0.012939094261494534
2025-09-11 01:00:00,0.000353620380477209
2025-09-11 02:00:00,5.618040138035822e-05
2025-09-11 03:00:00,9.95981439534896e-05
2025-09-11 04:00:00,0.001308302922960678
2025-09-11 05:00:00,0.0
2025-09-11 06:00:00,2.2439474353875307e-06
2025-09-11 07:00:00,0.0
2025-09-11 08:00:00,0.0
2025-09-11 09:00:00,0.0008095536655059873
2025-09-11 10:00:00,0.0
2025-09-11 11:00:00,0.0
2025-09-11 12:00:00,1.631762651769784e-07
2025-09-11 13:00:00,0.0
2025-09-11 14:00:00,0.0
2025-09-11 15:00:00,0.0021353555590207865
2025-09-11 16:00:00,0.08136295083242372
2025-09-11 17:00:00,0.19460363278652576
2025-09-11 18:00:00,0.5676588499677265
2025-09-11 19:00:00,0.3208788834454896
2025-09-11 20:00:00,0.07895386190240024
2025-09-11 21:00:00,0.0722411411617412
2025-09-11 22:00:00,0.1466393179630961
2025-09-11 23:00:00,0.015313502678097316
2025-09-12 00:00:00,0.002223071895029579
2025-09-12 01:00:00,5.980059484403353e-05
2025-09-12 02:00:00,0.001912866391185842
2025-09-12 03:00:00,0.006053988611968067
2025-09-12 04:00:00,0.0007639928528721588
2025-09-12 05:00:00,0.0031111778549733865
2025-09-12 06:00:00,2.1683735867174287e-07
2025-09-12 07:00:00,0.0
2025-09-12 08:00:00,0.0
2025-09-12 09:00:00,0.0
2025-09-12 10:00:00,0.0
2025-09-12 11:00:00,0.0
2025-09-12 12:00:00,5.495343627225908e-08
2025-09-12 13:00:00,7.524825872853884e-07
2025-09-12 14:00:00,0.0266306378247923
2025-09-12 15:00:00,0.04724888668887703
2025-09-12 16:00:00,0.030037950442030524
2025-09-12 17:00:00,0.012892295164413066
2025-09-12 18:00:00,0.0005209583504369518
2025-09-12 19:00:00,0.0010319513961815538
2025-09-12 20:00:00,0.005168867271119571
2025-09-12 21:00:00,0.0
2025-09-12 22:00:00,0.0
2025-09-12 23:00:00,0.0
2025-09-13 00:00:00,0.0
2025-09-13 01:00:00,0.0
2025-09-13 02:00:00,0.0
2025-09-13 03:00:00,0.0
2025-09-13 04:00:00,0.0
2025-09-13 05:00:00,0.0
2025-09-13 06:00:00,0.0
2025-09-13 07:00:00,0.0
2025-09-13 08:00:00,0.0
2025-09-13 09:00:00,2.157550515368491e-05
2025-09-13 10:00:00,0.0
2025-09-13 11:00:00,0.0
2025-09-13 12:00:00,0.0
2025-09-13 13:00:00,7.41788838201756e-05
2025-09-13 14:00:00,0.001795568329135859
2025-09-13 15:00:00,8.757321438224859e-05
2025-09-13 16:00:00,0.006585938473316875
2025-09-13 17:00:00,0.022366770244676273
2025-09-13 18:00:00,0.006656291009351941
2025-09-13 19:00:00,8.520565233840742e-05
2025-09-13 20:00:00,0.0
2025-09-13 21:00:00,0.0
2025-09-13 22:00:00,0.0
2025-09-13 23:00:00,0.0016530993075703857
2025-09-14 00:00:00,0.04274890221036668
2025-09-14 01:00:00,0.007625524707620178
2025-09-14 02:00:00,0.035409408830713994
2025-09-14 03:00:00,0.04143609823152767
2025-09-14 04:00:00,2.3503843830713324e-07
2025-09-14 05:00:00,0.0
2025-09-14 06:00:00,0.0
2025-09-14 07:00:00,0.006464623506856248
2025-09-14 08:00:00,0.0005337879394491613
2025-09-14 09:00:00,0.007094182728430229
2025-09-14 10:00:00,0.007524211037327845
2025-09-14 11:00:00,4.0021617575128573e-07
2025-09-14 12:00:00,0.0
2025-09-14 13:00:00,0.011742397586783982
2025-09-14 14:00:00,0.010371359573383346
2025-09-14 15:00:00,0.04845860410140028
2025-09-14 16:00:00,0.1166191323275444
2025-09-14 17:00:00,0.07085336731317007
2025-09-14 18:00:00,0.01165364493326085
2025-09-14 19:00:00,0.0004605347664923115
2025-09-14 20:00:00,0.03158226003688233
2025-09-14 21:00:00,0.040930786008914845
2025-09-14 22:00:00,0.0009960076220605681
2025-09-14 23:00:00,0.015229809281291463
2025-09-15 00:00:00,2.1566191653981894e-07
2025-09-15 01:00:00,0.0
2025-09-15 02:00:00,0.0
2025-09-15 03:00:00,0.05730322937279434
2025-09-15 04:00:00,0.12715006886424726
2025-09-15 05:00:00,0.07502542387564379
2025-09-15 06:00:00,0.07526457825949476
2025-09-15 07:00:00,0.16707765612113473
2025-09-15 08:00:00,0.40305092255400116
2025-09-15 09:00:00,0.29775202758228125
2025-09-15 10:00:00,0.22486996293409905
2025-09-15 11:00:00,0.10152552214913678
2025-09-15 12:00:00,0.17006987668930645
2025-09-15 13:00:00,0.3209941693395856
2025-09-15 14:00:00,0.053178846364777446
2025-09-15 15:00:00,0.03275225641732905
2025-09-15 16:00:00,0.0035150089122920397
2025-09-15 17:00:00,0.007655990032637727
2025-09-15 18:00:00,5.466372578124771e-05
2025-09-15 19:00:00,0.0
2025-09-15 20:00:00,0.0008493669693614456
2025-09-15 21:00:00,0.0009993466467279675
2025-09-15 22:00:00,0.0017245778314221073
2025-09-15 23:00:00,0.009070044487036204
2025-09-16 00:00:00,0.04964014617729626
2025-09-16 01:00:00,0.02955082711383292
2025-09-16 02:00:00,0.017547255372540833
2025-09-16 03:00:00,0.010090938837230253
2025-09-16 04:00:00,0.05890078390487993
2025-09-16 05:00:00,0.05447479630873786
2025-09-16 06:00:00,0.0385962030873695
2025-09-16 07:00:00,0.0636244473789625
2025-09-16 08:00:00,0.29004535539973764
2025-09-16 09:00:00,0.2685656310314671
2025-09-16 10:00:00,0.19567743779524327
2025-09-16 11:00:00,0.5953734221758871
2025-09-16 12:00:00,0.9630071116612077
2025-09-16 13:00:00,1.0
2025-09-16 14:00:00,0.8709605913972924
2025-09-16 15:00:00,0.5349358157226284
2025-09-16 16:00:00,0.12877290523485962
2025-09-16 17:00:00,0.25276617316793537
2025-09-16 18:00:00,0.2370298947881155
2025-09-16 19:00:00,0.037989221501451516
2025-09-16 20:00:00,0.13618449964529666
2025-09-16 21:00:00,0.09305068767097706
2025-09-16 22:00:00,0.07183920652577316
2025-09-16 23:00:00,0.007393463071258326
2025-09-17 00:00:00,0.023517582840800917
2025-09-17 01:00:00,0.050345383600540125
2025-09-17 02:00:00,0.04834587872761878
2025-09-17 03:00:00,0.0287495157551078
2025-09-17 04:00:00,0.33435374977239324
2025-09-17 05:00:00,0.11744025644640707
2025-09-17 06:00:00,0.052909200608723415
2025-09-17 07:00:00,0.10997117650824896
2025-09-17 08:00:00,0.033865652534230954
2025-09-17 09:00:00,0.0051657809467178
2025-09-17 10:00:00,0.04586653370753696
2025-09-17 11:00:00,0.09021651805510207
2025-09-17 12:00:00,0.1346097473985481
2025-09-17 13:00:00,0.1458807910061341
2025-09-17 14:00:00,0.07028340633024426
2025-09-17 15:00:00,0.05223589620891862
2025-09-17 16:00:00,0.048193714235949835
2025-09-17 17:00:00,0.11670089950222637
2025-09-17 18:00:00,0.15767454106494866
2025-09-17 19:00:00,0.05980912845351234
2025-09-17 20:00:00,0.12873808706029408
2025-09-17 21:00:00,0.015784096624244993
2025-09-17 22:00:00,0.010413361150762402
2025-09-17 23:00:00,0.00034954728472149336
2025-09-18 00:00:00,0.0
2025-09-18 01:00:00,0.026843946882166354
2025-09-18 02:00:00,0.0008727428237776224
2025-09-18 03:00:00,2.678500819341859e-07
2025-09-18 04:00:00,0.0016768075258776862
2025-09-18 05:00:00,0.0004733466032487617
2025-09-18 06:00:00,0.0022869556684250907
2025-09-18 07:00:00,0.048505684993422886
2025-09-18 08:00:00,0.09868539251550597
2025-09-18 09:00:00,0.0580085607649588
2025-09-18 10:00:00,0.04988095754447719
2025-09-18 11:00:00,0.08945090500613105
2025-09-18 12:00:00,0.1518886669644225
2025-09-18 13:00:00,0.14246687040781966
2025-09-18 14:00:00,0.17689923640547187
2025-09-18 15:00:00,0.21242665367698546
2025-09-18 16:00:00,0.17819645420501357
2025-09-18 17:00:00,0.09599756155476699
2025-09-18 18:00:00,0.17441781314960977
2025-09-18 19:00:00,0.19937356624337704
2025-09-18 20:00:00,0.018288924558384358
2025-09-18 21:00:00,0.0038402745614869076
2025-09-18 22:00:00,0.0013457396608593396
2025-09-18 23:00:00,0.0013063054017516415
2025-09-19 00:00:00,0.030789755449231196
2025-09-19 01:00:00,0.4861047835962153
2025-09-19 02:00:00,0.059283816242733954
2025-09-19 03:00:00,0.08196503339346924
2025-09-19 04:00:00,0.0853646181096218
2025-09-19 05:00:00,0.06858618200642592
2025-09-19 06:00:00,0.11513820829069356
2025-09-19 07:00:00,0.12413769188504209
2025-09-19 08:00:00,0.08273791687061963
2025-09-19 09:00:00,0.08269858092638126
2025-09-19 10:00:00,0.13435672135333818
2025-09-19 11:00:00,0.1824951259034047
2025-09-19 12:00:00,0.19224352759376423
2025-09-19 13:00:00,0.10648324604650261
2025-09-19 14:00:00,0.6702540034740431
2025-09-19 15:00:00,0.6793524541579951
2025-09-19 16:00:00,0.8336032497691669
2025-09-19 17:00:00,0.5364912551916349
2025-09-19 18:00:00,0.5083330584146223
2025-09-19 19:00:00,0.48171351974710197
2025-09-19 20:00:00,0.10196799356842307
2025-09-19 21:00:00,0.044994939285308275
2025-09-19 22:00:00,0.016124358775857706
2025-09-19 23:00:00,0.005779042163150202
2025-09-20 00:00:00,9.979694997408795e-05
2025-09-20 01:00:00,0.0006715280528429174
2025-09-20 02:00:00,0.033273292679825636
2025-09-20 03:00:00,0.04211000977455592
2025-09-20 04:00:00,0.005892898783935795
2025-09-20 05:00:00,0.00014025583381994147
2025-09-20 06:00:00,3.073056519661116e-05
2025-09-20 07:00:00,0.0
2025-09-20 08:00:00,0.0
2025-09-20 09:00:00,0.0079580460277076
2025-09-20 10:00:00,0.002477019817703614
2025-09-20 11:00:00,0.005114694551607254
2025-09-20 12:00:00,0.002303733735257353
2025-09-20 13:00:00,0.00029626586008915364
2025-09-20 14:00:00,0.0020498873709250747
2025-09-20 15:00:00,0.00018740299667183003
2025-09-20 16:00:00,0.0
2025-09-20 17:00:00,0.0
2025-09-20 18:00:00,0.0
2025-09-20 19:00:00,0.00021887071348734066
2025-09-20 20:00:00,0.0076019482512869295
2025-09-20 21:00:00,0.08149877305586978
2025-09-20 22:00:00,0.03641982339906724
2025-09-20 23:00:00,0.0983542930654113
2025-09-21 00:00:00,0.025925023142651334
2025-09-21 01:00:00,0.06865939428240772
2025-09-21 02:00:00,0.27217676572552313
2025-09-21 03:00:00,0.3365715738790667
2025-09-21 04:00:00,0.7489624708892705
2025-09-21 05:00:00,0.45579963431746184
2025-09-21 06:00:00,0.3619573595911543
2025-09-21 07:00:00,0.16403770926814032
2025-09-21 08:00:00,0.15517465048288548
2025-09-21 09:00:00,0.17807801836373843
2025-09-21 10:00:00,0.16616275764900487
2025-09-21 11:00:00,0.10069359327579301
2025-09-21 12:00:00,0.057838448336317634
2025-09-21 13:00:00,0.08405223107842931
2025-09-21 14:00:00,0.06923379777939874
2025-09-21 15:00:00,0.014018078912378796
2025-09-21 16:00:00,0.0
2025-09-21 17:00:00,0.0
2025-09-21 18:00:00,0.0
2025-09-21 19:00:00,0.0
2025-09-21 20:00:00,0.0
2025-09-21 21:00:00,0.0
2025-09-21 22:00:00,0.0
2025-09-21 23:00:00,0.001804806018184849
2025-09-22 00:00:00,0.0
2025-09-22 01:00:00,0.006438587074884925
2025-09-22 02:00:00,0.006174658189342146
2025-09-22 03:00:00,0.0012856544625533973
2025-09-22 04:00:00,0.011182248166796834
2025-09-22 05:00:00,0.005342605540889452
2025-09-22 06:00:00,0.0004949054978252945
2025-09-22 07:00:00,0.05181529174505221
2025-09-22 08:00:00,0.00016036487990852226
2025-09-22 09:00:00,0.00014789355663661797
2025-09-22 10:00:00,0.0015290138777619038
2025-09-22 11:00:00,0.042675263512785784
2025-09-22 12:00:00,0.02594333636634213
2025-09-22 13:00:00,0.3364120356297077
2025-09-22 14:00:00,0.46871808180935204
2025-09-22 15:00:00,0.06052780313821668
2025-09-22 16:00:00,0.005883725785514609
2025-09-22 17:00:00,0.013302379494476754
2025-09-22 18:00:00,0.0006300954302990852
2025-09-22 19:00:00,0.007657104875456397
2025-09-22 20:00:00,0.0034310418715676216
2025-09-22 21:00:00,2.1102719493106366e-10
2025-09-22 22:00:00,0.0
2025-09-22 23:00:00,0.00040100516295908304
2025-09-23 00:00:00,0.0
2025-09-23 01:00:00,1.1913591529052479e-05
2025-09-23 02:00:00,0.010378342220332607
2025-09-23 03:00:00,0.006613444385180448
2025-09-23 04:00:00,2.6070007818578497e-08
2025-09-23 05:00:00,0.0019148111708702877
2025-09-23 06:00:00,0.0005202340246507897
2025-09-23 07:00:00,0.0
2025-09-23 08:00:00,0.010813142323677558
2025-09-23 09:00:00,0.0013061464155865693
2025-09-23 10:00:00,0.0
2025-09-23 11:00:00,1.7396944471687598e-06
2025-09-23 12:00:00,6.824705034746891e-05
2025-09-23 13:00:00,0.02559920656728284
2025-09-23 14:00:00,0.015519457217816382
2025-09-23 15:00:00,0.009291429731395637
2025-09-23 16:00:00,0.021568346944818528
2025-09-23 17:00:00,0.03269859271847808
2025-09-23 18:00:00,0.04725058358000161
2025-09-23 19:00:00,0.0665500137075958
2025-09-23 20:00:00,0.07887159398852547
2025-09-23 21:00:00,0.04857945607040913
2025-09-23 22:00:00,0.1180064555450853
2025-09-23 23:00:00,0.07876536576433461
2025-09-24 00:00:00,0.16274456003344617
2025-09-24 01:00:00,0.39800989774003914
2025-09-24 02:00:00,0.21880749334081054
2025-09-24 03:00:00,0.8200763964151383
2025-09-24 04:00:00,0.47059359759019204
2025-09-24 05:00:00,0.257882176622006
2025-09-24 06:00:00,0.33199158509474197
2025-09-24 07:00:00,0.3862797866475414
2025-09-24 08:00:00,0.35218230361767067
2025-09-24 09:00:00,0.5044552908687892
2025-09-24 10:00:00,0.500123305889304
2025-09-24 11:00:00,1.0
2025-09-24 12:00:00,0.9550930423733132
2025-09-24 13:00:00,0.5136709801616708
2025-09-24 14:00:00,0.3142193655805449
2025-09-24 15:00:00,0.3753276741882168
2025-09-24 16:00:00,0.44040636899209246
2025-09-24 17:00:00,0.4308415788880154
2025-09-24 18:00:00,0.2106774097163879
2025-09-24 19:00:00,0.40309366029353183
2025-09-24 20:00:00,0.969678237073564
2025-09-24 21:00:00,0.8181464833477949
2025-09-24 22:00:00,1.0
2025-09-24 23:00:00,1.0
2025-09-25 00:00:00,1.0
2025-09-25 01:00:00,1.0
2025-09-25 02:00:00,1.0
2025-09-25 03:00:00,1.0
2025-09-25 04:00:00,1.0
2025-09-25 05:00:00,1.0
2025-09-25 06:00:00,1.0
2025-09-25 07:00:00,1.0
2025-09-25 08:00:00,1.0
2025-09-25 09:00:00,1.0
2025-09-25 10:00:00,1.0
2025-09-25 11:00:00,1.0
2025-09-25 12:00:00,1.0
2025-09-25 13:00:00,1.0
2025-09-25 14:00:00,1.0
2025-09-25 15:00:00,0.6531432807087715
2025-09-25 16:00:00,0.7030927751624557
2025-09-25 17:00:00,0.8936371289380558
2025-09-25 18:00:00,1.0
2025-09-25 19:00:00,0.6151768864867556
2025-09-25 20:00:00,0.4810059445050079
2025-09-25 21:00:00,0.1875893634308519
2025-09-25 22:00:00,0.04305012517422038
2025-09-25 23:00:00,0.04975617452008916
2025-09-26 00:00:00,0.18901460959019384
2025-09-26 01:00:00,0.18696006908591184
2025-09-26 02:00:00,0.5867008979122197
2025-09-26 03:00:00,0.4560752599942598
2025-09-26 04:00:00,0.4018417262357867
2025-09-26 05:00:00,0.1739748981713513
2025-09-26 06:00:00,0.11885258320626232
2025-09-26 07:00:00,0.02899387783669417
2025-09-26 08:00:00,0.0006974252857891946
2025-09-26 09:00:00,0.0
2025-09-26 10:00:00,1.6542034049600042e-07
2025-09-26 11:00:00,0.0
2025-09-26 12:00:00,0.0
2025-09-26 13:00:00,7.77184897094527e-06
2025-09-26 14:00:00,0.0
2025-09-26 15:00:00,0.0
2025-09-26 16:00:00,0.00042281598369856574
2025-09-26 17:00:00,0.014924783587630627
2025-09-26 18:00:00,0.038778165047806505
2025-09-26 19:00:00,0.03843379392799808
2025-09-26 20:00:00,0.01602321144411752
2025-09-26 21:00:00,0.01663583025135999
2025-09-26 22:00:00,0.1363084715407374
2025-09-26 23:00:00,0.1610660606508068
2025-09-27 00:00:00,0.13788104150756458
2025-09-27 01:00:00,0.20455741271228167
2025-09-27 02:00:00,0.19350347586763594
2025-09-27 03:00:00,0.21038760675221294
2025-09-27 04:00:00,0.15700390490791766
2025-09-27 05:00:00,0.10041183758751195
2025-09-27 06:00:00,0.2232303301125388
2025-09-27 07:00:00,0.026397100740716627
2025-09-27 08:00:00,0.054710157242790165
2025-09-27 09:00:00,0.03030544802653739
2025-09-27 10:00:00,5.9662075730165505e-05
2025-09-27 11:00:00,0.0
2025-09-27 12:00:00,0.0
2025-09-27 13:00:00,3.3298547779117834e-05
2025-09-27 14:00:00,0.0057674477646637405
2025-09-27 15:00:00,0.03334129999855473
2025-09-27 16:00:00,0.0010383121598876725
2025-09-27 17:00:00,0.0066243026421143976
2025-09-27 18:00:00,0.03206887451342344
2025-09-27 19:00:00,0.04631286300991221
2025-09-27 20:00:00,0.08425034326397252
2025-09-27 21:00:00,0.0033066350451071095
2025-09-27 22:00:00,2.2238746113570693e-05
2025-09-27 23:00:00,0.019343587498241905
2025-09-28 00:00:00,0.014239283247624116
2025-09-28 01:00:00,0.20463679389802933
2025-09-28 02:00:00,0.055481660667636844
2025-09-28 03:00:00,0.23428485984560418
2025-09-28 04:00:00,0.12882543915353167
2025-09-28 05:00:00,0.24248327746168438
2025-09-28 06:00:00,0.17400662029924438
2025-09-28 07:00:00,0.17615561743070635
2025-09-28 08:00:00,0.2547321249541378
2025-09-28 09:00:00,0.14089127990380254
2025-09-28 10:00:00,0.24796010652096206
2025-09-28 11:00:00,0.18215036993902806
2025-09-28 12:00:00,0.1926567014150307
2025-09-28 13:00:00,0.004727395910199839
2025-09-28 14:00:00,0.002855843847433548
2025-09-28 15:00:00,0.045234475579077935
2025-09-28 16:00:00,0.10041182493612748
2025-09-28 17:00:00,0.20635682612509806
2025-09-28 18:00:00,0.1958151198570238
2025-09-28 19:00:00,0.5364739866333763
2025-09-28 20:00:00,0.5414881145843263
2025-09-28 21:00:00,0.30953494241726487
2025-09-28 22:00:00,0.46866406797163307
2025-09-28 23:00:00,0.6746621236798372
2025-09-29 00:00:00,0.7967419014142498
2025-09-29 01:00:00,0.5422845456325384
2025-09-29 02:00:00,0.5452759121639138
2025-09-29 03:00:00,0.9524543756694133
2025-09-29 04:00:00,0.9932591883731041
2025-09-29 05:00:00,0.3717429899117509
2025-09-29 06:00:00,0.21024046338163607
2025-09-29 07:00:00,0.10766210010585088
2025-09-29 08:00:00,0.045477703953273635
2025-09-29 09:00:00,0.0001103334438343593
2025-09-29 10:00:00,0.048963221190307125
2025-09-29 11:00:00,0.013804106203384894
2025-09-29 12:00:00,0.0025882180296795255
2025-09-29 13:00:00,0.0
2025-09-29 14:00:00,0.00019650889784571108
2025-09-29 15:00:00,0.0005104570882119928
2025-09-29 16:00:00,0.00022471458809705772
2025-09-29 17:00:00,0.00013631313610035749
2025-09-29 18:00:00,0.0053576858189417305
2025-09-29 19:00:00,0.0020544530686619354
2025-09-29 20:00:00,0.0
2025-09-29 21:00:00,0.0
2025-09-29 22:00:00,0.0
2025-09-29 23:00:00,0.0
2025-09-30 00:00:00,0.0
2025-09-30 01:00:00,0.006948999093924511
2025-09-30 02:00:00,0.0
2025-09-30 03:00:00,0.0011909511896964371
2025-09-30 04:00:00,9.042243475821246e-05
2025-09-30 05:00:00,0.13915856519485684
2025-09-30 06:00:00,0.3644227207547282
2025-09-30 07:00:00,0.8260225918094475
2025-09-30 08:00:00,1.0
2025-09-30 09:00:00,1.0
2025-09-30 10:00:00,0.6913565712171366
2025-09-30 11:00:00,0.4179189409460516
2025-09-30 12:00:00,0.21037149009738682
2025-09-30 13:00:00,0.299144850415108
2025-09-30 14:00:00,0.6727163529678664
2025-09-30 15:00:00,0.46844508311246946
2025-09-30 16:00:00,0.25296863999455066
2025-09-30 17:00:00,0.058874292763707495
2025-09-30 18:00:00,0.0783888373976403
2025-09-30 19:00:00,0.2270199028744199
2025-09-30 20:00:00,0.4770445784380322
2025-09-30 21:00:00,0.8583414540314104
2025-09-30 22:00:00,0.8810474008643204
2025-09-30 23:00:00,0.7725676475568968
2025-10-01 00:00:00,1.0
2025-10-01 01:00:00,0.5745457566819147
2025-10-01 02:00:00,0.37906533037086787
2025-10-01 03:00:00,0.8545826346899351
2025-10-01 04:00:00,0.39661530056606314
2025-10-01 05:00:00,0.3394923609868248
2025-10-01 06:00:00,0.44570859252924006
2025-10-01 07:00:00,0.4074829730979373
2025-10-01 08:00:00,0.6833569088348523
2025-10-01 09:00:00,1.0
2025-10-01 10:00:00,1.0
2025-10-01 11:00:00,1.0
2025-10-01 12:00:00,0.9808584479536232
2025-10-01 13:00:00,0.758928977306943
2025-10-01 14:00:00,1.0
2025-10-01 15:00:00,1.0
2025-10-01 16:00:00,1.0
2025-10-01 17:00:00,1.0
2025-10-01 18:00:00,1.0
2025-10-01 19:00:00,1.0
2025-10-01 20:00:00,1.0
2025-10-01 21:00:00,1.0
2025-10-01 22:00:00,1.0
2025-10-01 23:00:00,1.0
2025-10-02 00:00:00,1.0
2025-10-02 01:00:00,1.0
2025-10-02 02:00:00,0.7798763013806226
2025-10-02 03:00:00,1.0
2025-10-02 04:00:00,1.0
2025-10-02 05:00:00,1.0
2025-10-02 06:00:00,0.5878730119851474
2025-10-02 07:00:00,1.0
2025-10-02 08:00:00,1.0
2025-10-02 09:00:00,0.5337746469395169
2025-10-02 10:00:00,0.19141830853761352
2025-10-02 11:00:00,0.2902115610673009
2025-10-02 12:00:00,0.41136600268773454
2025-10-02 13:00:00,0.26407333571187874
2025-10-02 14:00:00,0.326443769019191
2025-10-02 15:00:00,0.441757318145017
2025-10-02 16:00:00,0.4187621814578265
2025-10-02 17:00:00,0.2267402968528294
2025-10-02 18:00:00,0.3967394042972414
2025-10-02 19:00:00,0.5691926277004862
2025-10-02 20:00:00,0.6648287722129246
2025-10-02 21:00:00,0.3460638524390103
2025-10-02 22:00:00,0.10636987927864033
2025-10-02 23:00:00,0.11033279294436357
2025-10-03 00:00:00,0.23300742835699312
2025-10-03 01:00:00,0.42571918308026
2025-10-03 02:00:00,0.5253302359060895
2025-10-03 03:00:00,0.34346646916963547
2025-10-03 04:00:00,0.16744488325670578
2025-10-03 05:00:00,0.15349566461378822
2025-10-03 06:00:00,0.1427897952059614
2025-10-03 07:00:00,0.3129544565760287
2025-10-03 08:00:00,0.19587901661517984
2025-10-03 09:00:00,0.12871230289463043
2025-10-03 10:00:00,0.5227129967220913
2025-10-03 11:00:00,1.0
2025-10-03 12:00:00,0.5301598243455985
2025-10-03 13:00:00,0.9742119242715395
2025-10-03 14:00:00,0.44819750397746666
2025-10-03 15:00:00,0.2945383817523492
2025-10-03 16:00:00,0.208028887833213
2025-10-03 17:00:00,0.17893198678244293
2025-10-03 18:00:00,0.2649987417046735
2025-10-03 19:00:00,0.2572707180471063
2025-10-03 20:00:00,0.35311440735387717
2025-10-03 21:00:00,0.23553646502441633
2025-10-03 22:00:00,0.279762758426663
2025-10-03 23:00:00,0.26511966697902295
2025-10-04 00:00:00,0.07050098778539797
2025-10-04 01:00:00,0.11533774064727124
2025-10-04 02:00:00,0.12105628347855228
2025-10-04 03:00:00,0.05470383592065668
2025-10-04 04:00:00,0.032662395005237065
2025-10-04 05:00:00,0.019551062191938366
2025-10-04 06:00:00,0.015180439593423816
2025-10-04 07:00:00,0.1491442564682116
2025-10-04 08:00:00,0.5816365217398936
2025-10-04 09:00:00,0.05578380565296553
2025-10-04 10:00:00,0.09710423192200822
2025-10-04 11:00:00,0.21583110382780987
2025-10-04 12:00:00,0.16579563867264077
2025-10-04 13:00:00,0.3096630896321085
2025-10-04 14:00:00,0.7303423810819138
2025-10-04 15:00:00,0.2691236648864667
2025-10-04 16:00:00,0.26628016845659824
2025-10-04 17:00:00,0.7693939020028122
2025-10-04 18:00:00,0.3145069077853385
2025-10-04 19:00:00,0.25818819966966566
2025-10-04 20:00:00,0.16415239458236675
2025-10-04 21:00:00,0.3336541781678197
2025-10-04 22:00:00,0.6055967498704854
2025-10-04 23:00:00,0.5677315953543391
2025-10-05 00:00:00,0.5027070556918789
2025-10-05 01:00:00,0.12341146423730938
2025-10-05 02:00:00,0.3513428417562537
2025-10-05 03:00:00,0.2429052866899094
2025-10-05 04:00:00,0.19746174769600308
2025-10-05 05:00:00,0.363003158255706
2025-10-05 06:00:00,0.3643054437868791
2025-10-05 07:00:00,0.5862170016782811
2025-10-05 08:00:00,0.6973986996361762
2025-10-05 09:00:00,0.6613354075721051
2025-10-05 10:00:00,0.6662011745000479
2025-10-05 11:00:00,0.2855455053309773
2025-10-05 12:00:00,0.22968908240141458
2025-10-05 13:00:00,0.434568604491104
2025-10-05 14:00:00,0.20337071685934324
2025-10-05 15:00:00,0.09948909744646119
2025-10-05 16:00:00,0.03473347183576753
2025-10-05 17:00:00,0.04632447007348579
2025-10-05 18:00:00,0.1927782334800269
2025-10-05 19:00:00,0.2683022520029611
2025-10-05 20:00:00,0.025277863466197266
2025-10-05 21:00:00,0.06620562830881656
2025-10-05 22:00:00,0.039136107669405194
2025-10-05 23:00:00,0.07671783861042873
2025-10-06 00:00:00,0.06595259781146762
2025-10-06 01:00:00,0.020939032374051668
2025-10-06 02:00:00,0.021885961667067955
2025-10-06 03:00:00,0.011742005270677354
2025-10-06 04:00:00,0.025340694334957597
2025-10-06 05:00:00,0.005130960677467229
2025-10-06 06:00:00,2.0002765068603335e-05
2025-10-06 07:00:00,0.005635212664756292
2025-10-06 08:00:00,0.05098909673845554
2025-10-06 09:00:00,0.10002698021038205
2025-10-06 10:00:00,0.047392608043583945
2025-10-06 11:00:00,0.016768258538526825
2025-10-06 12:00:00,0.004856839624371973
2025-10-06 13:00:00,0.03591920652075402
2025-10-06 14:00:00,0.009844578376215584
2025-10-06 15:00:00,0.050430063373602445
2025-10-06 16:00:00,0.10488527187154252
2025-10-06 17:00:00,0.2805535217240521
2025-10-06 18:00:00,0.49850844957869256
2025-10-06 19:00:00,0.5893506798197312
2025-10-06 20:00:00,0.18944588270096024
2025-10-06 21:00:00,0.2770701676527617
2025-10-06 22:00:00,0.2705124122368239
2025-10-06 23:00:00,0.1832057500783026
2025-10-07 00:00:00,0.44437904763607455
2025-10-07 01:00:00,0.35261019035483226
2025-10-07 02:00:00,0.21386705276228762
2025-10-07 03:00:00,0.42496725982601485
2025-10-07 04:00:00,0.28455652304722623
2025-10-07 05:00:00,0.1632619410086449
2025-10-07 06:00:00,0.04791062756615972
2025-10-07 07:00:00,0.014681129944027637
2025-10-07 08:00:00,0.003470506748218777
2025-10-07 09:00:00,0.02043336344380851
2025-10-07 10:00:00,0.002394755535681167
2025-10-07 11:00:00,0.0
2025-10-07 12:00:00,0.0
2025-10-07 13:00:00,0.0
2025-10-07 14:00:00,0.0
2025-10-07 15:00:00,0.010189559429644798
2025-10-07 16:00:00,0.015380497134327735
2025-10-07 17:00:00,0.12206699506423582
2025-10-07 18:00:00,0.10975381900003786
2025-10-07 19:00:00,0.24615199060612605
2025-10-07 20:00:00,0.14346278460800646
2025-10-07 21:00:00,0.14905801317939468
2025-10-07 22:00:00,0.05402098868796225
2025-10-07 23:00:00,0.017396951798777753
2025-10-08 00:00:00,0.014391248719727428
2025-10-08 01:00:00,0.00020821153455029745
2025-10-08 02:00:00,0.0017510118065933947
2025-10-08 03:00:00,0.001164703475537492
2025-10-08 04:00:00,0.005208933623174458
2025-10-08 05:00:00,0.0
2025-10-08 06:00:00,0.0032885936335895123
2025-10-08 07:00:00,0.08261692090176384
2025-10-08 08:00:00,0.28945910522630564
2025-10-08 09:00:00,0.8004600237468446
2025-10-08 10:00:00,0.6931714974730311
2025-10-08 11:00:00,0.4850063266089321
2025-10-08 12:00:00,0.5601756468267788
2025-10-08 13:00:00,0.41932269127101457
2025-10-08 14:00:00,0.0918533236559654
2025-10-08 15:00:00,0.1889932201462346
2025-10-08 16:00:00,0.14358382391019597
2025-10-08 17:00:00,0.02450789392306418
2025-10-08 18:00:00,0.011670429083839908
2025-10-08 19:00:00,0.009906420046742206
2025-10-08 20:00:00,0.01347938341255783
2025-10-08 21:00:00,0.017721975759188414
2025-10-08 22:00:00,0.1149672705717304
2025-10-08 23:00:00,0.022924610093718177
2025-10-09 00:00:00,0.021244096073281222
2025-10-09 01:00:00,0.003944568069580632
2025-10-09 02:00:00,0.05371098817167606
2025-10-09 03:00:00,0.02615683711777471
2025-10-09 04:00:00,0.017113081010054557
2025-10-09 05:00:00,0.08257744885289663
2025-10-09 06:00:00,0.25908796624140445
2025-10-09 07:00:00,0.5968114330333425
2025-10-09 08:00:00,0.1660881179724282
2025-10-09 09:00:00,0.228795133458974
2025-10-09 10:00:00,0.25585207786500413
2025-10-09 11:00:00,0.22322460771432467
2025-10-09 12:00:00,0.21516024680326107
2025-10-09 13:00:00,0.4725876092516738
2025-10-09 14:00:00,0.7359980611063404
2025-10-09 15:00:00,0.9784636548187724
2025-10-09 16:00:00,0.9076323489987961
2025-10-09 17:00:00,1.0
2025-10-09 18:00:00,1.0
2025-10-09 19:00:00,0.5151008115931874
2025-10-09 20:00:00,0.3795031053876208
2025-10-09 21:00:00,0.3481959051055352
2025-10-09 22:00:00,0.6709544855760279
2025-10-09 23:00:00,0.4267759156638184
2025-10-10 00:00:00,0.5095660148683196
2025-10-10 01:00:00,0.15378517028284144
2025-10-10 02:00:00,0.33023153369510433
2025-10-10 03:00:00,0.3087033131093076
2025-10-10 04:00:00,0.22537385627109546
2025-10-10 05:00:00,0.7727814390796275
2025-10-10 06:00:00,1.0
2025-10-10 07:00:00,0.5389083010715078
2025-10-10 08:00:00,0.43711728343903605
2025-10-10 09:00:00,1.0
2025-10-10 10:00:00,1.0
2025-10-10 11:00:00,1.0
2025-10-10 12:00:00,1.0
2025-10-10 13:00:00,1.0
2025-10-10 14:00:00,1.0
2025-10-10 15:00:00,1.0
2025-10-10 16:00:00,0.9256194546889396
2025-10-10 17:00:00,0.9860050349645688
2025-10-10 18:00:00,0.5947175741510915
2025-10-10 19:00:00,0.4126185290404251
2025-10-10 20:00:00,0.528826840258939
2025-10-10 21:00:00,0.18419417713957545
2025-10-10 22:00:00,0.7759997551218701
2025-10-10 23:00:00,0.3623392790854343
2025-10-11 00:00:00,0.14154148482871295
2025-10-11 01:00:00,0.22539576589253846
2025-10-11 02:00:00,0.4925092494724799
2025-10-11 03:00:00,0.34965755412398886
2025-10-11 04:00:00,0.13493505923007293
2025-10-11 05:00:00,0.047985573457979824
2025-10-11 06:00:00,0.009565689517031097
2025-10-11 07:00:00,0.022400411816389
2025-10-11 08:00:00,0.023502410935063913
2025-10-11 09:00:00,0.0493173653592612
2025-10-11 10:00:00,0.07928569441906841
2025-10-11 11:00:00,0.172611028860062
2025-10-11 12:00:00,0.11171033645777333
2025-10-11 13:00:00,0.04803714845963751
2025-10-11 14:00:00,0.06147655108742089
2025-10-11 15:00:00,0.05943191431123261
2025-10-11 16:00:00,0.08150948527143981
2025-10-11 17:00:00,0.03412545561694964
2025-10-11 18:00:00,0.08179812158399047
2025-10-11 19:00:00,0.016216747221691828
2025-10-11 20:00:00,0.008443779864044312
2025-10-11 21:00:00,0.06411389086922402
2025-10-11 22:00:00,0.012147757519165149
2025-10-11 23:00:00,0.06980830202911861
2025-10-12 00:00:00,0.00787402428695864
2025-10-12 01:00:00,0.0
2025-10-12 02:00:00,0.0
2025-10-12 03:00:00,0.0
2025-10-12 04:00:00,9.077599370881102e-05
2025-10-12 05:00:00,0.022728835563880074
2025-10-12 06:00:00,0.11441838674461581
2025-10-12 07:00:00,0.23092944142227764
2025-10-12 08:00:00,0.10231962165171776
2025-10-12 09:00:00,0.03764938042828104
2025-10-12 10:00:00,0.10164868657971303
2025-10-12 11:00:00,0.3181520228016228
2025-10-12 12:00:00,0.12443705526110382
2025-10-12 13:00:00,0.3318860920672743
2025-10-12 14:00:00,0.051058160094458176
2025-10-12 15:00:00,0.08382378197899967
2025-10-12 16:00:00,0.07492792716639408
2025-10-12 17:00:00,0.06007942236108454
2025-10-12 18:00:00,0.06448248320408953
2025-10-12 19:00:00,0.0203635925712572
2025-10-12 20:00:00,0.04595174533712999
2025-10-12 21:00:00,0.05290303277648361
2025-10-12 22:00:00,0.14522993275779156
2025-10-12 23:00:00,0.44204107933735115
2025-10-13 00:00:00,0.4246635884361097
2025-10-13 01:00:00,0.2095043109915012
2025-10-13 02:00:00,0.0652921188526278
2025-10-13 03:00:00,0.29887661375907587
2025-10-13 04:00:00,0.700641932444718
2025-10-13 05:00:00,0.9420737546897627
2025-10-13 06:00:00,0.8184819906409814
2025-10-13 07:00:00,1.0
2025-10-13 08:00:00,1.0
2025-10-13 09:00:00,0.9665700158048288
2025-10-13 10:00:00,0.8262215848640799
2025-10-13 11:00:00,0.3694491922294918
2025-10-13 12:00:00,0.300430123532371
2025-10-13 13:00:00,0.6935889376023968
2025-10-13 14:00:00,1.0
2025-10-13 15:00:00,0.9159858271059652
2025-10-13 16:00:00,0.1264861728312121
2025-10-13 17:00:00,0.06134043334309562
2025-10-13 18:00:00,0.07129356926556712
2025-10-13 19:00:00,0.05650408692625039
2025-10-13 20:00:00,0.06130831677343121
2025-10-13 21:00:00,0.08301957207893165
2025-10-13 22:00:00,0.0443926398181431
2025-10-13 23:00:00,0.0472035580688989
2025-10-14 00:00:00,0.04208561805355959
2025-10-14 01:00:00,0.015300092410146557
2025-10-14 02:00:00,0.16950994273358905
2025-10-14 03:00:00,0.10276749166627801
2025-10-14 04:00:00,0.001584597872399628
2025-10-14 05:00:00,0.07685368013351536
2025-10-14 06:00:00,0.025853220031602075
2025-10-14 07:00:00,0.09086298669329625
2025-10-14 08:00:00,0.04044804642281427
2025-10-14 09:00:00,0.08587582804378462
2025-10-14 10:00:00,0.08158073946432373
2025-10-14 11:00:00,0.2046830554791829
2025-10-14 12:00:00,0.1586918044375757
2025-10-14 13:00:00,0.079437603039166
2025-10-14 14:00:00,0.10434119125744595
2025-10-14 15:00:00,0.06820022140875001
2025-10-14 16:00:00,0.0014453681742480078
2025-10-14 17:00:00,0.00014642172516229665
2025-10-14 18:00:00,0.15378916927593975
2025-10-14 19:00:00,0.01456932602101736
2025-10-14 20:00:00,0.027334668724459357
2025-10-14 21:00:00,0.021390242716684237
2025-10-14 22:00:00,0.19340090831113102
2025-10-14 23:00:00,0.06047413935423071
2025-10-15 00:00:00,0.07146274498765516
2025-10-15 01:00:00,0.1441337088941557
2025-10-15 02:00:00,0.11645517740990373
2025-10-15 03:00:00,0.04847986161834962
2025-10-15 04:00:00,0.05024987403763669
2025-10-15 05:00:00,0.035403042410915984
2025-10-15 06:00:00,0.02472589912053984
2025-10-15 07:00:00,0.09172605364992338
2025-10-15 08:00:00,0.13480209494187725
2025-10-15 09:00:00,0.206871563818408
2025-10-15 10:00:00,0.24750394280208213
2025-10-15 11:00:00,0.4361932283010948
2025-10-15 12:00:00,0.8026388748053822
2025-10-15 13:00:00,0.5846628937725686
2025-10-15 14:00:00,0.7891080174033768
2025-10-15 15:00:00,0.3071806170803473
2025-10-15 16:00:00,0.027476875856587986
2025-10-15 17:00:00,0.2153865000654946
2025-10-15 18:00:00,0.15059148452672938
2025-10-15 19:00:00,0.17780334743583037
2025-10-15 20:00:00,0.04671731918437995
2025-10-15 21:00:00,0.005004958926671408
2025-10-15 22:00:00,0.0006711837621088824
2025-10-15 23:00:00,0.011075532271369162
2025-10-16 00:00:00,0.004574470626948832
2025-10-16 01:00:00,0.0028408899006077417
2025-10-16 02:00:00,0.0001763031658429339
2025-10-16 03:00:00,0.021121203814482927
2025-10-16 04:00:00,0.07865939616393144
2025-10-16 05:00:00,0.0446459081861541
2025-10-16 06:00:00,0.10399538084757737
2025-10-16 07:00:00,0.07926098193920414
2025-10-16 08:00:00,0.054247767193418686
2025-10-16 09:00:00,0.05377689116222515
2025-10-16 10:00:00,0.11361014424686067
2025-10-16 11:00:00,0.03983109161453586
2025-10-16 12:00:00,0.07953872743940386
2025-10-16 13:00:00,0.5520680089573113
2025-10-16 14:00:00,0.534025113795847
2025-10-16 15:00:00,0.4749793271361591
2025-10-16 16:00:00,0.3948073721583268
2025-10-16 17:00:00,0.4730475200594951
2025-10-16 18:00:00,0.12134842219597913
2025-10-16 19:00:00,0.4301180798373733
2025-10-16 20:00:00,0.6735811081423729
2025-10-16 21:00:00,0.3939990883002159
2025-10-16 22:00:00,0.3566994776686973
2025-10-16 23:00:00,0.21172819603549364
2025-10-17 00:00:00,0.2500088235182984
2025-10-17 01:00:00,0.2397618446687234
2025-10-17 02:00:00,0.2615205814295882
2025-10-17 03:00:00,0.09718442932338697
2025-10-17 04:00:00,0.056328088984797985
2025-10-17 05:00:00,0.18377867623481267
2025-10-17 06:00:00,0.10588020554261239
2025-10-17 07:00:00,0.00019444323218329368
2025-10-17 08:00:00,0.000394296282566848
2025-10-17 09:00:00,0.11551755615454534
2025-10-17 10:00:00,0.2331646184622416
2025-10-17 11:00:00,0.13069119463762338
2025-10-17 12:00:00,0.12020783202722662
2025-10-17 13:00:00,0.21060981808327212
2025-10-17 14:00:00,0.02867771490853099
2025-10-17 15:00:00,0.006495381524275114
2025-10-17 16:00:00,0.020747848113263478
2025-10-17 17:00:00,0.15819345593571388
2025-10-17 18:00:00,0.09917894557985689
2025-10-17 19:00:00,0.3516521146970606
2025-10-17 20:00:00,0.17772313081528346
2025-10-17 21:00:00,1.1191674488126065e-05
2025-10-17 22:00:00,0.005920331336214121
2025-10-17 23:00:00,0.024856851724206805
2025-10-18 00:00:00,0.07632472362010916
2025-10-18 01:00:00,0.15375882867721855
2025-10-18 02:00:00,0.17285992683910498
2025-10-18 03:00:00,0.12936363176387095
2025-10-18 04:00:00,0.100897972991242
2025-10-18 05:00:00,0.06016804271249447
2025-10-18 06:00:00,0.0375678246438414
2025-10-18 07:00:00,0.0002496865701923602
2025-10-18 08:00:00,0.0
2025-10-18 09:00:00,0.0
2025-10-18 10:00:00,0.0
2025-10-18 11:00:00,0.0
2025-10-18 12:00:00,0.0
2025-10-18 13:00:00,0.0
2025-10-18 14:00:00,0.0
2025-10-18 15:00:00,0.0
2025-10-18 16:00:00,0.0
2025-10-18 17:00:00,0.0
2025-10-18 18:00:00,0.0
2025-10-18 19:00:00,0.0
2025-10-18 20:00:00,0.0
2025-10-18 21:00:00,0.0
2025-10-18 22:00:00,0.0
2025-10-18 23:00:00,0.0
2025-10-19 00:00:00,0.0
2025-10-19 01:00:00,0.0
2025-10-19 02:00:00,0.0
2025-10-19 03:00:00,0.0
2025-10-19 04:00:00,0.0
2025-10-19 05:00:00,0.0014594240774973607
2025-10-19 06:00:00,0.0001580731382825112
2025-10-19 07:00:00,0.0
2025-10-19 08:00:00,0.0
2025-10-19 09:00:00,0.0
2025-10-19 10:00:00,0.0
2025-10-19 11:00:00,0.0
2025-10-19 12:00:00,0.0
2025-10-19 13:00:00,0.0
2025-10-19 14:00:00,0.0
2025-10-19 15:00:00,0.0
2025-10-19 16:00:00,0.02500842539072912
2025-10-19 17:00:00,0.030890286607874712
2025-10-19 18:00:00,0.0560225345797954
2025-10-19 19:00:00,0.061921212560783735
2025-10-19 20:00:00,0.09403197450186117
2025-10-19 21:00:00,0.24502961350321614
2025-10-19 22:00:00,0.4772730504511395
2025-10-19 23:00:00,0.10470382453364213
2025-10-20 00:00:00,0.22240961673939283
2025-10-20 01:00:00,0.2991059553963392
2025-10-20 02:00:00,0.2782305093586048
2025-10-20 03:00:00,0.7342708806219674
2025-10-20 04:00:00,1.0
2025-10-20 05:00:00,1.0
2025-10-20 06:00:00,1.0
2025-10-20 07:00:00,0.5108458886105105
2025-10-20 08:00:00,0.6893865135724022
2025-10-20 09:00:00,1.0
2025-10-20 10:00:00,0.3075553045357438
2025-10-20 11:00:00,0.5587324330422766
2025-10-20 12:00:00,0.41597620902992544
2025-10-20 13:00:00,0.08098638645354389
2025-10-20 14:00:00,0.1314844140294625
2025-10-20 15:00:00,0.26953464315212616
2025-10-20 16:00:00,0.1865675186441546
2025-10-20 17:00:00,0.06082945094974796
2025-10-20 18:00:00,0.29874317426116836
2025-10-20 19:00:00,0.15903838547366653
2025-10-20 20:00:00,0.3659117186690638
2025-10-20 21:00:00,0.09178242737121368
2025-10-20 22:00:00,0.13794019909694774
2025-10-20 23:00:00,0.18642214384455857
2025-10-21 00:00:00,0.34212794178331607
2025-10-21 01:00:00,0.7544381171495405
2025-10-21 02:00:00,0.3995556631415905
2025-10-21 03:00:00,0.4939448288707516
2025-10-21 04:00:00,0.1587601227877611
2025-10-21 05:00:00,0.03142978898968038
2025-10-21 06:00:00,0.013539330779591324
2025-10-21 07:00:00,0.03418242785661806
2025-10-21 08:00:00,0.21812410418521047
2025-10-21 09:00:00,0.6822754675702091
2025-10-21 10:00:00,0.4779473542953404
2025-10-21 11:00:00,0.5069071670469001
2025-10-21 12:00:00,0.7579960776221012
2025-10-21 13:00:00,0.9608289097434737
2025-10-21 14:00:00,0.7458277640151655
2025-10-21 15:00:00,0.6668976947833009
2025-10-21 16:00:00,0.5402269026143681
2025-10-21 17:00:00,0.41456058872232154
2025-10-21 18:00:00,0.2910998728414373
2025-10-21 19:00:00,0.241924969123818
2025-10-21 20:00:00,0.15949287616325683
2025-10-21 21:00:00,0.04457432412186604
2025-10-21 22:00:00,0.1254511615387304
2025-10-21 23:00:00,0.19253188656845832
2025-10-22 00:00:00,0.645153089479813
2025-10-22 01:00:00,0.6856068244823903
2025-10-22 02:00:00,0.4625905040379893
2025-10-22 03:00:00,0.26551755582175524
2025-10-22 04:00:00,0.25200998540996955
2025-10-22 05:00:00,0.3453059433990436
2025-10-22 06:00:00,0.2602154098861005
2025-10-22 07:00:00,0.058361706442990414
2025-10-22 08:00:00,0.021482639783163646
2025-10-22 09:00:00,0.026660505338549467
2025-10-22 10:00:00,0.08038154652419525
2025-10-22 11:00:00,0.00791153267376103
2025-10-22 12:00:00,0.019019334779678845
2025-10-22 13:00:00,0.03304068971507703
2025-10-22 14:00:00,0.018215783852417292
2025-10-22 15:00:00,0.0068301407310183086
2025-10-22 16:00:00,0.0010021887894288521
2025-10-22 17:00:00,0.003945723486507689
2025-10-22 18:00:00,0.049036097491816734
2025-10-22 19:00:00,0.179825165261114
2025-10-22 20:00:00,0.053172014188898054
2025-10-22 21:00:00,0.04457812347383786
2025-10-22 22:00:00,5.935133470743116e-06
2025-10-22 23:00:00,0.0004977337840569821
2025-10-23 00:00:00,0.00964485809169546
2025-10-23 01:00:00,0.11508013029989074
2025-10-23 02:00:00,0.00806993936984187
2025-10-23 03:00:00,0.0001575136353706695
2025-10-23 04:00:00,0.0016156881225576126
2025-10-23 05:00:00,0.0
2025-10-23 06:00:00,0.0
2025-10-23 07:00:00,0.001975647451823347
2025-10-23 08:00:00,0.0
2025-10-23 09:00:00,1.9949417962143196e-05
2025-10-23 10:00:00,0.0
2025-10-23 11:00:00,0.003669631614681632
2025-10-23 12:00:00,0.010283604582019086
2025-10-23 13:00:00,0.002755021781757011
2025-10-23 14:00:00,0.0
2025-10-23 15:00:00,0.0006325937895956752
2025-10-23 16:00:00,0.03872925276634941
2025-10-23 17:00:00,0.011875018324056307
2025-10-23 18:00:00,0.005985078641029247
2025-10-23 19:00:00,0.0007318615234569116
2025-10-23 20:00:00,0.05209823604599584
2025-10-23 21:00:00,0.0005041836057699508
2025-10-23 22:00:00,0.033151527594741
2025-10-23 23:00:00,0.020852537760484815
2025-10-24 00:00:00,0.022861744243331164
2025-10-24 01:00:00,0.015145730335248327
2025-10-24 02:00:00,0.028887498148290728
2025-10-24 03:00:00,0.008781564319310875
2025-10-24 04:00:00,0.06395638886858249
2025-10-24 05:00:00,0.19571674010462983
2025-10-24 06:00:00,0.0701445124582139
2025-10-24 07:00:00,0.1433012222681
2025-10-24 08:00:00,0.0976110976213903
2025-10-24 09:00:00,0.10295583548650276
2025-10-24 10:00:00,0.35820967687331395
2025-10-24 11:00:00,0.19329868246895768
2025-10-24 12:00:00,0.3634800165848896
2025-10-24 13:00:00,0.4407302001744721
2025-10-24 14:00:00,0.34326863658473594
2025-10-24 15:00:00,0.39645830745019345
2025-10-24 16:00:00,0.41636537270059004
2025-10-24 17:00:00,0.1523849833435752
2025-10-24 18:00:00,0.07974585806795773
2025-10-24 19:00:00,0.019127568693087762
2025-10-24 20:00:00,0.014321471839178205
2025-10-24 21:00:00,0.10943903691678096
2025-10-24 22:00:00,0.18411343639203542
2025-10-24 23:00:00,0.036106663279894
2025-10-25 00:00:00,0.027466864893533116
2025-10-25 01:00:00,0.04475688404493353
2025-10-25 02:00:00,0.11361703094540887
2025-10-25 03:00:00,0.054250417865074556
2025-10-25 04:00:00,0.006851473348659765
2025-10-25 05:00:00,0.009032547635310386
2025-10-25 06:00:00,0.0341220079304282
2025-10-25 07:00:00,0.05299139638669142
2025-10-25 08:00:00,0.014429157196292864
2025-10-25 09:00:00,0.1617303586144587
2025-10-25 10:00:00,0.1413455397220395
2025-10-25 11:00:00,0.1627360444170745
2025-10-25 12:00:00,0.08075432288162561
2025-10-25 13:00:00,0.22868742264077702
2025-10-25 14:00:00,0.32528632743630714
2025-10-25 15:00:00,0.36609173774488546
2025-10-25 16:00:00,0.13010734048530037
2025-10-25 17:00:00,0.3097000193321853
2025-10-25 18:00:00,0.4668361998716547
2025-10-25 19:00:00,0.7439295001933726
2025-10-25 20:00:00,0.6532570207362869
2025-10-25 21:00:00,0.5419163917744415
2025-10-25 22:00:00,0.4236557301250024
2025-10-25 23:00:00,1.0
2025-10-26 00:00:00,0.8298720417027815
2025-10-26 01:00:00,0.3472288087829545
2025-10-26 02:00:00,0.23772881819829345
2025-10-26 03:00:00,0.13972554961671269
2025-10-26 04:00:00,0.3649853365508911
2025-10-26 05:00:00,0.10595073368446939
2025-10-26 06:00:00,0.05607265371919409
2025-10-26 07:00:00,0.07482391467140065
2025-10-26 08:00:00,0.24793867157676
2025-10-26 09:00:00,0.38225680338183743
2025-10-26 10:00:00,0.8796104746705004
2025-10-26 11:00:00,0.8959163318631448
2025-10-26 12:00:00,0.6852154834770855
2025-10-26 13:00:00,0.9312312573338558
2025-10-26 14:00:00,0.35354446087690944
2025-10-26 15:00:00,0.06886942630069776
2025-10-26 16:00:00,0.1864257873726954
2025-10-26 17:00:00,0.20984441593331618
2025-10-26 18:00:00,0.39741813174478974
2025-10-26 19:00:00,0.18725310424082448
2025-10-26 20:00:00,0.450344465436214
2025-10-26 21:00:00,0.5998671141966023
2025-10-26 22:00:00,0.5130706794522367
2025-10-26 23:00:00,0.512186657921385
2025-10-27 00:00:00,0.5611567995543388
2025-10-27 01:00:00,0.2770592716301853
2025-10-27 02:00:00,0.1869461728623822
2025-10-27 03:00:00,0.23181305975568708
2025-10-27 04:00:00,0.15015916001686241
2025-10-27 05:00:00,0.02435883558247583
2025-10-27 06:00:00,0.0446549423479892
2025-10-27 07:00:00,0.12484540667014207
2025-10-27 08:00:00,0.29743408255425524
2025-10-27 09:00:00,0.39327050417362036
2025-10-27 10:00:00,0.586465491468531
2025-10-27 11:00:00,0.8794241300664234
2025-10-27 12:00:00,0.7830271962966604
2025-10-27 13:00:00,0.15494113377093596
2025-10-27 14:00:00,0.3665984041588018
2025-10-27 15:00:00,0.16442823639976506
2025-10-27 16:00:00,0.046175173147341785
2025-10-27 17:00:00,0.007186463764425409
2025-10-27 18:00:00,0.23604715189990857
2025-10-27 19:00:00,0.30538121867961193
2025-10-27 20:00:00,0.11482936111086964
2025-10-27 21:00:00,0.05263317988876111
2025-10-27 22:00:00,0.05656016165609179
2025-10-27 23:00:00,0.1098824261644508
2025-10-28 00:00:00,0.14434572966967701
2025-10-28 01:00:00,0.050657893129734906
2025-10-28 02:00:00,0.07994046477808744
2025-10-28 03:00:00,0.03811276400643031
2025-10-28 04:00:00,0.1387744631857021
2025-10-28 05:00:00,0.14213489515186864
2025-10-28 06:00:00,0.06151160373316719
2025-10-28 07:00:00,0.1347645628887958
2025-10-28 08:00:00,0.18499721221955517
2025-10-28 09:00:00,0.11304175696241055
2025-10-28 10:00:00,0.21512489425800443
2025-10-28 11:00:00,0.32437224977330903
2025-10-28 12:00:00,0.6318244302528498
2025-10-28 13:00:00,0.812428758325886
2025-10-28 14:00:00,0.6192357028769626
2025-10-28 15:00:00,0.1599038979382282
2025-10-28 16:00:00,0.1806776476407571
2025-10-28 17:00:00,0.2275638913283765
2025-10-28 18:00:00,0.22097329845264602
2025-10-28 19:00:00,0.0012574766617907004
2025-10-28 20:00:00,0.01618277804711133
2025-10-28 21:00:00,0.002107175096779619
2025-10-28 22:00:00,0.020187360812687235
2025-10-28 23:00:00,0.18017223039189106
2025-10-29 00:00:00,0.13796496287104787
2025-10-29 01:00:00,0.19780229713965067
2025-10-29 02:00:00,0.19184287594217866
2025-10-29 03:00:00,0.2754891696426378
2025-10-29 04:00:00,0.27378002773896976
2025-10-29 05:00:00,0.16486867185203946
2025-10-29 06:00:00,0.06164895394309223
2025-10-29 07:00:00,0.2854313428153027
2025-10-29 08:00:00,0.3581988316309502
2025-10-29 09:00:00,0.5510185790943023
2025-10-29 10:00:00,0.6121945907228885
2025-10-29 11:00:00,0.9076420619803751
2025-10-29 12:00:00,0.4643601556113697
2025-10-29 13:00:00,0.4344838558805965
2025-10-29 14:00:00,0.5315185820720646
2025-10-29 15:00:00,0.9528221091213692
2025-10-29 16:00:00,1.0
2025-10-29 17:00:00,1.0
2025-10-29 18:00:00,1.0
2025-10-29 19:00:00,0.6955975049955259
2025-10-29 20:00:00,0.3415239852265969
2025-10-29 21:00:00,0.16789934879027255
2025-10-29 22:00:00,0.0004566027803449396
2025-10-29 23:00:00,4.599785637131339e-07
2025-10-30 00:00:00,0.004958630424224404
2025-10-30 01:00:00,0.009650809261465249
2025-10-30 02:00:00,0.007668344622659837
2025-10-30 03:00:00,0.0
2025-10-30 04:00:00,0.006185066715631178
2025-10-30 05:00:00,0.025672003574786884
2025-10-30 06:00:00,0.029990817380983935
2025-10-30 07:00:00,0.0
2025-10-30 08:00:00,0.0
2025-10-30 09:00:00,0.0002836446378486399
2025-10-30 10:00:00,0.001055150745261209
2025-10-30 11:00:00,0.004899776705671497
2025-10-30 12:00:00,0.029978596119394185
2025-10-30 13:00:00,0.0435434087272655
2025-10-30 14:00:00,0.10292968165276234
2025-10-30 15:00:00,0.036946760639152726
2025-10-30 16:00:00,0.003367983417168157
2025-10-30 17:00:00,0.017403203618635812
2025-10-30 18:00:00,0.05956007289171337
2025-10-30 19:00:00,0.11227493613062965
2025-10-30 20:00:00,0.12701517204145765
2025-10-30 21:00:00,0.08957891518170999
2025-10-30 22:00:00,0.11337267553634797
2025-10-30 23:00:00,0.16100689392961548
2025-10-31 00:00:00,0.22696916536926917
2025-10-31 01:00:00,1.0
2025-10-31 02:00:00,0.5407145201783716
2025-10-31 03:00:00,1.0
2025-10-31 04:00:00,1.0
2025-10-31 05:00:00,1.0
2025-10-31 06:00:00,0.4678506326843127
2025-10-31 07:00:00,0.5036824950864577
2025-10-31 08:00:00,0.7844754866503217
2025-10-31 09:00:00,0.6879604244942207
2025-10-31 10:00:00,0.9977159730922797
2025-10-31 11:00:00,0.677564244919555
2025-10-31 12:00:00,0.13007344315998745
2025-10-31 13:00:00,0.22118458650294429
2025-10-31 14:00:00,0.21246618559638886
2025-10-31 15:00:00,0.13032401175881553
2025-10-31 16:00:00,0.0836949301839688
2025-10-31 17:00:00,0.13021519846636287
2025-10-31 18:00:00,0.05148213206522346
2025-10-31 19:00:00,0.08689287943731258
2025-10-31 20:00:00,0.2599374492519156
2025-10-31 21:00:00,0.8703849428363313
2025-10-31 22:00:00,1.0
2025-10-31 23:00:00,1.0
2025-11-01 00:00:00,1.0
2025-11-01 01:00:00,0.8633416360510755
2025-11-01 02:00:00,0.5701582010313838
2025-11-01 03:00:00,0.8179849663748489
2025-11-01 04:00:00,0.5917523275706394
2025-11-01 05:00:00,0.641771086992464
2025-11-01 06:00:00,0.2981477934526993
2025-11-01 07:00:00,0.6605496589291829
2025-11-01 08:00:00,0.4731637606231274
2025-11-01 09:00:00,0.7920452529753153
2025-11-01 10:00:00,0.4500808398796187
2025-11-01 11:00:00,0.2323814146016009
2025-11-01 12:00:00,0.5435857289975361
2025-11-01 13:00:00,0.31549453801852423
2025-11-01 14:00:00,0.06710047911529186
2025-11-01 15:00:00,0.01469162421904032
2025-11-01 16:00:00,0.06735854131738643
2025-11-01 17:00:00,0.15491874935081065
2025-11-01 18:00:00,0.0676725332070489
2025-11-01 19:00:00,0.030396699550282735
2025-11-01 20:00:00,0.08378091917167113
2025-11-01 21:00:00,0.2805683265314511
2025-11-01 22:00:00,0.24497387369798826
2025-11-01 23:00:00,0.3438683231226611
2025-11-02 00:00:00,0.5562880150909586
2025-11-02 01:00:00,1.0
2025-11-02 02:00:00,0.6909981629293869
2025-11-02 03:00:00,0.39697172585007795
2025-11-02 04:00:00,0.24656677953146058
2025-11-02 05:00:00,0.4161484739036769
2025-11-02 06:00:00,0.31288492283989044
2025-11-02 07:00:00,0.35724014223886236
2025-11-02 08:00:00,0.3522605520508685
2025-11-02 09:00:00,0.31967627085278605
2025-11-02 10:00:00,0.31537785787811384
2025-11-02 11:00:00,0.5670661194901323
2025-11-02 12:00:00,0.2562778881517843
2025-11-02 13:00:00,0.21109386468275712
2025-11-02 14:00:00,0.057690539464440874
2025-11-02 15:00:00,0.08084868741398414
2025-11-02 16:00:00,0.06656422029702397
2025-11-02 17:00:00,0.20146709868226015
2025-11-02 18:00:00,0.18979404608436184
2025-11-02 19:00:00,0.11982312183503901
2025-11-02 20:00:00,0.09203719897902944
2025-11-02 21:00:00,0.39554332632693184
2025-11-02 22:00:00,0.0933033514936881
2025-11-02 23:00:00,0.0444228108913089
2025-11-03 00:00:00,0.05236230008340835
2025-11-03 01:00:00,0.022227256893672283
2025-11-03 02:00:00,0.055291021830646915
2025-11-03 03:00:00,0.05562226255091628
2025-11-03 04:00:00,0.08133297210423714
2025-11-03 05:00:00,0.09554947560309159
2025-11-03 06:00:00,0.08677875144758447
2025-11-03 07:00:00,0.013211779823567069
2025-11-03 08:00:00,0.024256677260326973
2025-11-03 09:00:00,1.0013237422493807e-05
2025-11-03 10:00:00,0.0
2025-11-03 11:00:00,0.0007276344892596522
2025-11-03 12:00:00,0.033585611371576986
2025-11-03 13:00:00,0.37454075690118727
2025-11-03 14:00:00,0.24660009264369998
2025-11-03 15:00:00,0.10489985973529642
2025-11-03 16:00:00,0.17329038922423423
2025-11-03 17:00:00,0.6232346996290914
2025-11-03 18:00:00,1.0
2025-11-03 19:00:00,0.5910905366316602
2025-11-03 20:00:00,0.4754522303350277
2025-11-03 21:00:00,0.70236802609432
2025-11-03 22:00:00,0.993298019458981
2025-11-03 23:00:00,1.0
2025-11-04 00:00:00,0.7687220989963195
2025-11-04 01:00:00,0.90648145683894
2025-11-04 02:00:00,1.0
2025-11-04 03:00:00,0.6360069423372987
2025-11-04 04:00:00,1.0
2025-11-04 05:00:00,1.0
2025-11-04 06:00:00,0.8793466087935149
2025-11-04 07:00:00,1.0
2025-11-04 08:00:00,1.0
2025-11-04 09:00:00,1.0
2025-11-04 10:00:00,1.0
2025-11-04 11:00:00,1.0
2025-11-04 12:00:00,1.0
2025-11-04 13:00:00,0.445534031488359
2025-11-04 14:00:00,0.7727928009302892
2025-11-04 15:00:00,1.0
2025-11-04 16:00:00,1.0
2025-11-04 17:00:00,0.9433377511295952
2025-11-04 18:00:00,1.0
2025-11-04 19:00:00,1.0
2025-11-04 20:00:00,1.0
2025-11-04 21:00:00,1.0
2025-11-04 22:00:00,1.0
2025-11-04 23:00:00,0.5159677075981991
2025-11-05 00:00:00,0.6545006653547631
2025-11-05 01:00:00,0.34948188220035153
2025-11-05 02:00:00,0.0680750046641635
2025-11-05 03:00:00,0.1077511236444064
2025-11-05 04:00:00,0.10120447282995951
2025-11-05 05:00:00,0.33919555692566744
2025-11-05 06:00:00,0.35160765627151247
2025-11-05 07:00:00,0.5333401961336701
2025-11-05 08:00:00,0.6393903049594524
2025-11-05 09:00:00,0.9724533612111582
2025-11-05 10:00:00,0.502721845148592
2025-11-05 11:00:00,0.5053466097686544
2025-11-05 12:00:00,0.4089863227925572
2025-11-05 13:00:00,0.5582105956191444
2025-11-05 14:00:00,0.5744816075460177
2025-11-05 15:00:00,0.3374299665616721
2025-11-05 16:00:00,0.23802808567619502
2025-11-05 17:00:00,0.6716864346633769
2025-11-05 18:00:00,0.17519351365489297
2025-11-05 19:00:00,0.2981100221373966
2025-11-05 20:00:00,0.6199072776019595
2025-11-05 21:00:00,0.754757986048282
2025-11-05 22:00:00,1.0
2025-11-05 23:00:00,1.0
2025-11-06 00:00:00,1.0
2025-11-06 01:00:00,1.0
2025-11-06 02:00:00,1.0
2025-11-06 03:00:00,1.0
2025-11-06 04:00:00,1.0
2025-11-06 05:00:00,0.755271826052411
2025-11-06 06:00:00,0.30192126446906675
2025-11-06 07:00:00,0.31830308261780216
2025-11-06 08:00:00,0.07434883464716646
2025-11-06 09:00:00,0.04279197998305977
2025-11-06 10:00:00,0.0
2025-11-06 11:00:00,0.003617760883622422
2025-11-06 12:00:00,0.053127753331959425
2025-11-06 13:00:00,0.06394935057319204
2025-11-06 14:00:00,0.35595179780272246
2025-11-06 15:00:00,0.7468553031991713
2025-11-06 16:00:00,0.8407383357510667
2025-11-06 17:00:00,0.6802999078281272
2025-11-06 18:00:00,0.47985792154040474
2025-11-06 19:00:00,0.6042460082018049
2025-11-06 20:00:00,0.48622930857998486
2025-11-06 21:00:00,0.6058930048215418
2025-11-06 22:00:00,0.7590630919455403
2025-11-06 23:00:00,0.5758762965226081
2025-11-07 00:00:00,0.9411462782251019
2025-11-07 01:00:00,0.7127077923117621
2025-11-07 02:00:00,0.6277282742080929
2025-11-07 03:00:00,0.285967416586512
2025-11-07 04:00:00,0.2130908350311685
2025-11-07 05:00:00,0.8329952744165721
2025-11-07 06:00:00,0.41802371237049846
2025-11-07 07:00:00,0.49990395498164014
2025-11-07 08:00:00,0.32626796445628026
2025-11-07 09:00:00,0.02828870190133029
2025-11-07 10:00:00,0.07140046658795451
2025-11-07 11:00:00,0.03620548564170041
2025-11-07 12:00:00,0.0634987623277447
2025-11-07 13:00:00,0.185630966292173
2025-11-07 14:00:00,0.2168081979443672
2025-11-07 15:00:00,0.26635494009770216
2025-11-07 16:00:00,0.11428952963868332
2025-11-07 17:00:00,0.21782006823310265
2025-11-07 18:00:00,0.1748236489242328
2025-11-07 19:00:00,0.0112021573769527
2025-11-07 20:00:00,0.0575471441172583
2025-11-07 21:00:00,0.19753991226122045
2025-11-07 22:00:00,0.5438843970749352
2025-11-07 23:00:00,1.0
2025-11-08 00:00:00,1.0
2025-11-08 01:00:00,1.0
2025-11-08 02:00:00,1.0
2025-11-08 03:00:00,1.0
2025-11-08 04:00:00,0.4387774377739689
2025-11-08 05:00:00,0.2801742560574457
2025-11-08 06:00:00,0.6102285687016984
2025-11-08 07:00:00,0.3482017397322955
2025-11-08 08:00:00,0.43693492111716664
2025-11-08 09:00:00,0.5642152372462552
2025-11-08 10:00:00,0.5777923392596324
2025-11-08 11:00:00,0.2035444002572825
2025-11-08 12:00:00,0.2558419883926968
2025-11-08 13:00:00,0.16721988133707255
2025-11-08 14:00:00,0.5619189707260195
2025-11-08 15:00:00,0.9378866041492518
2025-11-08 16:00:00,0.6502596789120555
2025-11-08 17:00:00,1.0
2025-11-08 18:00:00,1.0
2025-11-08 19:00:00,0.466428217134912
2025-11-08 20:00:00,0.3955576612055908
2025-11-08 21:00:00,0.9380127136475784
2025-11-08 22:00:00,0.5024826371546903
2025-11-08 23:00:00,0.4274094673158327
2025-11-09 00:00:00,0.12871624912517488
2025-11-09 01:00:00,0.02848017330254489
2025-11-09 02:00:00,0.006472118179544449
2025-11-09 03:00:00,2.959430357368006e-06
2025-11-09 04:00:00,0.0
2025-11-09 05:00:00,0.027022159412942424
2025-11-09 06:00:00,0.030751294397858217
2025-11-09 07:00:00,0.09782167234830706
2025-11-09 08:00:00,0.26707460080607115
2025-11-09 09:00:00,0.08862949780326769
2025-11-09 10:00:00,0.030732143098884182
2025-11-09 11:00:00,0.09572870796580395
2025-11-09 12:00:00,0.045200366664226735
2025-11-09 13:00:00,0.11423375572863236
2025-11-09 14:00:00,0.44358280354901997
2025-11-09 15:00:00,0.1215802443812647
2025-11-09 16:00:00,0.08295774828551172
2025-11-09 17:00:00,0.06840603429462333
2025-11-09 18:00:00,0.03606602443743014
2025-11-09 19:00:00,0.014924056672367257
2025-11-09 20:00:00,0.006810458191088844
2025-11-09 21:00:00,0.01025415971403531
2025-11-09 22:00:00,0.02010391566280948
2025-11-09 23:00:00,0.09186933906779354
2025-11-10 00:00:00,0.09287838989352964
2025-11-10 01:00:00,0.26444064142703466
2025-11-10 02:00:00,0.1481718307109379
2025-11-10 03:00:00,0.0349401580966211
2025-11-10 04:00:00,0.025201375588466964
2025-11-10 05:00:00,0.059187316502367866
2025-11-10 06:00:00,0.159574998501756
2025-11-10 07:00:00,0.4727559162533215
2025-11-10 08:00:00,0.5090569446251686
2025-11-10 09:00:00,0.7109538282404329
2025-11-10 10:00:00,1.0
2025-11-10 11:00:00,0.7087151877033321
2025-11-10 12:00:00,0.5453790316788643
2025-11-10 13:00:00,1.0
2025-11-10 14:00:00,1.0
2025-11-10 15:00:00,1.0
2025-11-10 16:00:00,1.0
2025-11-10 17:00:00,1.0
2025-11-10 18:00:00,0.7399802807938364
2025-11-10 19:00:00,0.3371371560911945
2025-11-10 20:00:00,0.4134555087866143
2025-11-10 21:00:00,0.28595232830867273
2025-11-10 22:00:00,0.28497827102375767
2025-11-10 23:00:00,0.20556909499818676
2025-11-11 00:00:00,0.030652211616961862
2025-11-11 01:00:00,0.10913401273749852
2025-11-11 02:00:00,0.006597942214837887
2025-11-11 03:00:00,0.0009336631404370453
2025-11-11 04:00:00,0.0
2025-11-11 05:00:00,0.0
2025-11-11 06:00:00,0.0
2025-11-11 07:00:00,0.0071050910056964485
2025-11-11 08:00:00,0.0
2025-11-11 09:00:00,0.0
2025-11-11 10:00:00,0.0
2025-11-11 11:00:00,0.0
2025-11-11 12:00:00,0.0
2025-11-11 13:00:00,0.0
2025-11-11 14:00:00,0.0
2025-11-11 15:00:00,0.0
2025-11-11 16:00:00,0.0
2025-11-11 17:00:00,0.0
2025-11-11 18:00:00,0.0
2025-11-11 19:00:00,0.0
2025-11-11 20:00:00,0.0
2025-11-11 21:00:00,0.0
2025-11-11 22:00:00,0.0
2025-11-11 23:00:00,0.0
2025-11-12 00:00:00,0.0
2025-11-12 01:00:00,0.009282481976953668
2025-11-12 02:00:00,0.0673557681618841
2025-11-12 03:00:00,0.07025251794417604
2025-11-12 04:00:00,0.2242660061418274
2025-11-12 05:00:00,0.07781734679734961
2025-11-12 06:00:00,0.3891746064395047
2025-11-12 07:00:00,0.1542390476520871
2025-11-12 08:00:00,0.007433956357190107
2025-11-12 09:00:00,0.09245170122474185
2025-11-12 10:00:00,0.038861262357949455
2025-11-12 11:00:00,0.05229520035437939
2025-11-12 12:00:00,0.009946400525557907
2025-11-12 13:00:00,0.2571071354116531
2025-11-12 14:00:00,0.7904695468795271
2025-11-12 15:00:00,1.0
2025-11-12 16:00:00,1.0
2025-11-12 17:00:00,1.0
2025-11-12 18:00:00,1.0
2025-11-12 19:00:00,1.0
2025-11-12 20:00:00,1.0
2025-11-12 21:00:00,1.0
2025-11-12 22:00:00,1.0
2025-11-12 23:00:00,1.0
2025-11-13 00:00:00,0.7138393022974702
2025-11-13 01:00:00,0.6961619407118517
2025-11-13 02:00:00,0.4799164200058996
2025-11-13 03:00:00,0.5835248723109453
2025-11-13 04:00:00,0.3762240871578961
2025-11-13 05:00:00,0.574373891980343
2025-11-13 06:00:00,1.0
2025-11-13 07:00:00,1.0
2025-11-13 08:00:00,1.0
2025-11-13 09:00:00,1.0
2025-11-13 10:00:00,1.0
2025-11-13 11:00:00,1.0
2025-11-13 12:00:00,1.0
2025-11-13 13:00:00,0.9871914302084811
2025-11-13 14:00:00,0.6043647129440934
2025-11-13 15:00:00,0.27739921522228117
2025-11-13 16:00:00,0.01997500046605179
2025-11-13 17:00:00,0.10032167060333923
2025-11-13 18:00:00,0.0039794269559211585
2025-11-13 19:00:00,0.04183234030273137
2025-11-13 20:00:00,0.3828635651912557
2025-11-13 21:00:00,0.18897356030468676
2025-11-13 22:00:00,0.2510957077165911
2025-11-13 23:00:00,0.16758668800369483
2025-11-14 00:00:00,0.32273150597089173
2025-11-14 01:00:00,0.1026130755568882
2025-11-14 02:00:00,0.09078491749020129
2025-11-14 03:00:00,0.26411239342243864
2025-11-14 04:00:00,0.23759015012185497
2025-11-14 05:00:00,0.037871870536760124
2025-11-14 06:00:00,0.17508619010048232
2025-11-14 07:00:00,0.03840214295186601
2025-11-14 08:00:00,0.049369903016826186
2025-11-14 09:00:00,0.10882588443895656
2025-11-14 10:00:00,0.12481592036799256
2025-11-14 11:00:00,0.7866702137808195
2025-11-14 12:00:00,1.0
2025-11-14 13:00:00,0.7768921531981932
2025-11-14 14:00:00,0.9353533744824639
2025-11-14 15:00:00,0.899380547016661
2025-11-14 16:00:00,0.7945790279238708
2025-11-14 17:00:00,0.7897484114929512
2025-11-14 18:00:00,0.5305827889780896
2025-11-14 19:00:00,0.5397429798893684
2025-11-14 20:00:00,0.34083943197955385
2025-11-14 21:00:00,0.047609501885850766
2025-11-14 22:00:00,0.18177118398984213
2025-11-14 23:00:00,0.10091470259917702
2025-11-15 00:00:00,0.1208509714108664
2025-11-15 01:00:00,0.049876022300842454
2025-11-15 02:00:00,0.017468328676951826
2025-11-15 03:00:00,0.0013342030969896055
2025-11-15 04:00:00,0.029175278941617512
2025-11-15 05:00:00,0.1456910838758866
2025-11-15 06:00:00,0.14732928845587853
2025-11-15 07:00:00,0.08281349497915022
2025-11-15 08:00:00,0.004059258041835089
2025-11-15 09:00:00,0.034896705091109835
2025-11-15 10:00:00,0.012367852935937347
2025-11-15 11:00:00,0.00036730201597674484
2025-11-15 12:00:00,0.001710546794175349
2025-11-15 13:00:00,0.0010621469180417892
2025-11-15 14:00:00,0.0
2025-11-15 15:00:00,0.0
2025-11-15 16:00:00,0.0
2025-11-15 17:00:00,0.0
2025-11-15 18:00:00,0.0
2025-11-15 19:00:00,7.346438067486934e-05
2025-11-15 20:00:00,0.01820263872454357
2025-11-15 21:00:00,0.003234728535561204
2025-11-15 22:00:00,0.010978651749785
2025-11-15 23:00:00,0.04548937766390798
2025-11-16 00:00:00,0.0192680189434581
2025-11-16 01:00:00,0.11095253716832171
2025-11-16 02:00:00,0.008461155034567711
2025-11-16 03:00:00,0.0008382865126049216
2025-11-16 04:00:00,0.0
2025-11-16 05:00:00,0.0
2025-11-16 06:00:00,0.0
2025-11-16 07:00:00,8.147870656582768e-05
2025-11-16 08:00:00,0.0002551608670289191
2025-11-16 09:00:00,4.6990575836992107e-07
2025-11-16 10:00:00,0.0
2025-11-16 11:00:00,0.0
2025-11-16 12:00:00,0.0
2025-11-16 13:00:00,6.8523999509521445e-06
2025-11-16 14:00:00,0.0
2025-11-16 15:00:00,0.015783666916754938
2025-11-16 16:00:00,0.0016040635297766002
2025-11-16 17:00:00,0.000737684619440242
2025-11-16 18:00:00,0.0005208785408230992
2025-11-16 19:00:00,0.05445259720125568
2025-11-16 20:00:00,0.07092602034632091
2025-11-16 21:00:00,0.0018028919505609995
2025-11-16 22:00:00,0.03257570312352449
2025-11-16 23:00:00,0.2709286990871911
2025-11-17 00:00:00,0.20836413646917504
2025-11-17 01:00:00,0.08150663348456309
2025-11-17 02:00:00,0.2011068254927864
2025-11-17 03:00:00,0.7476138903864198
2025-11-17 04:00:00,1.0
2025-11-17 05:00:00,0.3243406050335339
2025-11-17 06:00:00,0.5036597098723767
2025-11-17 07:00:00,0.5811597927876123
2025-11-17 08:00:00,0.263886185903233
2025-11-17 09:00:00,0.6016394277805946
2025-11-17 10:00:00,0.6906965427817247
2025-11-17 11:00:00,1.0
2025-11-17 12:00:00,0.5771892045543064
2025-11-17 13:00:00,0.6514332028919083
2025-11-17 14:00:00,0.3151763904342095
2025-11-17 15:00:00,0.34987826369272296
2025-11-17 16:00:00,0.8114751241943419
2025-11-17 17:00:00,0.2754185380113219
2025-11-17 18:00:00,0.06710369326544391
2025-11-17 19:00:00,0.1918023220446964
2025-11-17 20:00:00,0.18253003821355793
2025-11-17 21:00:00,0.4350442691928875
2025-11-17 22:00:00,0.2128183524377925
2025-11-17 23:00:00,0.2122652068804387
2025-11-18 00:00:00,0.35049876944628894
2025-11-18 01:00:00,0.3742999535509685
2025-11-18 02:00:00,0.06329026808712528
2025-11-18 03:00:00,0.6912069564782518
2025-11-18 04:00:00,0.6866624075723163
2025-11-18 05:00:00,0.23754423144687437
2025-11-18 06:00:00,0.28880146936102385
2025-11-18 07:00:00,0.36989973998624415
2025-11-18 08:00:00,0.6449534743839002
2025-11-18 09:00:00,0.953622675195445
2025-11-18 10:00:00,0.7306102398141527
2025-11-18 11:00:00,0.18687131851173097
2025-11-18 12:00:00,0.2657320642455678
2025-11-18 13:00:00,0.04403774189909194
2025-11-18 14:00:00,0.18811468550196253
2025-11-18 15:00:00,0.08705728074769949
2025-11-18 16:00:00,0.1722893450407933
2025-11-18 17:00:00,0.08588133621987287
2025-11-18 18:00:00,0.04866065125390922
2025-11-18 19:00:00,0.014637976071862494
2025-11-18 20:00:00,0.05994292509930494
2025-11-18 21:00:00,0.02659253662227932
2025-11-18 22:00:00,0.09031365258674313
2025-11-18 23:00:00,0.04453151284491433
2025-11-19 00:00:00,0.03665122945634915
2025-11-19 01:00:00,0.04507230393811372
2025-11-19 02:00:00,0.06264007657263765
2025-11-19 03:00:00,0.016119056914959608
2025-11-19 04:00:00,0.06251897973291697
2025-11-19 05:00:00,0.04759696863885894
2025-11-19 06:00:00,0.1030022378246798
2025-11-19 07:00:00,0.10387520581865106
2025-11-19 08:00:00,0.18797187707820348
2025-11-19 09:00:00,0.12288308254387915
2025-11-19 10:00:00,0.048749578887546226
2025-11-19 11:00:00,0.09212796223698824
2025-11-19 12:00:00,0.05239891799194008
2025-11-19 13:00:00,0.2543127840243953
2025-11-19 14:00:00,0.25308312422516294
2025-11-19 15:00:00,0.058736785104597435
2025-11-19 16:00:00,0.02757399536281125
2025-11-19 17:00:00,0.0036821663164961645
2025-11-19 18:00:00,0.05095207867676396
2025-11-19 19:00:00,0.1365508368707097
2025-11-19 20:00:00,0.12809909366351285
2025-11-19 21:00:00,0.16957686031815086
2025-11-19 22:00:00,0.15253865602448302
2025-11-19 23:00:00,0.31003205154074565
2025-11-20 00:00:00,0.421536107325074
2025-11-20 01:00:00,0.6014578516629092
2025-11-20 02:00:00,0.47164789721312983
2025-11-20 03:00:00,0.2683565746454144
2025-11-20 04:00:00,0.41169026921367136
2025-11-20 05:00:00,0.9486517871108845
2025-11-20 06:00:00,1.0
2025-11-20 07:00:00,1.0
2025-11-20 08:00:00,1.0
2025-11-20 09:00:00,1.0
2025-11-20 10:00:00,0.5772596330710279
2025-11-20 11:00:00,1.0
2025-11-20 12:00:00,0.29643824011214237
2025-11-20 13:00:00,0.7419257450420071
2025-11-20 14:00:00,0.3936001659287888
2025-11-20 15:00:00,1.0
2025-11-20 16:00:00,0.9157343201095401
2025-11-20 17:00:00,1.0
2025-11-20 18:00:00,1.0
2025-11-20 19:00:00,1.0
2025-11-20 20:00:00,1.0
2025-11-20 21:00:00,0.8335095059901224
2025-11-20 22:00:00,0.38730418117798965
2025-11-20 23:00:00,0.2764505224579014
2025-11-21 00:00:00,0.16223795469491994
2025-11-21 01:00:00,0.03613139847857566
2025-11-21 02:00:00,0.030718613869307056
2025-11-21 03:00:00,0.06853166330940942
2025-11-21 04:00:00,0.0192461632196683
2025-11-21 05:00:00,0.018602328087491467
2025-11-21 06:00:00,0.14694336138419165
2025-11-21 07:00:00,0.02339802999813271
2025-11-21 08:00:00,0.2566465201255327
2025-11-21 09:00:00,0.13200347682998606
2025-11-21 10:00:00,0.16054921765210883
2025-11-21 11:00:00,0.4335151964493011
2025-11-21 12:00:00,1.0
2025-11-21 13:00:00,1.0
2025-11-21 14:00:00,0.6400827793369137
2025-11-21 15:00:00,0.33490309999941803
2025-11-21 16:00:00,0.1941033994282996
2025-11-21 17:00:00,0.7097370652063272
2025-11-21 18:00:00,0.491615521572018
2025-11-21 19:00:00,0.543999156313361
2025-11-21 20:00:00,0.22627440884308067
2025-11-21 21:00:00,0.06596380360332442
2025-11-21 22:00:00,0.07375596636571662
2025-11-21 23:00:00,0.05220983426758737
2025-11-22 00:00:00,0.041548095224812634
2025-11-22 01:00:00,0.0014207102350695022
2025-11-22 02:00:00,0.0027523702106091244
2025-11-22 03:00:00,0.08528440847620797
2025-11-22 04:00:00,0.02781196556393822
2025-11-22 05:00:00,0.1080066707390432
2025-11-22 06:00:00,0.0
2025-11-22 07:00:00,0.0
2025-11-22 08:00:00,0.0
2025-11-22 09:00:00,0.0
2025-11-22 10:00:00,0.0005635380596990412
2025-11-22 11:00:00,0.0
2025-11-22 12:00:00,0.0001741690810567975
2025-11-22 13:00:00,0.02848158273181177
2025-11-22 14:00:00,0.1721913572655708
2025-11-22 15:00:00,0.11291581944801787
2025-11-22 16:00:00,0.0014048526616049833
2025-11-22 17:00:00,0.0
2025-11-22 18:00:00,0.005950520528934078
2025-11-22 19:00:00,0.18548884463479492
2025-11-22 20:00:00,0.17140470912258762
2025-11-22 21:00:00,0.09021538207106046
2025-11-22 22:00:00,0.6400456365296937
2025-11-22 23:00:00,0.7188780241547102
2025-11-23 00:00:00,0.27638844363146925
2025-11-23 01:00:00,0.23561470148686858
2025-11-23 02:00:00,0.46960128671818996
2025-11-23 03:00:00,0.4038809339126107
2025-11-23 04:00:00,0.6179369924143863
2025-11-23 05:00:00,0.16239566478678952
2025-11-23 06:00:00,0.0267402393967391
2025-11-23 07:00:00,0.0075193667261077134
2025-11-23 08:00:00,0.005829856609638847
2025-11-23 09:00:00,0.019744029711510513
2025-11-23 10:00:00,0.06543954989634138
2025-11-23 11:00:00,0.5781959903941916
2025-11-23 12:00:00,0.308823216318345
2025-11-23 13:00:00,0.22320303584828496
2025-11-23 14:00:00,0.1084136232414835
2025-11-23 15:00:00,0.29281250999339536
2025-11-23 16:00:00,0.5965317126661156
2025-11-23 17:00:00,0.3941237215151977
2025-11-23 18:00:00,1.0
2025-11-23 19:00:00,0.6984263481843956
2025-11-23 20:00:00,1.0
2025-11-23 21:00:00,1.0
2025-11-23 22:00:00,0.7770369553585431
2025-11-23 23:00:00,0.9328568528572014
2025-11-24 00:00:00,0.10359686651983094
2025-11-24 01:00:00,0.23223644628518944
2025-11-24 02:00:00,0.07277766723947789
2025-11-24 03:00:00,0.1439217016852563
2025-11-24 04:00:00,0.2769752838600998
2025-11-24 05:00:00,0.5697121728297546
2025-11-24 06:00:00,0.8554947872608735
2025-11-24 07:00:00,0.7676339818769252
2025-11-24 08:00:00,0.5335433635428225
2025-11-24 09:00:00,0.4548341512688152
2025-11-24 10:00:00,0.170026204182366
2025-11-24 11:00:00,0.1360484503727541
2025-11-24 12:00:00,0.10065177420817134
2025-11-24 13:00:00,0.03802638744917039
2025-11-24 14:00:00,0.00019640002710203522
2025-11-24 15:00:00,0.0
2025-11-24 16:00:00,0.0
2025-11-24 17:00:00,0.0
2025-11-24 18:00:00,0.0
2025-11-24 19:00:00,0.0
2025-11-24 20:00:00,0.0
2025-11-24 21:00:00,0.0
2025-11-24 22:00:00,0.0
2025-11-24 23:00:00,0.0
2025-11-25 00:00:00,0.0
2025-11-25 01:00:00,0.0
2025-11-25 02:00:00,0.0
2025-11-25 03:00:00,0.0
2025-11-25 04:00:00,0.0
2025-11-25 05:00:00,0.0001646633655447771
2025-11-25 06:00:00,0.0049186200000801965
2025-11-25 07:00:00,0.004252643944679317
2025-11-25 08:00:00,0.21659082159825355
2025-11-25 09:00:00,0.4476835179832078
2025-11-25 10:00:00,0.09293939493977661
2025-11-25 11:00:00,0.06080565060410091
2025-11-25 12:00:00,0.5641082752605557
2025-11-25 13:00:00,0.24780943385741186
2025-11-25 14:00:00,0.2482739778718548
2025-11-25 15:00:00,0.5664056689751358
2025-11-25 16:00:00,0.7479709911839568
2025-11-25 17:00:00,1.0
2025-11-25 18:00:00,1.0
2025-11-25 19:00:00,1.0
2025-11-25 20:00:00,0.6005552579975663
2025-11-25 21:00:00,0.6939293051156474
2025-11-25 22:00:00,0.4746179702252916
2025-11-25 23:00:00,0.3032992845619208
2025-11-26 00:00:00,0.7573663935711151
2025-11-26 01:00:00,0.5262640365889745
2025-11-26 02:00:00,1.0
2025-11-26 03:00:00,1.0
2025-11-26 04:00:00,0.9351556498240983
2025-11-26 05:00:00,0.24038845171312667
2025-11-26 06:00:00,0.9230254362281102
2025-11-26 07:00:00,0.7974204861476837
2025-11-26 08:00:00,0.12414977523174568
2025-11-26 09:00:00,0.30035624025702123
2025-11-26 10:00:00,0.2698452354283118
2025-11-26 11:00:00,0.10689926943575342
2025-11-26 12:00:00,0.25994096571788516
2025-11-26 13:00:00,0.006989085935045112
2025-11-26 14:00:00,0.0010668566331271242
2025-11-26 15:00:00,0.0008013668178062512
2025-11-26 16:00:00,0.02222863589166188
2025-11-26 17:00:00,0.3251838594950135
2025-11-26 18:00:00,0.24903539763158966
2025-11-26 19:00:00,0.3383573058100359
2025-11-26 20:00:00,1.0
2025-11-26 21:00:00,1.0
2025-11-26 22:00:00,1.0
2025-11-26 23:00:00,0.5919552611692874
2025-11-27 00:00:00,1.0
2025-11-27 01:00:00,0.8865250782148496
2025-11-27 02:00:00,0.8922977783299384
2025-11-27 03:00:00,0.8840518520269547
2025-11-27 04:00:00,0.8058552199784208
2025-11-27 05:00:00,0.5421865181020193
2025-11-27 06:00:00,0.5663587316644296
2025-11-27 07:00:00,1.0
2025-11-27 08:00:00,1.0
2025-11-27 09:00:00,1.0
2025-11-27 10:00:00,1.0
2025-11-27 11:00:00,0.8633211602866037
2025-11-27 12:00:00,1.0
2025-11-27 13:00:00,1.0
2025-11-27 14:00:00,1.0
2025-11-27 15:00:00,1.0
2025-11-27 16:00:00,1.0
2025-11-27 17:00:00,1.0
2025-11-27 18:00:00,1.0
2025-11-27 19:00:00,1.0
2025-11-27 20:00:00,1.0
2025-11-27 21:00:00,1.0
2025-11-27 22:00:00,1.0
2025-11-27 23:00:00,1.0
2025-11-28 00:00:00,1.0
2025-11-28 01:00:00,1.0
2025-11-28 02:00:00,1.0
2025-11-28 03:00:00,1.0
2025-11-28 04:00:00,1.0
2025-11-28 05:00:00,1.0
2025-11-28 06:00:00,1.0
2025-11-28 07:00:00,1.0
2025-11-28 08:00:00,1.0
2025-11-28 09:00:00,1.0
2025-11-28 10:00:00,1.0
2025-11-28 11:00:00,1.0
2025-11-28 12:00:00,1.0
2025-11-28 13:00:00,0.7844407868806336
2025-11-28 14:00:00,0.5802244614351643
2025-11-28 15:00:00,0.13796388622444802
2025-11-28 16:00:00,0.12265695214554916
2025-11-28 17:00:00,0.036128607196006524
2025-11-28 18:00:00,0.04942610598706405
2025-11-28 19:00:00,0.017616551834077832
2025-11-28 20:00:00,0.0
2025-11-28 21:00:00,0.05484821544290782
2025-11-28 22:00:00,0.04460338591293188
2025-11-28 23:00:00,0.2377569694400373
2025-11-29 00:00:00,0.14146475450378146
2025-11-29 01:00:00,0.5372549234905467
2025-11-29 02:00:00,0.20168908215890624
2025-11-29 03:00:00,0.22755603394215662
2025-11-29 04:00:00,0.07119355973157208
2025-11-29 05:00:00,0.6629429783065022
2025-11-29 06:00:00,0.5014446476020307
2025-11-29 07:00:00,0.7528907168539437
2025-11-29 08:00:00,0.8535789742733636
2025-11-29 09:00:00,0.7335114847390003
2025-11-29 10:00:00,0.8656200084884679
2025-11-29 11:00:00,1.0
2025-11-29 12:00:00,1.0
2025-11-29 13:00:00,1.0
2025-11-29 14:00:00,1.0
2025-11-29 15:00:00,1.0
2025-11-29 16:00:00,1.0
2025-11-29 17:00:00,0.701084091089022
2025-11-29 18:00:00,0.29248713662921394
2025-11-29 19:00:00,0.1068046661422827
2025-11-29 20:00:00,0.03536104261235512
2025-11-29 21:00:00,0.00830641577851071
2025-11-29 22:00:00,0.012280785285024581
2025-11-29 23:00:00,0.02771123721324944
2025-11-30 00:00:00,0.049288443797346225
2025-11-30 01:00:00,0.01698516602749638
2025-11-30 02:00:00,0.0941265864440418
2025-11-30 03:00:00,0.16997436493786577
2025-11-30 04:00:00,0.5576194243426567
2025-11-30 05:00:00,0.8279837092666505
2025-11-30 06:00:00,0.5877551806409813
2025-11-30 07:00:00,1.0
2025-11-30 08:00:00,1.0
2025-11-30 09:00:00,1.0
2025-11-30 10:00:00,1.0
2025-11-30 11:00:00,1.0
2025-11-30 12:00:00,1.0
2025-11-30 13:00:00,0.9376129407480635
2025-11-30 14:00:00,0.4871812641171103
2025-11-30 15:00:00,0.060253770716707865
2025-11-30 16:00:00,0.023436955482547015
2025-11-30 17:00:00,0.04086591554706773
2025-11-30 18:00:00,0.1657455134958558
2025-11-30 19:00:00,0.3198511427054689
2025-11-30 20:00:00,0.238394426663131
2025-11-30 21:00:00,0.12036171980339957
2025-11-30 22:00:00,0.10124381179007164
2025-11-30 23:00:00,0.028221680164367994
2025-12-01 00:00:00,0.0
2025-12-01 01:00:00,0.0
2025-12-01 02:00:00,0.00031338175130153655
2025-12-01 03:00:00,0.08163163417314569
2025-12-01 04:00:00,0.1881832171060673
2025-12-01 05:00:00,0.1742206685619143
2025-12-01 06:00:00,0.03141365577932827
2025-12-01 07:00:00,0.029505509965911753
2025-12-01 08:00:00,0.08303367934011771
2025-12-01 09:00:00,0.20366410291761616
2025-12-01 10:00:00,0.3443763235888225
2025-12-01 11:00:00,0.7096111909719118
2025-12-01 12:00:00,1.0
2025-12-01 13:00:00,1.0
2025-12-01 14:00:00,1.0
2025-12-01 15:00:00,1.0
2025-12-01 16:00:00,0.6266580579750016
2025-12-01 17:00:00,0.63029931736637
2025-12-01 18:00:00,0.7761505423793778
2025-12-01 19:00:00,0.6110924719590521
2025-12-01 20:00:00,0.3908337774481634
2025-12-01 21:00:00,1.0
2025-12-01 22:00:00,0.8314127078437256
2025-12-01 23:00:00,0.37871063731721155
2025-12-02 00:00:00,0.9918895443033969
2025-12-02 01:00:00,1.0
2025-12-02 02:00:00,1.0
2025-12-02 03:00:00,1.0
2025-12-02 04:00:00,0.7028687692104286
2025-12-02 05:00:00,0.6533461900276286
2025-12-02 06:00:00,0.1878828482205248
2025-12-02 07:00:00,0.2271972191423982
2025-12-02 08:00:00,0.36524093819851305
2025-12-02 09:00:00,0.6856031674132309
2025-12-02 10:00:00,0.5729883108852142
2025-12-02 11:00:00,0.8030527084772364
2025-12-02 12:00:00,0.3947147482417487
2025-12-02 13:00:00,0.681162877146458
2025-12-02 14:00:00,0.887983128269046
2025-12-02 15:00:00,0.4744151718612674
2025-12-02 16:00:00,0.6062406148340296
2025-12-02 17:00:00,1.0
2025-12-02 18:00:00,0.9094243961232937
2025-12-02 19:00:00,0.4800359439919633
2025-12-02 20:00:00,0.48982546919907705
2025-12-02 21:00:00,0.6309146988068028
2025-12-02 22:00:00,0.31671809867671397
2025-12-02 23:00:00,0.11951190806771615
2025-12-03 00:00:00,0.20296522507948372
2025-12-03 01:00:00,0.37985781234883115
2025-12-03 02:00:00,1.0
2025-12-03 03:00:00,1.0
2025-12-03 04:00:00,0.6522349324748823
2025-12-03 05:00:00,1.0
2025-12-03 06:00:00,1.0
2025-12-03 07:00:00,0.6792771692898043
2025-12-03 08:00:00,0.29566158442547663
2025-12-03 09:00:00,0.18295683269048027
2025-12-03 10:00:00,0.3560908021507728
2025-12-03 11:00:00,0.021915188616468385
2025-12-03 12:00:00,0.022987869388923794
2025-12-03 13:00:00,0.08747716182243051
2025-12-03 14:00:00,0.0
2025-12-03 15:00:00,0.003287315936994895
2025-12-03 16:00:00,0.038161142422722505
2025-12-03 17:00:00,0.009231373770934002
2025-12-03 18:00:00,7.724273905340874e-05
2025-12-03 19:00:00,0.0
2025-12-03 20:00:00,0.0
2025-12-03 21:00:00,0.0
2025-12-03 22:00:00,0.0
2025-12-03 23:00:00,0.0
2025-12-04 00:00:00,0.0
2025-12-04 01:00:00,0.0
2025-12-04 02:00:00,6.124305368194987e-05
2025-12-04 03:00:00,6.969795942157956e-06
2025-12-04 04:00:00,0.007876901879177245
2025-12-04 05:00:00,0.09456818887434107
2025-12-04 06:00:00,0.06056362707330583
2025-12-04 07:00:00,0.1560058812468809
2025-12-04 08:00:00,0.3025010971253498
2025-12-04 09:00:00,0.3884815174076713
2025-12-04 10:00:00,1.0
2025-12-04 11:00:00,0.5667777771800389
2025-12-04 12:00:00,0.3811649336838637
2025-12-04 13:00:00,0.18645122511929726
2025-12-04 14:00:00,0.33254995004137794
2025-12-04 15:00:00,0.24954031104852664
2025-12-04 16:00:00,0.1245570789945437
2025-12-04 17:00:00,0.4939204130607027
2025-12-04 18:00:00,1.0
2025-12-04 19:00:00,0.9022402830595712
2025-12-04 20:00:00,0.3231412913232368
2025-12-04 21:00:00,0.9799634164607828
2025-12-04 22:00:00,1.0
2025-12-04 23:00:00,1.0
2025-12-05 00:00:00,1.0
2025-12-05 01:00:00,0.5771833611808364
2025-12-05 02:00:00,0.3906791383455682
2025-12-05 03:00:00,0.5691399181860853
2025-12-05 04:00:00,0.3757429446549397
2025-12-05 05:00:00,0.4705606039259073
2025-12-05 06:00:00,0.43151008608904984
2025-12-05 07:00:00,0.16660204417125965
2025-12-05 08:00:00,0.5707847355058943
2025-12-05 09:00:00,0.7359276162215559
2025-12-05 10:00:00,0.7868104927264745
2025-12-05 11:00:00,0.9423054703758722
2025-12-05 12:00:00,0.24406711341944803
2025-12-05 13:00:00,0.14912343938571598
2025-12-05 14:00:00,0.01879637317853859
2025-12-05 15:00:00,0.031026950929621117
2025-12-05 16:00:00,0.06052048469289337
2025-12-05 17:00:00,0.0801600274969649
2025-12-05 18:00:00,0.2691449589366094
2025-12-05 19:00:00,0.052689494089896
2025-12-05 20:00:00,0.016042345583672925
2025-12-05 21:00:00,0.04365966846274918
2025-12-05 22:00:00,0.07197993553359355
2025-12-05 23:00:00,0.007966551807309196
2025-12-06 00:00:00,0.08611684518241113
2025-12-06 01:00:00,0.37131389036107093
2025-12-06 02:00:00,0.46404785371123286
2025-12-06 03:00:00,0.11642968176536847
2025-12-06 04:00:00,0.1411343520541491
2025-12-06 05:00:00,0.1962346669506819
2025-12-06 06:00:00,0.1482608700131145
2025-12-06 07:00:00,0.44531133900829206
2025-12-06 08:00:00,0.37418809986695806
2025-12-06 09:00:00,1.0
2025-12-06 10:00:00,1.0
2025-12-06 11:00:00,1.0
2025-12-06 12:00:00,1.0
2025-12-06 13:00:00,1.0
2025-12-06 14:00:00,1.0
2025-12-06 15:00:00,1.0
2025-12-06 16:00:00,1.0
2025-12-06 17:00:00,0.7998580823926273
2025-12-06 18:00:00,0.10070538696716114
2025-12-06 19:00:00,0.1268222828126574
2025-12-06 20:00:00,0.0842236959057671
2025-12-06 21:00:00,0.059302436060579666
2025-12-06 22:00:00,0.1981570026247285
2025-12-06 23:00:00,0.17439742789658652
2025-12-07 00:00:00,0.6978534055746335
2025-12-07 01:00:00,0.4256934676200161
2025-12-07 02:00:00,0.17734702764591673
2025-12-07 03:00:00,0.0395197567491554
2025-12-07 04:00:00,0.11462862818608507
2025-12-07 05:00:00,0.3298387159753954
2025-12-07 06:00:00,0.18724272448439416
2025-12-07 07:00:00,0.05641015796904764
2025-12-07 08:00:00,0.2937425559246977
2025-12-07 09:00:00,0.0638725113586112
2025-12-07 10:00:00,0.20427572243400743
2025-12-07 11:00:00,0.113644201877872
2025-12-07 12:00:00,0.17424840542799994
2025-12-07 13:00:00,0.4109405641323858
2025-12-07 14:00:00,0.5225970827716501
2025-12-07 15:00:00,0.3845416072955219
2025-12-07 16:00:00,0.8593442272917451
2025-12-07 17:00:00,0.883316695382877
2025-12-07 18:00:00,1.0
2025-12-07 19:00:00,1.0
2025-12-07 20:00:00,0.507083606608461
2025-12-07 21:00:00,0.8414855034282888
2025-12-07 22:00:00,0.7235347132411494
2025-12-07 23:00:00,0.997977424064618
2025-12-08 00:00:00,0.4452493124450262
2025-12-08 01:00:00,0.42249746741190164
2025-12-08 02:00:00,0.5287703135964026
2025-12-08 03:00:00,0.32400857843080483
2025-12-08 04:00:00,0.36126213505705396
2025-12-08 05:00:00,0.09587509177834587
2025-12-08 06:00:00,0.15257188045767253
2025-12-08 07:00:00,0.4860122976126034
2025-12-08 08:00:00,0.1626649075650747
2025-12-08 09:00:00,0.03247947691115884
2025-12-08 10:00:00,0.16455507240859482
2025-12-08 11:00:00,0.03211960695490769
2025-12-08 12:00:00,0.11487333420329843
2025-12-08 13:00:00,0.12563229263774198
2025-12-08 14:00:00,0.08046997109035012
2025-12-08 15:00:00,0.33939674937775294
2025-12-08 16:00:00,0.599191585206808
2025-12-08 17:00:00,0.6385928484840384
2025-12-08 18:00:00,0.0935834471532659
2025-12-08 19:00:00,0.20153539594153885
2025-12-08 20:00:00,0.06161228959424752
2025-12-08 21:00:00,0.050913218330417835
2025-12-08 22:00:00,0.05865923362756444
2025-12-08 23:00:00,0.39489746334933223
2025-12-09 00:00:00,0.3025265655121937
2025-12-09 01:00:00,0.06891647536754657
2025-12-09 02:00:00,0.31303967185379944
2025-12-09 03:00:00,0.4957102169455313
2025-12-09 04:00:00,0.7268214771699166
2025-12-09 05:00:00,1.0
2025-12-09 06:00:00,1.0
2025-12-09 07:00:00,1.0
2025-12-09 08:00:00,0.5616829075803569
2025-12-09 09:00:00,0.8392326792210002
2025-12-09 10:00:00,0.6294187749582927
2025-12-09 11:00:00,0.5027987294216507
2025-12-09 12:00:00,0.18908153986081308
2025-12-09 13:00:00,0.30369558728836843
2025-12-09 14:00:00,0.3872198946865688
2025-12-09 15:00:00,0.31819914688348416
2025-12-09 16:00:00,0.07744533048483365
2025-12-09 17:00:00,0.27237607850750906
2025-12-09 18:00:00,0.31692888354423976
2025-12-09 19:00:00,0.6411616513476553
2025-12-09 20:00:00,0.09944899770472036
2025-12-09 21:00:00,0.11107861980282525
2025-12-09 22:00:00,0.0472380608922246
2025-12-09 23:00:00,0.057274262203757226
2025-12-10 00:00:00,0.18168208014216466
2025-12-10 01:00:00,0.24797307998161333
2025-12-10 02:00:00,0.2412609375902736
2025-12-10 03:00:00,0.2342599534304818
2025-12-10 04:00:00,0.03809979912715528
2025-12-10 05:00:00,0.00782639139762995
2025-12-10 06:00:00,0.07859566613211197
2025-12-10 07:00:00,0.043323393349635884
2025-12-10 08:00:00,0.1843133191379281
2025-12-10 09:00:00,0.3584725286582693
2025-12-10 10:00:00,0.6070878911525058
2025-12-10 11:00:00,0.6678995132575815
2025-12-10 12:00:00,0.44689559902174103
2025-12-10 13:00:00,0.36651896222434704
2025-12-10 14:00:00,0.531053786204403
2025-12-10 15:00:00,0.06980154172749624
2025-12-10 16:00:00,0.26412437169940034
2025-12-10 17:00:00,0.16107145176769896
2025-12-10 18:00:00,0.14767027195151214
2025-12-10 19:00:00,0.13746269614073908
2025-12-10 20:00:00,0.13380363636469378
2025-12-10 21:00:00,0.023142098420977773
2025-12-10 22:00:00,0.0382384517383867
2025-12-10 23:00:00,0.09790674214696417
2025-12-11 00:00:00,0.0014229987058357663
2025-12-11 01:00:00,0.0
2025-12-11 02:00:00,0.0030979867543463467
2025-12-11 03:00:00,0.029594262957465183
2025-12-11 04:00:00,0.05691356232703398
2025-12-11 05:00:00,0.02219293925823583
2025-12-11 06:00:00,0.0806498812193665
2025-12-11 07:00:00,0.012593863244883053
2025-12-11 08:00:00,0.013728529395318247
2025-12-11 09:00:00,6.99808580577961e-05
2025-12-11 10:00:00,0.0002480317892392634
2025-12-11 11:00:00,0.0
2025-12-11 12:00:00,0.0018890855807875185
2025-12-11 13:00:00,0.014001936584342916
2025-12-11 14:00:00,0.005022547019664809
2025-12-11 15:00:00,0.06340123301099924
2025-12-11 16:00:00,0.014848021875653311
2025-12-11 17:00:00,0.019486122632165873
2025-12-11 18:00:00,0.006728280262591041
2025-12-11 19:00:00,0.04425504696602052
2025-12-11 20:00:00,0.11398684421319745
2025-12-11 21:00:00,0.3701296730704759
2025-12-11 22:00:00,0.3651445833615704
2025-12-11 23:00:00,0.005837198694795712
2025-12-12 00:00:00,0.0028275868797176967
2025-12-12 01:00:00,0.09442290711682165
2025-12-12 02:00:00,0.06747954882106333
2025-12-12 03:00:00,0.0006141215028221911
2025-12-12 04:00:00,0.009169292809501585
2025-12-12 05:00:00,0.037345593121622264
2025-12-12 06:00:00,0.011811300638266645
2025-12-12 07:00:00,0.01007065808700554
2025-12-12 08:00:00,0.0010073020168417253
2025-12-12 09:00:00,0.013117573554704961
2025-12-12 10:00:00,0.021100227065998078
2025-12-12 11:00:00,0.0009658991446003245
2025-12-12 12:00:00,0.002830996289830732
2025-12-12 13:00:00,0.0001506022110006679
2025-12-12 14:00:00,0.04578512455677225
2025-12-12 15:00:00,0.15102978588637292
2025-12-12 16:00:00,0.13426327868378343
2025-12-12 17:00:00,0.1482106055934323
2025-12-12 18:00:00,0.3547033520638676
2025-12-12 19:00:00,0.28863687307803276
2025-12-12 20:00:00,0.4776186724324537
2025-12-12 21:00:00,1.0
2025-12-12 22:00:00,0.6881565192631811
2025-12-12 23:00:00,1.0
2025-12-13 00:00:00,1.0
2025-12-13 01:00:00,1.0
2025-12-13 02:00:00,1.0
2025-12-13 03:00:00,1.0
2025-12-13 04:00:00,1.0
2025-12-13 05:00:00,0.5668187214398254
2025-12-13 06:00:00,0.7106310973835673
2025-12-13 07:00:00,0.3117640776749851
2025-12-13 08:00:00,0.22168675734741664
2025-12-13 09:00:00,0.15918350614813534
2025-12-13 10:00:00,0.02776718119665205
2025-12-13 11:00:00,0.08646371013699057
2025-12-13 12:00:00,0.07005762428707236
2025-12-13 13:00:00,0.2782979406731695
2025-12-13 14:00:00,0.2149283670495134
2025-12-13 15:00:00,0.14235025756576938
2025-12-13 16:00:00,0.0489028298357323
2025-12-13 17:00:00,0.05942734319320339
2025-12-13 18:00:00,0.07060940016778885
2025-12-13 19:00:00,0.1721052320368471
2025-12-13 20:00:00,0.18193820324528026
2025-12-13 21:00:00,0.8073723363550022
2025-12-13 22:00:00,0.9190775607441103
2025-12-13 23:00:00,0.4327645818202709
2025-12-14 00:00:00,0.16489116760711459
2025-12-14 01:00:00,0.2642790859355359
2025-12-14 02:00:00,0.09313962107274039
2025-12-14 03:00:00,0.1820010252457479
2025-12-14 04:00:00,0.37566290936751756
2025-12-14 05:00:00,0.6475222075799927
2025-12-14 06:00:00,0.31515491537263146
2025-12-14 07:00:00,0.5687223749059939
2025-12-14 08:00:00,0.6286356228943044
2025-12-14 09:00:00,0.37126147435196727
2025-12-14 10:00:00,0.3051865730794583
2025-12-14 11:00:00,0.4101845412609093
2025-12-14 12:00:00,0.2214986271824627
2025-12-14 13:00:00,0.27702324250796767
2025-12-14 14:00:00,0.7161868617240643
2025-12-14 15:00:00,1.0
2025-12-14 16:00:00,0.9839989357576088
2025-12-14 17:00:00,0.9721718760245285
2025-12-14 18:00:00,0.6175166593814425
2025-12-14 19:00:00,0.3911570695806039
2025-12-14 20:00:00,0.08688312232158485
2025-12-14 21:00:00,0.12280423347418325
2025-12-14 22:00:00,0.24002789182948447
2025-12-14 23:00:00,0.21738564544857925
2025-12-15 00:00:00,0.08666645348028713
2025-12-15 01:00:00,0.10014821897830722
2025-12-15 02:00:00,0.3550634185015796
2025-12-15 03:00:00,0.6130754281271733
2025-12-15 04:00:00,0.5391065339084169
2025-12-15 05:00:00,1.0
2025-12-15 06:00:00,1.0
2025-12-15 07:00:00,1.0
2025-12-15 08:00:00,1.0
2025-12-15 09:00:00,1.0
2025-12-15 10:00:00,1.0
2025-12-15 11:00:00,1.0
2025-12-15 12:00:00,1.0
2025-12-15 13:00:00,1.0
2025-12-15 14:00:00,0.9022695628828457
2025-12-15 15:00:00,0.48522329398062847
2025-12-15 16:00:00,0.07043252918904712
2025-12-15 17:00:00,0.3241873081556723
2025-12-15 18:00:00,0.5887202588197714
2025-12-15 19:00:00,0.796761225455212
2025-12-15 20:00:00,0.857449725605301
2025-12-15 21:00:00,0.12862592739061804
2025-12-15 22:00:00,0.053527987150587916
2025-12-15 23:00:00,0.04239696419281316
2025-12-16 00:00:00,0.005732240137094076
2025-12-16 01:00:00,0.0
2025-12-16 02:00:00,0.0
2025-12-16 03:00:00,0.0
2025-12-16 04:00:00,0.0
2025-12-16 05:00:00,0.006123955177517491
2025-12-16 06:00:00,0.19718908807866492
2025-12-16 07:00:00,0.34156707444319856
2025-12-16 08:00:00,0.2782422700836003
2025-12-16 09:00:00,0.8812213634617744
2025-12-16 10:00:00,0.261244192389657
2025-12-16 11:00:00,0.0184779843248763
2025-12-16 12:00:00,0.0025488518801978013
2025-12-16 13:00:00,0.03287528041456891
2025-12-16 14:00:00,0.05170512583153858
2025-12-16 15:00:00,0.0070192487706716685
2025-12-16 16:00:00,0.0009719016253073461
2025-12-16 17:00:00,0.0
2025-12-16 18:00:00,0.0
2025-12-16 19:00:00,0.0017100099758081248
2025-12-16 20:00:00,0.0025708514342612982
2025-12-16 21:00:00,0.11697000407316482
2025-12-16 22:00:00,0.03869478838235275
2025-12-16 23:00:00,0.08833681453561022
2025-12-17 00:00:00,0.12222195495709337
2025-12-17 01:00:00,0.2825443990909478
2025-12-17 02:00:00,0.3286067030518858
2025-12-17 03:00:00,0.6123152335236257
2025-12-17 04:00:00,0.769826442187461
2025-12-17 05:00:00,0.32484554187745346
2025-12-17 06:00:00,0.5165413226014416
2025-12-17 07:00:00,0.43665832537995897
2025-12-17 08:00:00,0.21680743092821517
2025-12-17 09:00:00,0.36941685053796836
2025-12-17 10:00:00,0.6420542875893844
2025-12-17 11:00:00,0.41513642968578135
2025-12-17 12:00:00,0.2932316354002425
2025-12-17 13:00:00,0.06812779513628307
2025-12-17 14:00:00,0.0011431249805765563
2025-12-17 15:00:00,0.0011955666134818583
2025-12-17 16:00:00,0.02429902766734004
2025-12-17 17:00:00,0.009861958763628517
2025-12-17 18:00:00,0.12428193009965298
2025-12-17 19:00:00,0.10232099125483937
2025-12-17 20:00:00,0.08533021602394276
2025-12-17 21:00:00,0.06401040653312016
2025-12-17 22:00:00,0.20278721529715404
2025-12-17 23:00:00,0.07128564549691652
2025-12-18 00:00:00,0.06689947857640176
2025-12-18 01:00:00,0.03390988417512806
2025-12-18 02:00:00,0.015091881751306348
2025-12-18 03:00:00,0.022758675377397158
2025-12-18 04:00:00,0.024353851857163187
2025-12-18 05:00:00,0.12574629959080724
2025-12-18 06:00:00,0.12785418348674332
2025-12-18 07:00:00,0.22253418958839558
2025-12-18 08:00:00,0.2507833633207373
2025-12-18 09:00:00,0.6578746194271784
2025-12-18 10:00:00,0.4823391351863827
2025-12-18 11:00:00,0.354605216386206
2025-12-18 12:00:00,0.5576593377361534
2025-12-18 13:00:00,0.40504157419455133
2025-12-18 14:00:00,0.528521102186738
2025-12-18 15:00:00,1.0
2025-12-18 16:00:00,0.8772129252320958
2025-12-18 17:00:00,1.0
2025-12-18 18:00:00,1.0
2025-12-18 19:00:00,1.0
2025-12-18 20:00:00,1.0
2025-12-18 21:00:00,1.0
2025-12-18 22:00:00,1.0
2025-12-18 23:00:00,1.0
2025-12-19 00:00:00,0.7673393363526556
2025-12-19 01:00:00,0.6813291942462086
2025-12-19 02:00:00,0.5400962771958847
2025-12-19 03:00:00,0.5544156023162935
2025-12-19 04:00:00,0.162210242465542
2025-12-19 05:00:00,0.16610572100745943
2025-12-19 06:00:00,0.46073560530215035
2025-12-19 07:00:00,0.7699266038621337
2025-12-19 08:00:00,0.69037159380964
2025-12-19 09:00:00,1.0
2025-12-19 10:00:00,1.0
2025-12-19 11:00:00,1.0
2025-12-19 12:00:00,0.4151090724619706
2025-12-19 13:00:00,0.28106125793478715
2025-12-19 14:00:00,0.8841920013111525
2025-12-19 15:00:00,0.6233184396860909
2025-12-19 16:00:00,0.17016193190989323
2025-12-19 17:00:00,0.35404369716737305
2025-12-19 18:00:00,0.4393671184342838
2025-12-19 19:00:00,0.6945975610362165
2025-12-19 20:00:00,0.5110830306181147
2025-12-19 21:00:00,0.2125335564537265
2025-12-19 22:00:00,0.1752169718474116
2025-12-19 23:00:00,0.2827831593669809
2025-12-20 00:00:00,0.25462243112765964
2025-12-20 01:00:00,0.3341234703003731
2025-12-20 02:00:00,0.1998760648505709
2025-12-20 03:00:00,0.2826161422863899
2025-12-20 04:00:00,0.2683982229665544
2025-12-20 05:00:00,0.13332009404597397
2025-12-20 06:00:00,0.15698010757997735
2025-12-20 07:00:00,0.10527267525805659
2025-12-20 08:00:00,0.20423978439471033
2025-12-20 09:00:00,0.4038614167130398
2025-12-20 10:00:00,0.5290462289271307
2025-12-20 11:00:00,0.12065770937835454
2025-12-20 12:00:00,0.03571538096225041
2025-12-20 13:00:00,0.013641073994361989
2025-12-20 14:00:00,0.002165887434289081
2025-12-20 15:00:00,0.00043114523675142653
2025-12-20 16:00:00,0.023477919488953492
2025-12-20 17:00:00,0.08290834674908888
2025-12-20 18:00:00,0.05170985427341786
2025-12-20 19:00:00,0.12111633393800787
2025-12-20 20:00:00,0.17404286987172818
2025-12-20 21:00:00,0.16787685648097408
2025-12-20 22:00:00,0.42902382109270715
2025-12-20 23:00:00,0.2348561342149091
2025-12-21 00:00:00,0.23887861308036773
2025-12-21 01:00:00,0.07825189075841295
2025-12-21 02:00:00,0.018133609486634034
2025-12-21 03:00:00,0.00013238277450077122
2025-12-21 04:00:00,0.0
2025-12-21 05:00:00,5.1717937923336153e-08
2025-12-21 06:00:00,1.2004168231068792e-07
2025-12-21 07:00:00,1.6364459820759126e-06
2025-12-21 08:00:00,2.0837357424051476e-06
2025-12-21 09:00:00,0.05482652229550731
2025-12-21 10:00:00,0.007523010939668876
2025-12-21 11:00:00,1.516433074481582e-06
2025-12-21 12:00:00,0.0
2025-12-21 13:00:00,0.0
2025-12-21 14:00:00,0.0015634416247197027
2025-12-21 15:00:00,0.019431782250236247
2025-12-21 16:00:00,0.09988737601297047
2025-12-21 17:00:00,0.09326843749323589
2025-12-21 18:00:00,0.06076518762630228
2025-12-21 19:00:00,0.3394979851490085
2025-12-21 20:00:00,0.006941156696986403
2025-12-21 21:00:00,0.01345082919155851
2025-12-21 22:00:00,0.041097395610387305
2025-12-21 23:00:00,0.3383571394134866
2025-12-22 00:00:00,0.059018164750742966
2025-12-22 01:00:00,0.03633112659401148
2025-12-22 02:00:00,0.0014434780193657221
2025-12-22 03:00:00,0.0
2025-12-22 04:00:00,0.0
2025-12-22 05:00:00,0.0007027573377719764
2025-12-22 06:00:00,0.04233074246002485
2025-12-22 07:00:00,0.020726394731974195
2025-12-22 08:00:00,0.07423376135752253
2025-12-22 09:00:00,0.06323303724674476
2025-12-22 10:00:00,0.13434194982651032
2025-12-22 11:00:00,0.37375835610387087
2025-12-22 12:00:00,0.299499384151604
2025-12-22 13:00:00,0.6094299385587966
2025-12-22 14:00:00,0.21986689587314956
2025-12-22 15:00:00,0.3647388951383447
2025-12-22 16:00:00,0.6839160563046667
2025-12-22 17:00:00,1.0
2025-12-22 18:00:00,0.4335516382886221
2025-12-22 19:00:00,0.3428342412695958
2025-12-22 20:00:00,0.40274937880967243
2025-12-22 21:00:00,0.508472304436116
2025-12-22 22:00:00,0.5005161494934958
2025-12-22 23:00:00,1.0
2025-12-23 00:00:00,0.4171173844542297
2025-12-23 01:00:00,0.32158391527558716
2025-12-23 02:00:00,0.05186874126678592
2025-12-23 03:00:00,0.12564972016010736
2025-12-23 04:00:00,0.22056893829330348
2025-12-23 05:00:00,1.0
2025-12-23 06:00:00,1.0
2025-12-23 07:00:00,1.0
2025-12-23 08:00:00,1.0
2025-12-23 09:00:00,1.0
2025-12-23 10:00:00,1.0
2025-12-23 11:00:00,1.0
2025-12-23 12:00:00,0.3327277003939054
2025-12-23 13:00:00,0.3635750999351689
2025-12-23 14:00:00,0.3662148113207089
2025-12-23 15:00:00,1.0
2025-12-23 16:00:00,0.8322806067639288
2025-12-23 17:00:00,0.4498398659118727
2025-12-23 18:00:00,0.49746693932616126
2025-12-23 19:00:00,0.47728874369484303
2025-12-23 20:00:00,0.3977597680369566
2025-12-23 21:00:00,0.1180858594974428
2025-12-23 22:00:00,0.10324436007547713
2025-12-23 23:00:00,0.052673548830698594
2025-12-24 00:00:00,0.044675557483664995
2025-12-24 01:00:00,0.1283269795980575
2025-12-24 02:00:00,0.059179480218121874
2025-12-24 03:00:00,0.0493495971854826
2025-12-24 04:00:00,0.11150972081478357
2025-12-24 05:00:00,0.08560777408507203
2025-12-24 06:00:00,0.764505836022801
2025-12-24 07:00:00,0.7846316396729538
2025-12-24 08:00:00,0.29444792988940516
2025-12-24 09:00:00,0.12900190139130027
2025-12-24 10:00:00,0.04051141026513168
2025-12-24 11:00:00,0.010383393165337707
2025-12-24 12:00:00,0.041710485209115175
2025-12-24 13:00:00,0.0050260069621211574
2025-12-24 14:00:00,0.0034256879358287307
2025-12-24 15:00:00,0.06092682809085482
2025-12-24 16:00:00,0.031947160331763785
2025-12-24 17:00:00,0.09725383612751438
2025-12-24 18:00:00,0.004990199215756644
2025-12-24 19:00:00,0.00294853627922673
2025-12-24 20:00:00,2.0389768637826243e-05
2025-12-24 21:00:00,0.0023527392806837197
2025-12-24 22:00:00,0.0
2025-12-24 23:00:00,0.07123039687385992
2025-12-25 00:00:00,0.0026389231886689126
2025-12-25 01:00:00,0.055390672070764306
2025-12-25 02:00:00,0.17023481431972376
2025-12-25 03:00:00,0.22599916153542832
2025-12-25 04:00:00,0.23059420977118167
2025-12-25 05:00:00,0.820785432719967
2025-12-25 06:00:00,1.0
2025-12-25 07:00:00,1.0
2025-12-25 08:00:00,1.0
2025-12-25 09:00:00,1.0
2025-12-25 10:00:00,0.4519276829618412
2025-12-25 11:00:00,0.568005601567733
2025-12-25 12:00:00,0.6033188639001783
2025-12-25 13:00:00,0.14906345209920224
2025-12-25 14:00:00,0.2308451592034723
2025-12-25 15:00:00,0.284472990346515
2025-12-25 16:00:00,0.1580056832828195
2025-12-25 17:00:00,0.0760554730162532
2025-12-25 18:00:00,0.1340953341472233
2025-12-25 19:00:00,0.5146959566994639
2025-12-25 20:00:00,0.6082618724522885
2025-12-25 21:00:00,0.874703905445864
2025-12-25 22:00:00,0.45380516684909855
2025-12-25 23:00:00,0.30548763230593484
2025-12-26 00:00:00,0.4569095129624768
2025-12-26 01:00:00,0.1306974824828488
2025-12-26 02:00:00,0.16541897413754666
2025-12-26 03:00:00,0.2585586195755264
2025-12-26 04:00:00,0.24058132022547335
2025-12-26 05:00:00,0.3032942483368629
2025-12-26 06:00:00,0.3012717304564573
2025-12-26 07:00:00,0.16485539298342775
2025-12-26 08:00:00,0.03922697301756184
2025-12-26 09:00:00,0.041132957980046694
2025-12-26 10:00:00,0.21350038085615688
2025-12-26 11:00:00,0.46581430639194354
2025-12-26 12:00:00,0.3310693877327134
2025-12-26 13:00:00,0.23039705521683382
2025-12-26 14:00:00,0.14812770262579603
2025-12-26 15:00:00,0.09332344607567197
2025-12-26 16:00:00,0.1363831186856975
2025-12-26 17:00:00,0.3525168330547012
2025-12-26 18:00:00,1.0
2025-12-26 19:00:00,0.7090546899137279
2025-12-26 20:00:00,0.9227820717467832
2025-12-26 21:00:00,1.0
2025-12-26 22:00:00,0.7838070264160393
2025-12-26 23:00:00,0.34757741786002994
2025-12-27 00:00:00,0.4017815455981145
2025-12-27 01:00:00,1.0
2025-12-27 02:00:00,1.0
2025-12-27 03:00:00,0.7205847966681386
2025-12-27 04:00:00,0.5809813208741463
2025-12-27 05:00:00,0.2202625820732888
2025-12-27 06:00:00,0.2185044840728871
2025-12-27 07:00:00,0.3716646394686499
2025-12-27 08:00:00,0.19464137852893604
2025-12-27 09:00:00,0.0
2025-12-27 10:00:00,0.001109281917367771
2025-12-27 11:00:00,0.00021124705854198646
2025-12-27 12:00:00,0.0
2025-12-27 13:00:00,0.0
2025-12-27 14:00:00,4.468281032649572e-05
2025-12-27 15:00:00,3.3507636581497875e-06
2025-12-27 16:00:00,0.012854954968477633
2025-12-27 17:00:00,0.08261277639000818
2025-12-27 18:00:00,0.06370727629023856
2025-12-27 19:00:00,0.033513969815432296
2025-12-27 20:00:00,0.049978109752565704
2025-12-27 21:00:00,0.047115387685114564
2025-12-27 22:00:00,0.0003315910069027354
2025-12-27 23:00:00,0.09596526898906796
2025-12-28 00:00:00,0.21075107474467816
2025-12-28 01:00:00,0.13167660845912132
2025-12-28 02:00:00,0.005154290145726104
2025-12-28 03:00:00,0.00572991702241121
2025-12-28 04:00:00,0.0014077736954464244
2025-12-28 05:00:00,0.0030901236597327326
2025-12-28 06:00:00,0.0
2025-12-28 07:00:00,0.0
2025-12-28 08:00:00,0.0
2025-12-28 09:00:00,0.0
2025-12-28 10:00:00,0.0
2025-12-28 11:00:00,0.0
2025-12-28 12:00:00,0.021339196989590876
2025-12-28 13:00:00,0.009749653709704232
2025-12-28 14:00:00,0.0006324973945507862
2025-12-28 15:00:00,0.0
2025-12-28 16:00:00,0.0
2025-12-28 17:00:00,0.0
2025-12-28 18:00:00,0.0
2025-12-28 19:00:00,0.0
2025-12-28 20:00:00,0.005202494396198744
2025-12-28 21:00:00,0.10520199811666826
2025-12-28 22:00:00,0.03484789135274056
2025-12-28 23:00:00,0.02383107589372181
2025-12-29 00:00:00,0.16809349386192401
2025-12-29 01:00:00,0.20120407405160162
2025-12-29 02:00:00,0.3085970001621244
2025-12-29 03:00:00,0.6088713877990114
2025-12-29 04:00:00,0.9351962672706278
2025-12-29 05:00:00,1.0
2025-12-29 06:00:00,1.0
2025-12-29 07:00:00,1.0
2025-12-29 08:00:00,1.0
2025-12-29 09:00:00,1.0
2025-12-29 10:00:00,1.0
2025-12-29 11:00:00,1.0
2025-12-29 12:00:00,0.3016456799955969
2025-12-29 13:00:00,0.4667711936090507
2025-12-29 14:00:00,0.1874220504220882
2025-12-29 15:00:00,0.051294469844776
2025-12-29 16:00:00,0.2326560362642338
2025-12-29 17:00:00,0.4764729084386518
2025-12-29 18:00:00,0.33952965333568674
2025-12-29 19:00:00,0.0028454689756681677
2025-12-29 20:00:00,0.021487548132640352
2025-12-29 21:00:00,0.07605403929224416
2025-12-29 22:00:00,0.1479256735996669
2025-12-29 23:00:00,0.23301742204574705
2025-12-30 00:00:00,0.1928469747447801
2025-12-30 01:00:00,0.12694212020993134
2025-12-30 02:00:00,0.030104237588056238
2025-12-30 03:00:00,0.009461224850208687
2025-12-30 04:00:00,0.02788733300738971
2025-12-30 05:00:00,0.05875114164139394
2025-12-30 06:00:00,0.16290013396645348
2025-12-30 07:00:00,0.02615652992770867
2025-12-30 08:00:00,2.0733873022024626e-05
2025-12-30 09:00:00,2.099745208061583e-06
2025-12-30 10:00:00,0.0
2025-12-30 11:00:00,0.0
2025-12-30 12:00:00,0.0
2025-12-30 13:00:00,0.0008453604502051286
2025-12-30 14:00:00,0.0
2025-12-30 15:00:00,0.03731813068087204
2025-12-30 16:00:00,0.0909787317098865
2025-12-30 17:00:00,0.02026008141489522
2025-12-30 18:00:00,0.3060563077806171
2025-12-30 19:00:00,0.35706684337163747
2025-12-30 20:00:00,0.3790938259560784
2025-12-30 21:00:00,0.3363237080189731
2025-12-30 22:00:00,0.4470091473855691
2025-12-30 23:00:00,0.5871086982375172
2025-12-31 00:00:00,0.2821707643527199
2025-12-31 01:00:00,0.2247525502634831
2025-12-31 02:00:00,0.2424218829802467
2025-12-31 03:00:00,0.3743318503525554
2025-12-31 04:00:00,0.5337370056811226
2025-12-31 05:00:00,0.5415029783522656
2025-12-31 06:00:00,0.3303341016991896
2025-12-31 07:00:00,0.1858951808689885
2025-12-31 08:00:00,0.04555648732717339
2025-12-31 09:00:00,0.11247593236067122
2025-12-31 10:00:00,0.05506656541093532
2025-12-31 11:00:00,0.04821807628655133
2025-12-31 12:00:00,0.0771164635146549
2025-12-31 13:00:00,0.08489792453807178
2025-12-31 14:00:00,0.09129586162472336
2025-12-31 15:00:00,0.026943260916880388
2025-12-31 16:00:00,0.05207213057827457
2025-12-31 17:00:00,0.037962193976702606
2025-12-31 18:00:00,0.040287465471714516
2025-12-31 19:00:00,0.18568813428501466
2025-12-31 20:00:00,0.28643362483852003
2025-12-31 21:00:00,0.16395701068678217
2025-12-31 22:00:00,0.14206567596014777
2025-12-31 23:00:00,0.5318746706919181
